Analysis & Synthesis report for Problema1
Wed Sep  2 00:12:09 2026
Quartus Prime Version 25.1std.0 Build 1129 10/21/2025 SC Standard Edition


---------------------
; Table of Contents ;
---------------------
  1. Legal Notice
  2. Analysis & Synthesis Summary
  3. Analysis & Synthesis Settings
  4. Parallel Compilation
  5. Analysis & Synthesis Source Files Read
  6. Analysis & Synthesis Resource Usage Summary
  7. Analysis & Synthesis Resource Utilization by Entity
  8. Analysis & Synthesis RAM Summary
  9. Analysis & Synthesis DSP Block Usage Summary
 10. Analysis & Synthesis IP Cores Summary
 11. State Machine - |DE1_SOC_golden_top|top_coprocessador:meu_nucleo_grafico|vga_driver:u_driver|v_state
 12. State Machine - |DE1_SOC_golden_top|top_coprocessador:meu_nucleo_grafico|vga_driver:u_driver|h_state
 13. Registers Removed During Synthesis
 14. Removed Registers Triggering Further Register Optimizations
 15. General Register Statistics
 16. Inverted Register Statistics
 17. Multiplexer Restructuring Statistics (Restructuring Performed)
 18. Source assignments for top_coprocessador:meu_nucleo_grafico|ram_tile:u_bkg_tiles_rom|altsyncram:altsyncram_component|altsyncram_gu22:auto_generated
 19. Source assignments for top_coprocessador:meu_nucleo_grafico|rom_memoria2:u_sprites_rom|altsyncram:altsyncram_component|altsyncram_vga2:auto_generated
 20. Source assignments for top_coprocessador:meu_nucleo_grafico|paleta_rom:u_paleta|altsyncram:altsyncram_component|altsyncram_a6g1:auto_generated
 21. Source assignments for top_coprocessador:meu_nucleo_grafico|background_renderer:u_bkg_renderer|ram_tilemap_2port:tilemap_inst|altsyncram:altsyncram_component|altsyncram_ug02:auto_generated
 22. Parameter Settings for User Entity Instance: top_coprocessador:meu_nucleo_grafico|ram_tile:u_bkg_tiles_rom|altsyncram:altsyncram_component
 23. Parameter Settings for User Entity Instance: top_coprocessador:meu_nucleo_grafico|rom_memoria2:u_sprites_rom|altsyncram:altsyncram_component
 24. Parameter Settings for User Entity Instance: top_coprocessador:meu_nucleo_grafico|paleta_rom:u_paleta|altsyncram:altsyncram_component
 25. Parameter Settings for User Entity Instance: top_coprocessador:meu_nucleo_grafico|unidade_de_controle:u_controle
 26. Parameter Settings for User Entity Instance: top_coprocessador:meu_nucleo_grafico|vga_driver:u_driver
 27. Parameter Settings for User Entity Instance: top_coprocessador:meu_nucleo_grafico|background_renderer:u_bkg_renderer|ram_tilemap_2port:tilemap_inst|altsyncram:altsyncram_component
 28. altsyncram Parameter Settings by Entity Instance
 29. Port Connectivity Checks: "top_coprocessador:meu_nucleo_grafico|rasterizador_poligonos:u_poly_raster"
 30. Port Connectivity Checks: "top_coprocessador:meu_nucleo_grafico|background_renderer:u_bkg_renderer|ram_tilemap_2port:tilemap_inst"
 31. Port Connectivity Checks: "top_coprocessador:meu_nucleo_grafico|vga_driver:u_driver"
 32. Port Connectivity Checks: "top_coprocessador:meu_nucleo_grafico|unidade_de_controle:u_controle"
 33. Port Connectivity Checks: "top_coprocessador:meu_nucleo_grafico|rom_memoria2:u_sprites_rom"
 34. Port Connectivity Checks: "top_coprocessador:meu_nucleo_grafico|ram_tile:u_bkg_tiles_rom"
 35. Post-Synthesis Netlist Statistics for Top Partition
 36. Elapsed Time Per Partition
 37. Analysis & Synthesis Messages



----------------
; Legal Notice ;
----------------
Copyright (C) 2025  Altera Corporation. All rights reserved.
Your use of Altera Corporation's design tools, logic functions 
and other software and tools, and any partner logic 
functions, and any output files from any of the foregoing 
(including device programming or simulation files), and any 
associated documentation or information are expressly subject 
to the terms and conditions of the Altera Program License 
Subscription Agreement, the Altera Quartus Prime License Agreement,
the Altera IP License Agreement, or other applicable license
agreement, including, without limitation, that your use is for
the sole purpose of programming logic devices manufactured by
Altera and sold by Altera or its authorized distributors.  Please
refer to the Altera Software License Subscription Agreements 
on the Quartus Prime software download page.



+---------------------------------------------------------------------------------------+
; Analysis & Synthesis Summary                                                          ;
+---------------------------------+-----------------------------------------------------+
; Analysis & Synthesis Status     ; Successful - Wed Sep  2 00:12:08 2026               ;
; Quartus Prime Version           ; 25.1std.0 Build 1129 10/21/2025 SC Standard Edition ;
; Revision Name                   ; Problema1                                           ;
; Top-level Entity Name           ; DE1_SOC_golden_top                                  ;
; Family                          ; Cyclone V                                           ;
; Logic utilization (in ALMs)     ; N/A                                                 ;
; Total registers                 ; 163                                                 ;
; Total pins                      ; 241                                                 ;
; Total virtual pins              ; 0                                                   ;
; Total block memory bits         ; 186,368                                             ;
; Total DSP Blocks                ; 6                                                   ;
; Total HSSI RX PCSs              ; 0                                                   ;
; Total HSSI PMA RX Deserializers ; 0                                                   ;
; Total HSSI TX PCSs              ; 0                                                   ;
; Total HSSI PMA TX Serializers   ; 0                                                   ;
; Total PLLs                      ; 0                                                   ;
; Total DLLs                      ; 0                                                   ;
+---------------------------------+-----------------------------------------------------+


+---------------------------------------------------------------------------------------------------------------------------+
; Analysis & Synthesis Settings                                                                                             ;
+---------------------------------------------------------------------------------+--------------------+--------------------+
; Option                                                                          ; Setting            ; Default Value      ;
+---------------------------------------------------------------------------------+--------------------+--------------------+
; Device                                                                          ; 5CSEMA5F31C6       ;                    ;
; Top-level entity name                                                           ; DE1_SOC_golden_top ; Problema1          ;
; Family name                                                                     ; Cyclone V          ; Cyclone V          ;
; Use smart compilation                                                           ; Off                ; Off                ;
; Enable parallel Assembler and Timing Analyzer during compilation                ; On                 ; On                 ;
; Enable compact report table                                                     ; Off                ; Off                ;
; Restructure Multiplexers                                                        ; Auto               ; Auto               ;
; MLAB Add Timing Constraints For Mixed-Port Feed-Through Mode Setting Don't Care ; Off                ; Off                ;
; Create Debugging Nodes for IP Cores                                             ; Off                ; Off                ;
; Preserve fewer node names                                                       ; On                 ; On                 ;
; Intel FPGA IP Evaluation Mode                                                   ; Enable             ; Enable             ;
; Verilog Version                                                                 ; Verilog_2001       ; Verilog_2001       ;
; VHDL Version                                                                    ; VHDL_1993          ; VHDL_1993          ;
; State Machine Processing                                                        ; Auto               ; Auto               ;
; Safe State Machine                                                              ; Off                ; Off                ;
; Extract Verilog State Machines                                                  ; On                 ; On                 ;
; Extract VHDL State Machines                                                     ; On                 ; On                 ;
; Ignore Verilog initial constructs                                               ; Off                ; Off                ;
; Iteration limit for constant Verilog loops                                      ; 5000               ; 5000               ;
; Iteration limit for non-constant Verilog loops                                  ; 250                ; 250                ;
; Add Pass-Through Logic to Inferred RAMs                                         ; On                 ; On                 ;
; Infer RAMs from Raw Logic                                                       ; On                 ; On                 ;
; Parallel Synthesis                                                              ; On                 ; On                 ;
; DSP Block Balancing                                                             ; Auto               ; Auto               ;
; NOT Gate Push-Back                                                              ; On                 ; On                 ;
; Power-Up Don't Care                                                             ; On                 ; On                 ;
; Remove Redundant Logic Cells                                                    ; Off                ; Off                ;
; Remove Duplicate Registers                                                      ; On                 ; On                 ;
; Ignore CARRY Buffers                                                            ; Off                ; Off                ;
; Ignore CASCADE Buffers                                                          ; Off                ; Off                ;
; Ignore GLOBAL Buffers                                                           ; Off                ; Off                ;
; Ignore ROW GLOBAL Buffers                                                       ; Off                ; Off                ;
; Ignore LCELL Buffers                                                            ; Off                ; Off                ;
; Ignore SOFT Buffers                                                             ; On                 ; On                 ;
; Limit AHDL Integers to 32 Bits                                                  ; Off                ; Off                ;
; Optimization Technique                                                          ; Balanced           ; Balanced           ;
; Carry Chain Length                                                              ; 70                 ; 70                 ;
; Auto Carry Chains                                                               ; On                 ; On                 ;
; Auto Open-Drain Pins                                                            ; On                 ; On                 ;
; Perform WYSIWYG Primitive Resynthesis                                           ; Off                ; Off                ;
; Auto ROM Replacement                                                            ; On                 ; On                 ;
; Auto RAM Replacement                                                            ; On                 ; On                 ;
; Auto DSP Block Replacement                                                      ; On                 ; On                 ;
; Auto Shift Register Replacement                                                 ; Auto               ; Auto               ;
; Allow Shift Register Merging across Hierarchies                                 ; Auto               ; Auto               ;
; Auto Clock Enable Replacement                                                   ; On                 ; On                 ;
; Strict RAM Replacement                                                          ; Off                ; Off                ;
; Allow Synchronous Control Signals                                               ; On                 ; On                 ;
; Force Use of Synchronous Clear Signals                                          ; Off                ; Off                ;
; Auto Resource Sharing                                                           ; Off                ; Off                ;
; Allow Any RAM Size For Recognition                                              ; Off                ; Off                ;
; Allow Any ROM Size For Recognition                                              ; Off                ; Off                ;
; Allow Any Shift Register Size For Recognition                                   ; Off                ; Off                ;
; Use LogicLock Constraints during Resource Balancing                             ; On                 ; On                 ;
; Ignore translate_off and synthesis_off directives                               ; Off                ; Off                ;
; Timing-Driven Synthesis                                                         ; On                 ; On                 ;
; Report Parameter Settings                                                       ; On                 ; On                 ;
; Report Source Assignments                                                       ; On                 ; On                 ;
; Report Connectivity Checks                                                      ; On                 ; On                 ;
; Ignore Maximum Fan-Out Assignments                                              ; Off                ; Off                ;
; Synchronization Register Chain Length                                           ; 3                  ; 3                  ;
; Power Optimization During Synthesis                                             ; Normal compilation ; Normal compilation ;
; HDL message level                                                               ; Level2             ; Level2             ;
; Suppress Register Optimization Related Messages                                 ; Off                ; Off                ;
; Number of Removed Registers Reported in Synthesis Report                        ; 5000               ; 5000               ;
; Number of Swept Nodes Reported in Synthesis Report                              ; 5000               ; 5000               ;
; Number of Inverted Registers Reported in Synthesis Report                       ; 100                ; 100                ;
; Clock MUX Protection                                                            ; On                 ; On                 ;
; Auto Gated Clock Conversion                                                     ; Off                ; Off                ;
; Block Design Naming                                                             ; Auto               ; Auto               ;
; SDC constraint protection                                                       ; Off                ; Off                ;
; Synthesis Effort                                                                ; Auto               ; Auto               ;
; Shift Register Replacement - Allow Asynchronous Clear Signal                    ; On                 ; On                 ;
; Pre-Mapping Resynthesis Optimization                                            ; Off                ; Off                ;
; Analysis & Synthesis Message Level                                              ; Medium             ; Medium             ;
; Disable Register Merging Across Hierarchies                                     ; Auto               ; Auto               ;
; Resource Aware Inference For Block RAM                                          ; On                 ; On                 ;
; Automatic Parallel Synthesis                                                    ; On                 ; On                 ;
; Partial Reconfiguration Bitstream ID                                            ; Off                ; Off                ;
+---------------------------------------------------------------------------------+--------------------+--------------------+


+------------------------------------------+
; Parallel Compilation                     ;
+----------------------------+-------------+
; Processors                 ; Number      ;
+----------------------------+-------------+
; Number detected on machine ; 8           ;
; Maximum allowed            ; 4           ;
;                            ;             ;
; Average used               ; 1.00        ;
; Maximum used               ; 4           ;
;                            ;             ;
; Usage by Processor         ; % Time Used ;
;     Processor 1            ; 100.0%      ;
;     Processor 2            ;   0.0%      ;
;     Processor 3            ;   0.0%      ;
;     Processor 4            ;   0.0%      ;
+----------------------------+-------------+


+-------------------------------------------------------------------------------------------------------------------------------------------------------------------------------------------------------------------------------------------------------------------------------+
; Analysis & Synthesis Source Files Read                                                                                                                                                                                                                                        ;
+----------------------------------+-----------------+----------------------------------------+-----------------------------------------------------------------------------------------------------------------------------------------------------------------------+---------+
; File Name with User-Entered Path ; Used in Netlist ; File Type                              ; File Name with Absolute Path                                                                                                                                          ; Library ;
+----------------------------------+-----------------+----------------------------------------+-----------------------------------------------------------------------------------------------------------------------------------------------------------------------+---------+
; DE1_SOC_golden_top.v             ; yes             ; User Verilog HDL File                  ; C:/Users/kmbma/Documents/Arquitetura e MI/Final/Coprocessador_V5 Caio Menos Bugs/Coprocessador_V5/Coprocessador_V3 (SE DEUS QUISER A ULTIMA)/DE1_SOC_golden_top.v     ;         ;
; vga_driver.v                     ; yes             ; User Verilog HDL File                  ; C:/Users/kmbma/Documents/Arquitetura e MI/Final/Coprocessador_V5 Caio Menos Bugs/Coprocessador_V5/Coprocessador_V3 (SE DEUS QUISER A ULTIMA)/vga_driver.v             ;         ;
; rasterizador_poligonos.v         ; yes             ; User Verilog HDL File                  ; C:/Users/kmbma/Documents/Arquitetura e MI/Final/Coprocessador_V5 Caio Menos Bugs/Coprocessador_V5/Coprocessador_V3 (SE DEUS QUISER A ULTIMA)/rasterizador_poligonos.v ;         ;
; background_renderer.v            ; yes             ; User Verilog HDL File                  ; C:/Users/kmbma/Documents/Arquitetura e MI/Final/Coprocessador_V5 Caio Menos Bugs/Coprocessador_V5/Coprocessador_V3 (SE DEUS QUISER A ULTIMA)/background_renderer.v    ;         ;
; motor_sprite.v                   ; yes             ; User Verilog HDL File                  ; C:/Users/kmbma/Documents/Arquitetura e MI/Final/Coprocessador_V5 Caio Menos Bugs/Coprocessador_V5/Coprocessador_V3 (SE DEUS QUISER A ULTIMA)/motor_sprite.v           ;         ;
; top_coprocessador.v              ; yes             ; User Verilog HDL File                  ; C:/Users/kmbma/Documents/Arquitetura e MI/Final/Coprocessador_V5 Caio Menos Bugs/Coprocessador_V5/Coprocessador_V3 (SE DEUS QUISER A ULTIMA)/top_coprocessador.v      ;         ;
; rom_memoria2.v                   ; yes             ; User Wizard-Generated File             ; C:/Users/kmbma/Documents/Arquitetura e MI/Final/Coprocessador_V5 Caio Menos Bugs/Coprocessador_V5/Coprocessador_V3 (SE DEUS QUISER A ULTIMA)/rom_memoria2.v           ;         ;
; unidade_de_controle.v            ; yes             ; User Verilog HDL File                  ; C:/Users/kmbma/Documents/Arquitetura e MI/Final/Coprocessador_V5 Caio Menos Bugs/Coprocessador_V5/Coprocessador_V3 (SE DEUS QUISER A ULTIMA)/unidade_de_controle.v    ;         ;
; ram_tilemap_2port.v              ; yes             ; User Wizard-Generated File             ; C:/Users/kmbma/Documents/Arquitetura e MI/Final/Coprocessador_V5 Caio Menos Bugs/Coprocessador_V5/Coprocessador_V3 (SE DEUS QUISER A ULTIMA)/ram_tilemap_2port.v      ;         ;
; ram_tile.v                       ; yes             ; User Wizard-Generated File             ; C:/Users/kmbma/Documents/Arquitetura e MI/Final/Coprocessador_V5 Caio Menos Bugs/Coprocessador_V5/Coprocessador_V3 (SE DEUS QUISER A ULTIMA)/ram_tile.v               ;         ;
; paleta_rom.v                     ; yes             ; User Wizard-Generated File             ; C:/Users/kmbma/Documents/Arquitetura e MI/Final/Coprocessador_V5 Caio Menos Bugs/Coprocessador_V5/Coprocessador_V3 (SE DEUS QUISER A ULTIMA)/paleta_rom.v             ;         ;
; altsyncram.tdf                   ; yes             ; Megafunction                           ; c:/altera_standard/25.1std/quartus/libraries/megafunctions/altsyncram.tdf                                                                                             ;         ;
; stratix_ram_block.inc            ; yes             ; Megafunction                           ; c:/altera_standard/25.1std/quartus/libraries/megafunctions/stratix_ram_block.inc                                                                                      ;         ;
; lpm_mux.inc                      ; yes             ; Megafunction                           ; c:/altera_standard/25.1std/quartus/libraries/megafunctions/lpm_mux.inc                                                                                                ;         ;
; lpm_decode.inc                   ; yes             ; Megafunction                           ; c:/altera_standard/25.1std/quartus/libraries/megafunctions/lpm_decode.inc                                                                                             ;         ;
; aglobal251.inc                   ; yes             ; Megafunction                           ; c:/altera_standard/25.1std/quartus/libraries/megafunctions/aglobal251.inc                                                                                             ;         ;
; a_rdenreg.inc                    ; yes             ; Megafunction                           ; c:/altera_standard/25.1std/quartus/libraries/megafunctions/a_rdenreg.inc                                                                                              ;         ;
; altrom.inc                       ; yes             ; Megafunction                           ; c:/altera_standard/25.1std/quartus/libraries/megafunctions/altrom.inc                                                                                                 ;         ;
; altram.inc                       ; yes             ; Megafunction                           ; c:/altera_standard/25.1std/quartus/libraries/megafunctions/altram.inc                                                                                                 ;         ;
; altdpram.inc                     ; yes             ; Megafunction                           ; c:/altera_standard/25.1std/quartus/libraries/megafunctions/altdpram.inc                                                                                               ;         ;
; db/altsyncram_gu22.tdf           ; yes             ; Auto-Generated Megafunction            ; C:/Users/kmbma/Documents/Arquitetura e MI/Final/Coprocessador_V5 Caio Menos Bugs/Coprocessador_V5/Coprocessador_V3 (SE DEUS QUISER A ULTIMA)/db/altsyncram_gu22.tdf   ;         ;
; tile_back.mif                    ; yes             ; Auto-Found Memory Initialization File  ; C:/Users/kmbma/Documents/Arquitetura e MI/Final/Coprocessador_V5 Caio Menos Bugs/Coprocessador_V5/Coprocessador_V3 (SE DEUS QUISER A ULTIMA)/tile_back.mif            ;         ;
; db/decode_5la.tdf                ; yes             ; Auto-Generated Megafunction            ; C:/Users/kmbma/Documents/Arquitetura e MI/Final/Coprocessador_V5 Caio Menos Bugs/Coprocessador_V5/Coprocessador_V3 (SE DEUS QUISER A ULTIMA)/db/decode_5la.tdf        ;         ;
; db/decode_u0a.tdf                ; yes             ; Auto-Generated Megafunction            ; C:/Users/kmbma/Documents/Arquitetura e MI/Final/Coprocessador_V5 Caio Menos Bugs/Coprocessador_V5/Coprocessador_V3 (SE DEUS QUISER A ULTIMA)/db/decode_u0a.tdf        ;         ;
; db/mux_lfb.tdf                   ; yes             ; Auto-Generated Megafunction            ; C:/Users/kmbma/Documents/Arquitetura e MI/Final/Coprocessador_V5 Caio Menos Bugs/Coprocessador_V5/Coprocessador_V3 (SE DEUS QUISER A ULTIMA)/db/mux_lfb.tdf           ;         ;
; db/altsyncram_vga2.tdf           ; yes             ; Auto-Generated Megafunction            ; C:/Users/kmbma/Documents/Arquitetura e MI/Final/Coprocessador_V5 Caio Menos Bugs/Coprocessador_V5/Coprocessador_V3 (SE DEUS QUISER A ULTIMA)/db/altsyncram_vga2.tdf   ;         ;
; espace_invasor.mif               ; yes             ; Auto-Found Memory Initialization File  ; C:/Users/kmbma/Documents/Arquitetura e MI/Final/Coprocessador_V5 Caio Menos Bugs/Coprocessador_V5/Coprocessador_V3 (SE DEUS QUISER A ULTIMA)/espace_invasor.mif       ;         ;
; db/altsyncram_a6g1.tdf           ; yes             ; Auto-Generated Megafunction            ; C:/Users/kmbma/Documents/Arquitetura e MI/Final/Coprocessador_V5 Caio Menos Bugs/Coprocessador_V5/Coprocessador_V3 (SE DEUS QUISER A ULTIMA)/db/altsyncram_a6g1.tdf   ;         ;
; paleta.mif                       ; yes             ; Auto-Found Memory Initialization File  ; C:/Users/kmbma/Documents/Arquitetura e MI/Final/Coprocessador_V5 Caio Menos Bugs/Coprocessador_V5/Coprocessador_V3 (SE DEUS QUISER A ULTIMA)/paleta.mif               ;         ;
; db/altsyncram_ug02.tdf           ; yes             ; Auto-Generated Megafunction            ; C:/Users/kmbma/Documents/Arquitetura e MI/Final/Coprocessador_V5 Caio Menos Bugs/Coprocessador_V5/Coprocessador_V3 (SE DEUS QUISER A ULTIMA)/db/altsyncram_ug02.tdf   ;         ;
; tilemap_back.mif                 ; yes             ; Auto-Found Memory Initialization File  ; C:/Users/kmbma/Documents/Arquitetura e MI/Final/Coprocessador_V5 Caio Menos Bugs/Coprocessador_V5/Coprocessador_V3 (SE DEUS QUISER A ULTIMA)/tilemap_back.mif         ;         ;
+----------------------------------+-----------------+----------------------------------------+-----------------------------------------------------------------------------------------------------------------------------------------------------------------------+---------+


+--------------------------------------------------------------------------------------------+
; Analysis & Synthesis Resource Usage Summary                                                ;
+---------------------------------------------+----------------------------------------------+
; Resource                                    ; Usage                                        ;
+---------------------------------------------+----------------------------------------------+
; Estimate of Logic utilization (ALMs needed) ; 220                                          ;
;                                             ;                                              ;
; Combinational ALUT usage for logic          ; 361                                          ;
;     -- 7 input functions                    ; 1                                            ;
;     -- 6 input functions                    ; 65                                           ;
;     -- 5 input functions                    ; 66                                           ;
;     -- 4 input functions                    ; 28                                           ;
;     -- <=3 input functions                  ; 201                                          ;
;                                             ;                                              ;
; Dedicated logic registers                   ; 163                                          ;
;                                             ;                                              ;
; I/O pins                                    ; 241                                          ;
; Total MLAB memory bits                      ; 0                                            ;
; Total block memory bits                     ; 186368                                       ;
;                                             ;                                              ;
; Total DSP Blocks                            ; 6                                            ;
;                                             ;                                              ;
; Maximum fan-out node                        ; top_coprocessador:meu_nucleo_grafico|clk_25m ;
; Maximum fan-out                             ; 220                                          ;
; Total fan-out                               ; 2978                                         ;
; Average fan-out                             ; 2.56                                         ;
+---------------------------------------------+----------------------------------------------+


+----------------------------------------------------------------------------------------------------------------------------------------------------------------------------------------------------------------------------------------------------------------------------------------------------------------------------------------------------------------------------------------------+
; Analysis & Synthesis Resource Utilization by Entity                                                                                                                                                                                                                                                                                                                                          ;
+-------------------------------------------------+---------------------+---------------------------+-------------------+------------+------+--------------+-------------------------------------------------------------------------------------------------------------------------------------------------------------------------------------------+------------------------+--------------+
; Compilation Hierarchy Node                      ; Combinational ALUTs ; Dedicated Logic Registers ; Block Memory Bits ; DSP Blocks ; Pins ; Virtual Pins ; Full Hierarchy Name                                                                                                                                                                       ; Entity Name            ; Library Name ;
+-------------------------------------------------+---------------------+---------------------------+-------------------+------------+------+--------------+-------------------------------------------------------------------------------------------------------------------------------------------------------------------------------------------+------------------------+--------------+
; |DE1_SOC_golden_top                             ; 361 (4)             ; 163 (0)                   ; 186368            ; 6          ; 241  ; 0            ; |DE1_SOC_golden_top                                                                                                                                                                       ; DE1_SOC_golden_top     ; work         ;
;    |top_coprocessador:meu_nucleo_grafico|       ; 357 (37)            ; 163 (9)                   ; 186368            ; 6          ; 0    ; 0            ; |DE1_SOC_golden_top|top_coprocessador:meu_nucleo_grafico                                                                                                                                  ; top_coprocessador      ; work         ;
;       |background_renderer:u_bkg_renderer|      ; 44 (44)             ; 14 (14)                   ; 16384             ; 0          ; 0    ; 0            ; |DE1_SOC_golden_top|top_coprocessador:meu_nucleo_grafico|background_renderer:u_bkg_renderer                                                                                               ; background_renderer    ; work         ;
;          |ram_tilemap_2port:tilemap_inst|       ; 0 (0)               ; 0 (0)                     ; 16384             ; 0          ; 0    ; 0            ; |DE1_SOC_golden_top|top_coprocessador:meu_nucleo_grafico|background_renderer:u_bkg_renderer|ram_tilemap_2port:tilemap_inst                                                                ; ram_tilemap_2port      ; work         ;
;             |altsyncram:altsyncram_component|   ; 0 (0)               ; 0 (0)                     ; 16384             ; 0          ; 0    ; 0            ; |DE1_SOC_golden_top|top_coprocessador:meu_nucleo_grafico|background_renderer:u_bkg_renderer|ram_tilemap_2port:tilemap_inst|altsyncram:altsyncram_component                                ; altsyncram             ; work         ;
;                |altsyncram_ug02:auto_generated| ; 0 (0)               ; 0 (0)                     ; 16384             ; 0          ; 0    ; 0            ; |DE1_SOC_golden_top|top_coprocessador:meu_nucleo_grafico|background_renderer:u_bkg_renderer|ram_tilemap_2port:tilemap_inst|altsyncram:altsyncram_component|altsyncram_ug02:auto_generated ; altsyncram_ug02        ; work         ;
;       |motor_sprite:u_sprites|                  ; 66 (66)             ; 29 (29)                   ; 0                 ; 0          ; 0    ; 0            ; |DE1_SOC_golden_top|top_coprocessador:meu_nucleo_grafico|motor_sprite:u_sprites                                                                                                           ; motor_sprite           ; work         ;
;       |paleta_rom:u_paleta|                     ; 0 (0)               ; 0 (0)                     ; 6144              ; 0          ; 0    ; 0            ; |DE1_SOC_golden_top|top_coprocessador:meu_nucleo_grafico|paleta_rom:u_paleta                                                                                                              ; paleta_rom             ; work         ;
;          |altsyncram:altsyncram_component|      ; 0 (0)               ; 0 (0)                     ; 6144              ; 0          ; 0    ; 0            ; |DE1_SOC_golden_top|top_coprocessador:meu_nucleo_grafico|paleta_rom:u_paleta|altsyncram:altsyncram_component                                                                              ; altsyncram             ; work         ;
;             |altsyncram_a6g1:auto_generated|    ; 0 (0)               ; 0 (0)                     ; 6144              ; 0          ; 0    ; 0            ; |DE1_SOC_golden_top|top_coprocessador:meu_nucleo_grafico|paleta_rom:u_paleta|altsyncram:altsyncram_component|altsyncram_a6g1:auto_generated                                               ; altsyncram_a6g1        ; work         ;
;       |ram_tile:u_bkg_tiles_rom|                ; 0 (0)               ; 1 (0)                     ; 131072            ; 0          ; 0    ; 0            ; |DE1_SOC_golden_top|top_coprocessador:meu_nucleo_grafico|ram_tile:u_bkg_tiles_rom                                                                                                         ; ram_tile               ; work         ;
;          |altsyncram:altsyncram_component|      ; 0 (0)               ; 1 (0)                     ; 131072            ; 0          ; 0    ; 0            ; |DE1_SOC_golden_top|top_coprocessador:meu_nucleo_grafico|ram_tile:u_bkg_tiles_rom|altsyncram:altsyncram_component                                                                         ; altsyncram             ; work         ;
;             |altsyncram_gu22:auto_generated|    ; 0 (0)               ; 1 (1)                     ; 131072            ; 0          ; 0    ; 0            ; |DE1_SOC_golden_top|top_coprocessador:meu_nucleo_grafico|ram_tile:u_bkg_tiles_rom|altsyncram:altsyncram_component|altsyncram_gu22:auto_generated                                          ; altsyncram_gu22        ; work         ;
;       |rasterizador_poligonos:u_poly_raster|    ; 70 (70)             ; 5 (5)                     ; 0                 ; 6          ; 0    ; 0            ; |DE1_SOC_golden_top|top_coprocessador:meu_nucleo_grafico|rasterizador_poligonos:u_poly_raster                                                                                             ; rasterizador_poligonos ; work         ;
;       |rom_memoria2:u_sprites_rom|              ; 0 (0)               ; 0 (0)                     ; 32768             ; 0          ; 0    ; 0            ; |DE1_SOC_golden_top|top_coprocessador:meu_nucleo_grafico|rom_memoria2:u_sprites_rom                                                                                                       ; rom_memoria2           ; work         ;
;          |altsyncram:altsyncram_component|      ; 0 (0)               ; 0 (0)                     ; 32768             ; 0          ; 0    ; 0            ; |DE1_SOC_golden_top|top_coprocessador:meu_nucleo_grafico|rom_memoria2:u_sprites_rom|altsyncram:altsyncram_component                                                                       ; altsyncram             ; work         ;
;             |altsyncram_vga2:auto_generated|    ; 0 (0)               ; 0 (0)                     ; 32768             ; 0          ; 0    ; 0            ; |DE1_SOC_golden_top|top_coprocessador:meu_nucleo_grafico|rom_memoria2:u_sprites_rom|altsyncram:altsyncram_component|altsyncram_vga2:auto_generated                                        ; altsyncram_vga2        ; work         ;
;       |unidade_de_controle:u_controle|          ; 78 (78)             ; 50 (50)                   ; 0                 ; 0          ; 0    ; 0            ; |DE1_SOC_golden_top|top_coprocessador:meu_nucleo_grafico|unidade_de_controle:u_controle                                                                                                   ; unidade_de_controle    ; work         ;
;       |vga_driver:u_driver|                     ; 62 (62)             ; 55 (55)                   ; 0                 ; 0          ; 0    ; 0            ; |DE1_SOC_golden_top|top_coprocessador:meu_nucleo_grafico|vga_driver:u_driver                                                                                                              ; vga_driver             ; work         ;
+-------------------------------------------------+---------------------+---------------------------+-------------------+------------+------+--------------+-------------------------------------------------------------------------------------------------------------------------------------------------------------------------------------------+------------------------+--------------+
Note: For table entries with two numbers listed, the numbers in parentheses indicate the number of resources of the given type used by the specific entity alone. The numbers listed outside of parentheses indicate the total resources of the given type used by the specific entity and all of its sub-entities in the hierarchy.


+------------------------------------------------------------------------------------------------------------------------------------------------------------------------------------------------------------------------------------------------------------------------------------------------------------+
; Analysis & Synthesis RAM Summary                                                                                                                                                                                                                                                                           ;
+----------------------------------------------------------------------------------------------------------------------------------------------------------------------------------+------------+------------------+--------------+--------------+--------------+--------------+--------+--------------------+
; Name                                                                                                                                                                             ; Type       ; Mode             ; Port A Depth ; Port A Width ; Port B Depth ; Port B Width ; Size   ; MIF                ;
+----------------------------------------------------------------------------------------------------------------------------------------------------------------------------------+------------+------------------+--------------+--------------+--------------+--------------+--------+--------------------+
; top_coprocessador:meu_nucleo_grafico|background_renderer:u_bkg_renderer|ram_tilemap_2port:tilemap_inst|altsyncram:altsyncram_component|altsyncram_ug02:auto_generated|ALTSYNCRAM ; AUTO       ; Simple Dual Port ; 2048         ; 8            ; 2048         ; 8            ; 16384  ; tilemap_back.mif   ;
; top_coprocessador:meu_nucleo_grafico|paleta_rom:u_paleta|altsyncram:altsyncram_component|altsyncram_a6g1:auto_generated|ALTSYNCRAM                                               ; AUTO       ; ROM              ; 256          ; 24           ; --           ; --           ; 6144   ; paleta.mif         ;
; top_coprocessador:meu_nucleo_grafico|ram_tile:u_bkg_tiles_rom|altsyncram:altsyncram_component|altsyncram_gu22:auto_generated|ALTSYNCRAM                                          ; M10K block ; Simple Dual Port ; 16384        ; 8            ; 16384        ; 8            ; 131072 ; tile_back.mif      ;
; top_coprocessador:meu_nucleo_grafico|rom_memoria2:u_sprites_rom|altsyncram:altsyncram_component|altsyncram_vga2:auto_generated|ALTSYNCRAM                                        ; AUTO       ; True Dual Port   ; 16384        ; 8            ; 16384        ; 8            ; 131072 ; espace_invasor.mif ;
+----------------------------------------------------------------------------------------------------------------------------------------------------------------------------------+------------+------------------+--------------+--------------+--------------+--------------+--------+--------------------+


+--------------------------------------------------------+
; Analysis & Synthesis DSP Block Usage Summary           ;
+------------------------------------------+-------------+
; Statistic                                ; Number Used ;
+------------------------------------------+-------------+
; Independent 27x27                        ; 6           ;
; Total number of DSP blocks               ; 6           ;
;                                          ;             ;
; Fixed Point Signed Multiplier            ; 6           ;
; Fixed Point Dedicated Output Adder Chain ; 3           ;
+------------------------------------------+-------------+


+------------------------------------------------------------------------------------------------------------------------------------------------------------------------------------------------------------------+
; Analysis & Synthesis IP Cores Summary                                                                                                                                                                            ;
+--------+--------------+---------+--------------+--------------+----------------------------------------------------------------------------------------------------------------------------+---------------------+
; Vendor ; IP Core Name ; Version ; Release Date ; License Type ; Entity Instance                                                                                                            ; IP Include File     ;
+--------+--------------+---------+--------------+--------------+----------------------------------------------------------------------------------------------------------------------------+---------------------+
; Altera ; RAM: 2-PORT  ; 25.1    ; N/A          ; N/A          ; |DE1_SOC_golden_top|top_coprocessador:meu_nucleo_grafico|background_renderer:u_bkg_renderer|ram_tilemap_2port:tilemap_inst ; ram_tilemap_2port.v ;
; Altera ; RAM: 2-PORT  ; 25.1    ; N/A          ; N/A          ; |DE1_SOC_golden_top|top_coprocessador:meu_nucleo_grafico|ram_tile:u_bkg_tiles_rom                                          ; ram_tile.v          ;
; Altera ; ROM: 1-PORT  ; 23.1    ; N/A          ; N/A          ; |DE1_SOC_golden_top|top_coprocessador:meu_nucleo_grafico|paleta_rom:u_paleta                                               ; paleta_rom.v        ;
; Altera ; ROM: 2-PORT  ; 25.1    ; N/A          ; N/A          ; |DE1_SOC_golden_top|top_coprocessador:meu_nucleo_grafico|rom_memoria2:u_sprites_rom                                        ; rom_memoria2.v      ;
+--------+--------------+---------+--------------+--------------+----------------------------------------------------------------------------------------------------------------------------+---------------------+


Encoding Type:  One-Hot
+------------------------------------------------------------------------------------------------------------------------+
; State Machine - |DE1_SOC_golden_top|top_coprocessador:meu_nucleo_grafico|vga_driver:u_driver|v_state                   ;
+------------------------+----------------------+-----------------------+-----------------------+------------------------+
; Name                   ; v_state.V_BACK_STATE ; v_state.V_PULSE_STATE ; v_state.V_FRONT_STATE ; v_state.V_ACTIVE_STATE ;
+------------------------+----------------------+-----------------------+-----------------------+------------------------+
; v_state.V_ACTIVE_STATE ; 0                    ; 0                     ; 0                     ; 0                      ;
; v_state.V_FRONT_STATE  ; 0                    ; 0                     ; 1                     ; 1                      ;
; v_state.V_PULSE_STATE  ; 0                    ; 1                     ; 0                     ; 1                      ;
; v_state.V_BACK_STATE   ; 1                    ; 0                     ; 0                     ; 1                      ;
+------------------------+----------------------+-----------------------+-----------------------+------------------------+


Encoding Type:  One-Hot
+------------------------------------------------------------------------------------------------------------------------+
; State Machine - |DE1_SOC_golden_top|top_coprocessador:meu_nucleo_grafico|vga_driver:u_driver|h_state                   ;
+------------------------+----------------------+-----------------------+-----------------------+------------------------+
; Name                   ; h_state.H_BACK_STATE ; h_state.H_PULSE_STATE ; h_state.H_FRONT_STATE ; h_state.H_ACTIVE_STATE ;
+------------------------+----------------------+-----------------------+-----------------------+------------------------+
; h_state.H_ACTIVE_STATE ; 0                    ; 0                     ; 0                     ; 0                      ;
; h_state.H_FRONT_STATE  ; 0                    ; 0                     ; 1                     ; 1                      ;
; h_state.H_PULSE_STATE  ; 0                    ; 1                     ; 0                     ; 1                      ;
; h_state.H_BACK_STATE   ; 1                    ; 0                     ; 0                     ; 1                      ;
+------------------------+----------------------+-----------------------+-----------------------+------------------------+


+-------------------------------------------------------------------------------------------------------------------------------------------------------------------------------------------------------------------------------------------------------------+
; Registers Removed During Synthesis                                                                                                                                                                                                                          ;
+-------------------------------------------------------------------------------------------------------------------------------------------------+-----------------------------------------------------------------------------------------------------------+
; Register name                                                                                                                                   ; Reason for Removal                                                                                        ;
+-------------------------------------------------------------------------------------------------------------------------------------------------+-----------------------------------------------------------------------------------------------------------+
; top_coprocessador:meu_nucleo_grafico|unidade_de_controle:u_controle|cor_de_fundo[0..7]                                                          ; Stuck at GND due to stuck port data_in                                                                    ;
; top_coprocessador:meu_nucleo_grafico|rom_memoria2:u_sprites_rom|altsyncram:altsyncram_component|altsyncram_vga2:auto_generated|address_reg_b[0] ; Stuck at GND due to stuck port data_in                                                                    ;
; top_coprocessador:meu_nucleo_grafico|rasterizador_poligonos:u_poly_raster|poly_color_index[5..7]                                                ; Merged with top_coprocessador:meu_nucleo_grafico|rasterizador_poligonos:u_poly_raster|poly_color_index[4] ;
; top_coprocessador:meu_nucleo_grafico|unidade_de_controle:u_controle|rect_color[5..7]                                                            ; Merged with top_coprocessador:meu_nucleo_grafico|unidade_de_controle:u_controle|rect_color[4]             ;
; top_coprocessador:meu_nucleo_grafico|unidade_de_controle:u_controle|tri_color[5..7]                                                             ; Merged with top_coprocessador:meu_nucleo_grafico|unidade_de_controle:u_controle|tri_color[4]              ;
; top_coprocessador:meu_nucleo_grafico|unidade_de_controle:u_controle|tri_color[4]                                                                ; Stuck at GND due to stuck port data_in                                                                    ;
; top_coprocessador:meu_nucleo_grafico|unidade_de_controle:u_controle|rect_color[4]                                                               ; Stuck at GND due to stuck port data_in                                                                    ;
; top_coprocessador:meu_nucleo_grafico|rasterizador_poligonos:u_poly_raster|poly_color_index[4]                                                   ; Stuck at GND due to stuck port data_in                                                                    ;
; top_coprocessador:meu_nucleo_grafico|vga_driver:u_driver|v_state~5                                                                              ; Lost fanout                                                                                               ;
; top_coprocessador:meu_nucleo_grafico|vga_driver:u_driver|v_state~6                                                                              ; Lost fanout                                                                                               ;
; top_coprocessador:meu_nucleo_grafico|vga_driver:u_driver|v_state~7                                                                              ; Lost fanout                                                                                               ;
; top_coprocessador:meu_nucleo_grafico|vga_driver:u_driver|v_state~8                                                                              ; Lost fanout                                                                                               ;
; top_coprocessador:meu_nucleo_grafico|vga_driver:u_driver|v_state~9                                                                              ; Lost fanout                                                                                               ;
; top_coprocessador:meu_nucleo_grafico|vga_driver:u_driver|v_state~10                                                                             ; Lost fanout                                                                                               ;
; top_coprocessador:meu_nucleo_grafico|vga_driver:u_driver|v_state~11                                                                             ; Lost fanout                                                                                               ;
; top_coprocessador:meu_nucleo_grafico|vga_driver:u_driver|v_state~12                                                                             ; Lost fanout                                                                                               ;
; top_coprocessador:meu_nucleo_grafico|vga_driver:u_driver|h_state~5                                                                              ; Lost fanout                                                                                               ;
; top_coprocessador:meu_nucleo_grafico|vga_driver:u_driver|h_state~6                                                                              ; Lost fanout                                                                                               ;
; top_coprocessador:meu_nucleo_grafico|vga_driver:u_driver|h_state~7                                                                              ; Lost fanout                                                                                               ;
; top_coprocessador:meu_nucleo_grafico|vga_driver:u_driver|h_state~8                                                                              ; Lost fanout                                                                                               ;
; top_coprocessador:meu_nucleo_grafico|vga_driver:u_driver|h_state~9                                                                              ; Lost fanout                                                                                               ;
; top_coprocessador:meu_nucleo_grafico|vga_driver:u_driver|h_state~10                                                                             ; Lost fanout                                                                                               ;
; top_coprocessador:meu_nucleo_grafico|vga_driver:u_driver|h_state~11                                                                             ; Lost fanout                                                                                               ;
; top_coprocessador:meu_nucleo_grafico|vga_driver:u_driver|h_state~12                                                                             ; Lost fanout                                                                                               ;
; Total Number of Removed Registers = 37                                                                                                          ;                                                                                                           ;
+-------------------------------------------------------------------------------------------------------------------------------------------------+-----------------------------------------------------------------------------------------------------------+


+--------------------------------------------------------------------------------------------------------------------------------------------------------------------------------------------------------------+
; Removed Registers Triggering Further Register Optimizations                                                                                                                                                  ;
+----------------------------------------------------------------------------------+---------------------------+-----------------------------------------------------------------------------------------------+
; Register name                                                                    ; Reason for Removal        ; Registers Removed due to This Register                                                        ;
+----------------------------------------------------------------------------------+---------------------------+-----------------------------------------------------------------------------------------------+
; top_coprocessador:meu_nucleo_grafico|unidade_de_controle:u_controle|tri_color[4] ; Stuck at GND              ; top_coprocessador:meu_nucleo_grafico|rasterizador_poligonos:u_poly_raster|poly_color_index[4] ;
;                                                                                  ; due to stuck port data_in ;                                                                                               ;
+----------------------------------------------------------------------------------+---------------------------+-----------------------------------------------------------------------------------------------+


+------------------------------------------------------+
; General Register Statistics                          ;
+----------------------------------------------+-------+
; Statistic                                    ; Value ;
+----------------------------------------------+-------+
; Total registers                              ; 163   ;
; Number of registers using Synchronous Clear  ; 77    ;
; Number of registers using Synchronous Load   ; 42    ;
; Number of registers using Asynchronous Clear ; 34    ;
; Number of registers using Asynchronous Load  ; 0     ;
; Number of registers using Clock Enable       ; 60    ;
; Number of registers using Preset             ; 0     ;
+----------------------------------------------+-------+


+---------------------------------------------------------------+
; Inverted Register Statistics                                  ;
+-----------------------------------------------------+---------+
; Inverted Register                                   ; Fan out ;
+-----------------------------------------------------+---------+
; top_coprocessador:meu_nucleo_grafico|por_counter[3] ; 2       ;
; top_coprocessador:meu_nucleo_grafico|por_counter[2] ; 2       ;
; top_coprocessador:meu_nucleo_grafico|por_counter[1] ; 2       ;
; top_coprocessador:meu_nucleo_grafico|por_counter[0] ; 3       ;
; top_coprocessador:meu_nucleo_grafico|por_counter[4] ; 2       ;
; top_coprocessador:meu_nucleo_grafico|por_counter[5] ; 2       ;
; top_coprocessador:meu_nucleo_grafico|por_counter[6] ; 2       ;
; top_coprocessador:meu_nucleo_grafico|por_counter[7] ; 2       ;
; Total number of inverted registers = 8              ;         ;
+-----------------------------------------------------+---------+


+---------------------------------------------------------------------------------------------------------------------------------------------------------------------------------------------------------------------------------+
; Multiplexer Restructuring Statistics (Restructuring Performed)                                                                                                                                                                  ;
+--------------------+-----------+---------------+----------------------+------------------------+------------+-------------------------------------------------------------------------------------------------------------------+
; Multiplexer Inputs ; Bus Width ; Baseline Area ; Area if Restructured ; Saving if Restructured ; Registered ; Example Multiplexer Output                                                                                        ;
+--------------------+-----------+---------------+----------------------+------------------------+------------+-------------------------------------------------------------------------------------------------------------------+
; 3:1                ; 24 bits   ; 48 LEs        ; 0 LEs                ; 48 LEs                 ; Yes        ; |DE1_SOC_golden_top|top_coprocessador:meu_nucleo_grafico|vga_driver:u_driver|blue_reg[4]                          ;
; 3:1                ; 8 bits    ; 16 LEs        ; 8 LEs                ; 8 LEs                  ; Yes        ; |DE1_SOC_golden_top|top_coprocessador:meu_nucleo_grafico|background_renderer:u_bkg_renderer|color_out[1]          ;
; 3:1                ; 4 bits    ; 8 LEs         ; 8 LEs                ; 0 LEs                  ; Yes        ; |DE1_SOC_golden_top|top_coprocessador:meu_nucleo_grafico|rasterizador_poligonos:u_poly_raster|poly_color_index[2] ;
; 3:1                ; 3 bits    ; 6 LEs         ; 3 LEs                ; 3 LEs                  ; Yes        ; |DE1_SOC_golden_top|top_coprocessador:meu_nucleo_grafico|unidade_de_controle:u_controle|rect_color[3]             ;
; 3:1                ; 3 bits    ; 6 LEs         ; 3 LEs                ; 3 LEs                  ; Yes        ; |DE1_SOC_golden_top|top_coprocessador:meu_nucleo_grafico|unidade_de_controle:u_controle|tri_color[2]              ;
; 4:1                ; 3 bits    ; 6 LEs         ; 6 LEs                ; 0 LEs                  ; Yes        ; |DE1_SOC_golden_top|top_coprocessador:meu_nucleo_grafico|unidade_de_controle:u_controle|current_state[1]          ;
; 4:1                ; 2 bits    ; 4 LEs         ; 2 LEs                ; 2 LEs                  ; Yes        ; |DE1_SOC_golden_top|top_coprocessador:meu_nucleo_grafico|unidade_de_controle:u_controle|boneco_x[5]               ;
; 4:1                ; 7 bits    ; 14 LEs        ; 7 LEs                ; 7 LEs                  ; Yes        ; |DE1_SOC_golden_top|top_coprocessador:meu_nucleo_grafico|unidade_de_controle:u_controle|boneco_x[8]               ;
; 4:1                ; 4 bits    ; 8 LEs         ; 4 LEs                ; 4 LEs                  ; Yes        ; |DE1_SOC_golden_top|top_coprocessador:meu_nucleo_grafico|unidade_de_controle:u_controle|boneco_y[6]               ;
; 4:1                ; 4 bits    ; 8 LEs         ; 4 LEs                ; 4 LEs                  ; Yes        ; |DE1_SOC_golden_top|top_coprocessador:meu_nucleo_grafico|unidade_de_controle:u_controle|boneco_y[7]               ;
; 7:1                ; 9 bits    ; 36 LEs        ; 18 LEs               ; 18 LEs                 ; Yes        ; |DE1_SOC_golden_top|top_coprocessador:meu_nucleo_grafico|unidade_de_controle:u_controle|bg_scroll_x[1]            ;
; 7:1                ; 8 bits    ; 32 LEs        ; 16 LEs               ; 16 LEs                 ; Yes        ; |DE1_SOC_golden_top|top_coprocessador:meu_nucleo_grafico|unidade_de_controle:u_controle|bg_scroll_y[3]            ;
; 10:1               ; 10 bits   ; 60 LEs        ; 0 LEs                ; 60 LEs                 ; Yes        ; |DE1_SOC_golden_top|top_coprocessador:meu_nucleo_grafico|vga_driver:u_driver|v_counter[6]                         ;
; 10:1               ; 10 bits   ; 60 LEs        ; 0 LEs                ; 60 LEs                 ; Yes        ; |DE1_SOC_golden_top|top_coprocessador:meu_nucleo_grafico|vga_driver:u_driver|h_counter[7]                         ;
; 3:1                ; 2 bits    ; 4 LEs         ; 4 LEs                ; 0 LEs                  ; No         ; |DE1_SOC_golden_top|top_coprocessador:meu_nucleo_grafico|motor_sprite:u_sprites|hit_tile_base[5]                  ;
; 4:1                ; 4 bits    ; 8 LEs         ; 8 LEs                ; 0 LEs                  ; No         ; |DE1_SOC_golden_top|top_coprocessador:meu_nucleo_grafico|final_pixel_index[7]                                     ;
; 4:1                ; 4 bits    ; 8 LEs         ; 8 LEs                ; 0 LEs                  ; No         ; |DE1_SOC_golden_top|top_coprocessador:meu_nucleo_grafico|final_pixel_index[0]                                     ;
; 6:1                ; 2 bits    ; 8 LEs         ; 8 LEs                ; 0 LEs                  ; No         ; |DE1_SOC_golden_top|top_coprocessador:meu_nucleo_grafico|motor_sprite:u_sprites|rom_addr[1]                       ;
; 6:1                ; 2 bits    ; 8 LEs         ; 8 LEs                ; 0 LEs                  ; No         ; |DE1_SOC_golden_top|top_coprocessador:meu_nucleo_grafico|motor_sprite:u_sprites|rom_addr[3]                       ;
+--------------------+-----------+---------------+----------------------+------------------------+------------+-------------------------------------------------------------------------------------------------------------------+


+-----------------------------------------------------------------------------------------------------------------------------------------------------+
; Source assignments for top_coprocessador:meu_nucleo_grafico|ram_tile:u_bkg_tiles_rom|altsyncram:altsyncram_component|altsyncram_gu22:auto_generated ;
+---------------------------------+--------------------+------+---------------------------------------------------------------------------------------+
; Assignment                      ; Value              ; From ; To                                                                                    ;
+---------------------------------+--------------------+------+---------------------------------------------------------------------------------------+
; OPTIMIZE_POWER_DURING_SYNTHESIS ; NORMAL_COMPILATION ; -    ; -                                                                                     ;
+---------------------------------+--------------------+------+---------------------------------------------------------------------------------------+


+-------------------------------------------------------------------------------------------------------------------------------------------------------+
; Source assignments for top_coprocessador:meu_nucleo_grafico|rom_memoria2:u_sprites_rom|altsyncram:altsyncram_component|altsyncram_vga2:auto_generated ;
+---------------------------------+--------------------+------+-----------------------------------------------------------------------------------------+
; Assignment                      ; Value              ; From ; To                                                                                      ;
+---------------------------------+--------------------+------+-----------------------------------------------------------------------------------------+
; OPTIMIZE_POWER_DURING_SYNTHESIS ; NORMAL_COMPILATION ; -    ; -                                                                                       ;
+---------------------------------+--------------------+------+-----------------------------------------------------------------------------------------+


+------------------------------------------------------------------------------------------------------------------------------------------------+
; Source assignments for top_coprocessador:meu_nucleo_grafico|paleta_rom:u_paleta|altsyncram:altsyncram_component|altsyncram_a6g1:auto_generated ;
+---------------------------------+--------------------+------+----------------------------------------------------------------------------------+
; Assignment                      ; Value              ; From ; To                                                                               ;
+---------------------------------+--------------------+------+----------------------------------------------------------------------------------+
; OPTIMIZE_POWER_DURING_SYNTHESIS ; NORMAL_COMPILATION ; -    ; -                                                                                ;
+---------------------------------+--------------------+------+----------------------------------------------------------------------------------+


+----------------------------------------------------------------------------------------------------------------------------------------------------------------------------------------------+
; Source assignments for top_coprocessador:meu_nucleo_grafico|background_renderer:u_bkg_renderer|ram_tilemap_2port:tilemap_inst|altsyncram:altsyncram_component|altsyncram_ug02:auto_generated ;
+---------------------------------+--------------------+------+--------------------------------------------------------------------------------------------------------------------------------+
; Assignment                      ; Value              ; From ; To                                                                                                                             ;
+---------------------------------+--------------------+------+--------------------------------------------------------------------------------------------------------------------------------+
; OPTIMIZE_POWER_DURING_SYNTHESIS ; NORMAL_COMPILATION ; -    ; -                                                                                                                              ;
+---------------------------------+--------------------+------+--------------------------------------------------------------------------------------------------------------------------------+


+--------------------------------------------------------------------------------------------------------------------------------------------+
; Parameter Settings for User Entity Instance: top_coprocessador:meu_nucleo_grafico|ram_tile:u_bkg_tiles_rom|altsyncram:altsyncram_component ;
+------------------------------------+----------------------+--------------------------------------------------------------------------------+
; Parameter Name                     ; Value                ; Type                                                                           ;
+------------------------------------+----------------------+--------------------------------------------------------------------------------+
; BYTE_SIZE_BLOCK                    ; 8                    ; Untyped                                                                        ;
; AUTO_CARRY_CHAINS                  ; ON                   ; AUTO_CARRY                                                                     ;
; IGNORE_CARRY_BUFFERS               ; OFF                  ; IGNORE_CARRY                                                                   ;
; AUTO_CASCADE_CHAINS                ; ON                   ; AUTO_CASCADE                                                                   ;
; IGNORE_CASCADE_BUFFERS             ; OFF                  ; IGNORE_CASCADE                                                                 ;
; WIDTH_BYTEENA                      ; 1                    ; Untyped                                                                        ;
; OPERATION_MODE                     ; DUAL_PORT            ; Untyped                                                                        ;
; WIDTH_A                            ; 8                    ; Signed Integer                                                                 ;
; WIDTHAD_A                          ; 14                   ; Signed Integer                                                                 ;
; NUMWORDS_A                         ; 16384                ; Signed Integer                                                                 ;
; OUTDATA_REG_A                      ; UNREGISTERED         ; Untyped                                                                        ;
; ADDRESS_ACLR_A                     ; NONE                 ; Untyped                                                                        ;
; OUTDATA_ACLR_A                     ; NONE                 ; Untyped                                                                        ;
; WRCONTROL_ACLR_A                   ; NONE                 ; Untyped                                                                        ;
; INDATA_ACLR_A                      ; NONE                 ; Untyped                                                                        ;
; BYTEENA_ACLR_A                     ; NONE                 ; Untyped                                                                        ;
; WIDTH_B                            ; 8                    ; Signed Integer                                                                 ;
; WIDTHAD_B                          ; 14                   ; Signed Integer                                                                 ;
; NUMWORDS_B                         ; 16384                ; Signed Integer                                                                 ;
; INDATA_REG_B                       ; CLOCK1               ; Untyped                                                                        ;
; WRCONTROL_WRADDRESS_REG_B          ; CLOCK1               ; Untyped                                                                        ;
; RDCONTROL_REG_B                    ; CLOCK1               ; Untyped                                                                        ;
; ADDRESS_REG_B                      ; CLOCK0               ; Untyped                                                                        ;
; OUTDATA_REG_B                      ; UNREGISTERED         ; Untyped                                                                        ;
; BYTEENA_REG_B                      ; CLOCK1               ; Untyped                                                                        ;
; INDATA_ACLR_B                      ; NONE                 ; Untyped                                                                        ;
; WRCONTROL_ACLR_B                   ; NONE                 ; Untyped                                                                        ;
; ADDRESS_ACLR_B                     ; NONE                 ; Untyped                                                                        ;
; OUTDATA_ACLR_B                     ; NONE                 ; Untyped                                                                        ;
; RDCONTROL_ACLR_B                   ; NONE                 ; Untyped                                                                        ;
; BYTEENA_ACLR_B                     ; NONE                 ; Untyped                                                                        ;
; WIDTH_BYTEENA_A                    ; 1                    ; Signed Integer                                                                 ;
; WIDTH_BYTEENA_B                    ; 1                    ; Untyped                                                                        ;
; RAM_BLOCK_TYPE                     ; M10K                 ; Untyped                                                                        ;
; BYTE_SIZE                          ; 8                    ; Untyped                                                                        ;
; READ_DURING_WRITE_MODE_MIXED_PORTS ; DONT_CARE            ; Untyped                                                                        ;
; READ_DURING_WRITE_MODE_PORT_A      ; NEW_DATA_NO_NBE_READ ; Untyped                                                                        ;
; READ_DURING_WRITE_MODE_PORT_B      ; NEW_DATA_NO_NBE_READ ; Untyped                                                                        ;
; INIT_FILE                          ; tile_back.mif        ; Untyped                                                                        ;
; INIT_FILE_LAYOUT                   ; PORT_A               ; Untyped                                                                        ;
; MAXIMUM_DEPTH                      ; 0                    ; Untyped                                                                        ;
; CLOCK_ENABLE_INPUT_A               ; BYPASS               ; Untyped                                                                        ;
; CLOCK_ENABLE_INPUT_B               ; BYPASS               ; Untyped                                                                        ;
; CLOCK_ENABLE_OUTPUT_A              ; NORMAL               ; Untyped                                                                        ;
; CLOCK_ENABLE_OUTPUT_B              ; BYPASS               ; Untyped                                                                        ;
; CLOCK_ENABLE_CORE_A                ; USE_INPUT_CLKEN      ; Untyped                                                                        ;
; CLOCK_ENABLE_CORE_B                ; USE_INPUT_CLKEN      ; Untyped                                                                        ;
; ENABLE_ECC                         ; FALSE                ; Untyped                                                                        ;
; ECC_PIPELINE_STAGE_ENABLED         ; FALSE                ; Untyped                                                                        ;
; WIDTH_ECCSTATUS                    ; 3                    ; Untyped                                                                        ;
; DEVICE_FAMILY                      ; Cyclone V            ; Untyped                                                                        ;
; CBXI_PARAMETER                     ; altsyncram_gu22      ; Untyped                                                                        ;
+------------------------------------+----------------------+--------------------------------------------------------------------------------+
Note: In order to hide this table in the UI and the text report file, please set the "Show Parameter Settings in Synthesis Report" option in "Analysis and Synthesis Settings -> More Settings" to "Off".


+----------------------------------------------------------------------------------------------------------------------------------------------+
; Parameter Settings for User Entity Instance: top_coprocessador:meu_nucleo_grafico|rom_memoria2:u_sprites_rom|altsyncram:altsyncram_component ;
+------------------------------------+----------------------+----------------------------------------------------------------------------------+
; Parameter Name                     ; Value                ; Type                                                                             ;
+------------------------------------+----------------------+----------------------------------------------------------------------------------+
; BYTE_SIZE_BLOCK                    ; 8                    ; Untyped                                                                          ;
; AUTO_CARRY_CHAINS                  ; ON                   ; AUTO_CARRY                                                                       ;
; IGNORE_CARRY_BUFFERS               ; OFF                  ; IGNORE_CARRY                                                                     ;
; AUTO_CASCADE_CHAINS                ; ON                   ; AUTO_CASCADE                                                                     ;
; IGNORE_CASCADE_BUFFERS             ; OFF                  ; IGNORE_CASCADE                                                                   ;
; WIDTH_BYTEENA                      ; 1                    ; Untyped                                                                          ;
; OPERATION_MODE                     ; BIDIR_DUAL_PORT      ; Untyped                                                                          ;
; WIDTH_A                            ; 8                    ; Signed Integer                                                                   ;
; WIDTHAD_A                          ; 14                   ; Signed Integer                                                                   ;
; NUMWORDS_A                         ; 16384                ; Signed Integer                                                                   ;
; OUTDATA_REG_A                      ; UNREGISTERED         ; Untyped                                                                          ;
; ADDRESS_ACLR_A                     ; NONE                 ; Untyped                                                                          ;
; OUTDATA_ACLR_A                     ; NONE                 ; Untyped                                                                          ;
; WRCONTROL_ACLR_A                   ; NONE                 ; Untyped                                                                          ;
; INDATA_ACLR_A                      ; NONE                 ; Untyped                                                                          ;
; BYTEENA_ACLR_A                     ; NONE                 ; Untyped                                                                          ;
; WIDTH_B                            ; 8                    ; Signed Integer                                                                   ;
; WIDTHAD_B                          ; 14                   ; Signed Integer                                                                   ;
; NUMWORDS_B                         ; 16384                ; Signed Integer                                                                   ;
; INDATA_REG_B                       ; CLOCK0               ; Untyped                                                                          ;
; WRCONTROL_WRADDRESS_REG_B          ; CLOCK0               ; Untyped                                                                          ;
; RDCONTROL_REG_B                    ; CLOCK1               ; Untyped                                                                          ;
; ADDRESS_REG_B                      ; CLOCK0               ; Untyped                                                                          ;
; OUTDATA_REG_B                      ; UNREGISTERED         ; Untyped                                                                          ;
; BYTEENA_REG_B                      ; CLOCK1               ; Untyped                                                                          ;
; INDATA_ACLR_B                      ; NONE                 ; Untyped                                                                          ;
; WRCONTROL_ACLR_B                   ; NONE                 ; Untyped                                                                          ;
; ADDRESS_ACLR_B                     ; NONE                 ; Untyped                                                                          ;
; OUTDATA_ACLR_B                     ; NONE                 ; Untyped                                                                          ;
; RDCONTROL_ACLR_B                   ; NONE                 ; Untyped                                                                          ;
; BYTEENA_ACLR_B                     ; NONE                 ; Untyped                                                                          ;
; WIDTH_BYTEENA_A                    ; 1                    ; Signed Integer                                                                   ;
; WIDTH_BYTEENA_B                    ; 1                    ; Signed Integer                                                                   ;
; RAM_BLOCK_TYPE                     ; AUTO                 ; Untyped                                                                          ;
; BYTE_SIZE                          ; 8                    ; Untyped                                                                          ;
; READ_DURING_WRITE_MODE_MIXED_PORTS ; DONT_CARE            ; Untyped                                                                          ;
; READ_DURING_WRITE_MODE_PORT_A      ; NEW_DATA_NO_NBE_READ ; Untyped                                                                          ;
; READ_DURING_WRITE_MODE_PORT_B      ; NEW_DATA_NO_NBE_READ ; Untyped                                                                          ;
; INIT_FILE                          ; espace_invasor.mif   ; Untyped                                                                          ;
; INIT_FILE_LAYOUT                   ; PORT_A               ; Untyped                                                                          ;
; MAXIMUM_DEPTH                      ; 0                    ; Untyped                                                                          ;
; CLOCK_ENABLE_INPUT_A               ; BYPASS               ; Untyped                                                                          ;
; CLOCK_ENABLE_INPUT_B               ; BYPASS               ; Untyped                                                                          ;
; CLOCK_ENABLE_OUTPUT_A              ; BYPASS               ; Untyped                                                                          ;
; CLOCK_ENABLE_OUTPUT_B              ; BYPASS               ; Untyped                                                                          ;
; CLOCK_ENABLE_CORE_A                ; USE_INPUT_CLKEN      ; Untyped                                                                          ;
; CLOCK_ENABLE_CORE_B                ; USE_INPUT_CLKEN      ; Untyped                                                                          ;
; ENABLE_ECC                         ; FALSE                ; Untyped                                                                          ;
; ECC_PIPELINE_STAGE_ENABLED         ; FALSE                ; Untyped                                                                          ;
; WIDTH_ECCSTATUS                    ; 3                    ; Untyped                                                                          ;
; DEVICE_FAMILY                      ; Cyclone V            ; Untyped                                                                          ;
; CBXI_PARAMETER                     ; altsyncram_vga2      ; Untyped                                                                          ;
+------------------------------------+----------------------+----------------------------------------------------------------------------------+
Note: In order to hide this table in the UI and the text report file, please set the "Show Parameter Settings in Synthesis Report" option in "Analysis and Synthesis Settings -> More Settings" to "Off".


+---------------------------------------------------------------------------------------------------------------------------------------+
; Parameter Settings for User Entity Instance: top_coprocessador:meu_nucleo_grafico|paleta_rom:u_paleta|altsyncram:altsyncram_component ;
+------------------------------------+----------------------+---------------------------------------------------------------------------+
; Parameter Name                     ; Value                ; Type                                                                      ;
+------------------------------------+----------------------+---------------------------------------------------------------------------+
; BYTE_SIZE_BLOCK                    ; 8                    ; Untyped                                                                   ;
; AUTO_CARRY_CHAINS                  ; ON                   ; AUTO_CARRY                                                                ;
; IGNORE_CARRY_BUFFERS               ; OFF                  ; IGNORE_CARRY                                                              ;
; AUTO_CASCADE_CHAINS                ; ON                   ; AUTO_CASCADE                                                              ;
; IGNORE_CASCADE_BUFFERS             ; OFF                  ; IGNORE_CASCADE                                                            ;
; WIDTH_BYTEENA                      ; 1                    ; Untyped                                                                   ;
; OPERATION_MODE                     ; ROM                  ; Untyped                                                                   ;
; WIDTH_A                            ; 24                   ; Signed Integer                                                            ;
; WIDTHAD_A                          ; 8                    ; Signed Integer                                                            ;
; NUMWORDS_A                         ; 256                  ; Signed Integer                                                            ;
; OUTDATA_REG_A                      ; UNREGISTERED         ; Untyped                                                                   ;
; ADDRESS_ACLR_A                     ; NONE                 ; Untyped                                                                   ;
; OUTDATA_ACLR_A                     ; NONE                 ; Untyped                                                                   ;
; WRCONTROL_ACLR_A                   ; NONE                 ; Untyped                                                                   ;
; INDATA_ACLR_A                      ; NONE                 ; Untyped                                                                   ;
; BYTEENA_ACLR_A                     ; NONE                 ; Untyped                                                                   ;
; WIDTH_B                            ; 1                    ; Untyped                                                                   ;
; WIDTHAD_B                          ; 1                    ; Untyped                                                                   ;
; NUMWORDS_B                         ; 1                    ; Untyped                                                                   ;
; INDATA_REG_B                       ; CLOCK1               ; Untyped                                                                   ;
; WRCONTROL_WRADDRESS_REG_B          ; CLOCK1               ; Untyped                                                                   ;
; RDCONTROL_REG_B                    ; CLOCK1               ; Untyped                                                                   ;
; ADDRESS_REG_B                      ; CLOCK1               ; Untyped                                                                   ;
; OUTDATA_REG_B                      ; UNREGISTERED         ; Untyped                                                                   ;
; BYTEENA_REG_B                      ; CLOCK1               ; Untyped                                                                   ;
; INDATA_ACLR_B                      ; NONE                 ; Untyped                                                                   ;
; WRCONTROL_ACLR_B                   ; NONE                 ; Untyped                                                                   ;
; ADDRESS_ACLR_B                     ; NONE                 ; Untyped                                                                   ;
; OUTDATA_ACLR_B                     ; NONE                 ; Untyped                                                                   ;
; RDCONTROL_ACLR_B                   ; NONE                 ; Untyped                                                                   ;
; BYTEENA_ACLR_B                     ; NONE                 ; Untyped                                                                   ;
; WIDTH_BYTEENA_A                    ; 1                    ; Signed Integer                                                            ;
; WIDTH_BYTEENA_B                    ; 1                    ; Untyped                                                                   ;
; RAM_BLOCK_TYPE                     ; AUTO                 ; Untyped                                                                   ;
; BYTE_SIZE                          ; 8                    ; Untyped                                                                   ;
; READ_DURING_WRITE_MODE_MIXED_PORTS ; DONT_CARE            ; Untyped                                                                   ;
; READ_DURING_WRITE_MODE_PORT_A      ; NEW_DATA_NO_NBE_READ ; Untyped                                                                   ;
; READ_DURING_WRITE_MODE_PORT_B      ; NEW_DATA_NO_NBE_READ ; Untyped                                                                   ;
; INIT_FILE                          ; paleta.mif           ; Untyped                                                                   ;
; INIT_FILE_LAYOUT                   ; PORT_A               ; Untyped                                                                   ;
; MAXIMUM_DEPTH                      ; 0                    ; Untyped                                                                   ;
; CLOCK_ENABLE_INPUT_A               ; BYPASS               ; Untyped                                                                   ;
; CLOCK_ENABLE_INPUT_B               ; NORMAL               ; Untyped                                                                   ;
; CLOCK_ENABLE_OUTPUT_A              ; BYPASS               ; Untyped                                                                   ;
; CLOCK_ENABLE_OUTPUT_B              ; NORMAL               ; Untyped                                                                   ;
; CLOCK_ENABLE_CORE_A                ; USE_INPUT_CLKEN      ; Untyped                                                                   ;
; CLOCK_ENABLE_CORE_B                ; USE_INPUT_CLKEN      ; Untyped                                                                   ;
; ENABLE_ECC                         ; FALSE                ; Untyped                                                                   ;
; ECC_PIPELINE_STAGE_ENABLED         ; FALSE                ; Untyped                                                                   ;
; WIDTH_ECCSTATUS                    ; 3                    ; Untyped                                                                   ;
; DEVICE_FAMILY                      ; Cyclone V            ; Untyped                                                                   ;
; CBXI_PARAMETER                     ; altsyncram_a6g1      ; Untyped                                                                   ;
+------------------------------------+----------------------+---------------------------------------------------------------------------+
Note: In order to hide this table in the UI and the text report file, please set the "Show Parameter Settings in Synthesis Report" option in "Analysis and Synthesis Settings -> More Settings" to "Off".


+------------------------------------------------------------------------------------------------------------------+
; Parameter Settings for User Entity Instance: top_coprocessador:meu_nucleo_grafico|unidade_de_controle:u_controle ;
+------------------+-------+---------------------------------------------------------------------------------------+
; Parameter Name   ; Value ; Type                                                                                  ;
+------------------+-------+---------------------------------------------------------------------------------------+
; STATE_SCROLL     ; 000   ; Unsigned Binary                                                                       ;
; STATE_SPRITE     ; 001   ; Unsigned Binary                                                                       ;
; STATE_RECT_COLOR ; 010   ; Unsigned Binary                                                                       ;
; STATE_TRI_COLOR  ; 011   ; Unsigned Binary                                                                       ;
; STATE_TILE_EDIT  ; 100   ; Unsigned Binary                                                                       ;
+------------------+-------+---------------------------------------------------------------------------------------+
Note: In order to hide this table in the UI and the text report file, please set the "Show Parameter Settings in Synthesis Report" option in "Analysis and Synthesis Settings -> More Settings" to "Off".


+-------------------------------------------------------------------------------------------------------+
; Parameter Settings for User Entity Instance: top_coprocessador:meu_nucleo_grafico|vga_driver:u_driver ;
+----------------+------------+-------------------------------------------------------------------------+
; Parameter Name ; Value      ; Type                                                                    ;
+----------------+------------+-------------------------------------------------------------------------+
; H_ACTIVE       ; 1001111111 ; Unsigned Binary                                                         ;
; H_FRONT        ; 0000001111 ; Unsigned Binary                                                         ;
; H_PULSE        ; 0001011111 ; Unsigned Binary                                                         ;
; H_BACK         ; 0000101111 ; Unsigned Binary                                                         ;
; V_ACTIVE       ; 0111011111 ; Unsigned Binary                                                         ;
; V_FRONT        ; 0000001001 ; Unsigned Binary                                                         ;
; V_PULSE        ; 0000000001 ; Unsigned Binary                                                         ;
; V_BACK         ; 0000100000 ; Unsigned Binary                                                         ;
; H_ACTIVE_STATE ; 00000000   ; Unsigned Binary                                                         ;
; H_FRONT_STATE  ; 00000001   ; Unsigned Binary                                                         ;
; H_PULSE_STATE  ; 00000010   ; Unsigned Binary                                                         ;
; H_BACK_STATE   ; 00000011   ; Unsigned Binary                                                         ;
; V_ACTIVE_STATE ; 00000000   ; Unsigned Binary                                                         ;
; V_FRONT_STATE  ; 00000001   ; Unsigned Binary                                                         ;
; V_PULSE_STATE  ; 00000010   ; Unsigned Binary                                                         ;
; V_BACK_STATE   ; 00000011   ; Unsigned Binary                                                         ;
+----------------+------------+-------------------------------------------------------------------------+
Note: In order to hide this table in the UI and the text report file, please set the "Show Parameter Settings in Synthesis Report" option in "Analysis and Synthesis Settings -> More Settings" to "Off".


+-------------------------------------------------------------------------------------------------------------------------------------------------------------------------------------+
; Parameter Settings for User Entity Instance: top_coprocessador:meu_nucleo_grafico|background_renderer:u_bkg_renderer|ram_tilemap_2port:tilemap_inst|altsyncram:altsyncram_component ;
+------------------------------------+----------------------+-------------------------------------------------------------------------------------------------------------------------+
; Parameter Name                     ; Value                ; Type                                                                                                                    ;
+------------------------------------+----------------------+-------------------------------------------------------------------------------------------------------------------------+
; BYTE_SIZE_BLOCK                    ; 8                    ; Untyped                                                                                                                 ;
; AUTO_CARRY_CHAINS                  ; ON                   ; AUTO_CARRY                                                                                                              ;
; IGNORE_CARRY_BUFFERS               ; OFF                  ; IGNORE_CARRY                                                                                                            ;
; AUTO_CASCADE_CHAINS                ; ON                   ; AUTO_CASCADE                                                                                                            ;
; IGNORE_CASCADE_BUFFERS             ; OFF                  ; IGNORE_CASCADE                                                                                                          ;
; WIDTH_BYTEENA                      ; 1                    ; Untyped                                                                                                                 ;
; OPERATION_MODE                     ; DUAL_PORT            ; Untyped                                                                                                                 ;
; WIDTH_A                            ; 8                    ; Signed Integer                                                                                                          ;
; WIDTHAD_A                          ; 11                   ; Signed Integer                                                                                                          ;
; NUMWORDS_A                         ; 2048                 ; Signed Integer                                                                                                          ;
; OUTDATA_REG_A                      ; UNREGISTERED         ; Untyped                                                                                                                 ;
; ADDRESS_ACLR_A                     ; NONE                 ; Untyped                                                                                                                 ;
; OUTDATA_ACLR_A                     ; NONE                 ; Untyped                                                                                                                 ;
; WRCONTROL_ACLR_A                   ; NONE                 ; Untyped                                                                                                                 ;
; INDATA_ACLR_A                      ; NONE                 ; Untyped                                                                                                                 ;
; BYTEENA_ACLR_A                     ; NONE                 ; Untyped                                                                                                                 ;
; WIDTH_B                            ; 8                    ; Signed Integer                                                                                                          ;
; WIDTHAD_B                          ; 11                   ; Signed Integer                                                                                                          ;
; NUMWORDS_B                         ; 2048                 ; Signed Integer                                                                                                          ;
; INDATA_REG_B                       ; CLOCK1               ; Untyped                                                                                                                 ;
; WRCONTROL_WRADDRESS_REG_B          ; CLOCK1               ; Untyped                                                                                                                 ;
; RDCONTROL_REG_B                    ; CLOCK1               ; Untyped                                                                                                                 ;
; ADDRESS_REG_B                      ; CLOCK0               ; Untyped                                                                                                                 ;
; OUTDATA_REG_B                      ; CLOCK0               ; Untyped                                                                                                                 ;
; BYTEENA_REG_B                      ; CLOCK1               ; Untyped                                                                                                                 ;
; INDATA_ACLR_B                      ; NONE                 ; Untyped                                                                                                                 ;
; WRCONTROL_ACLR_B                   ; NONE                 ; Untyped                                                                                                                 ;
; ADDRESS_ACLR_B                     ; NONE                 ; Untyped                                                                                                                 ;
; OUTDATA_ACLR_B                     ; NONE                 ; Untyped                                                                                                                 ;
; RDCONTROL_ACLR_B                   ; NONE                 ; Untyped                                                                                                                 ;
; BYTEENA_ACLR_B                     ; NONE                 ; Untyped                                                                                                                 ;
; WIDTH_BYTEENA_A                    ; 1                    ; Signed Integer                                                                                                          ;
; WIDTH_BYTEENA_B                    ; 1                    ; Untyped                                                                                                                 ;
; RAM_BLOCK_TYPE                     ; AUTO                 ; Untyped                                                                                                                 ;
; BYTE_SIZE                          ; 8                    ; Untyped                                                                                                                 ;
; READ_DURING_WRITE_MODE_MIXED_PORTS ; DONT_CARE            ; Untyped                                                                                                                 ;
; READ_DURING_WRITE_MODE_PORT_A      ; NEW_DATA_NO_NBE_READ ; Untyped                                                                                                                 ;
; READ_DURING_WRITE_MODE_PORT_B      ; NEW_DATA_NO_NBE_READ ; Untyped                                                                                                                 ;
; INIT_FILE                          ; tilemap_back.mif     ; Untyped                                                                                                                 ;
; INIT_FILE_LAYOUT                   ; PORT_A               ; Untyped                                                                                                                 ;
; MAXIMUM_DEPTH                      ; 0                    ; Untyped                                                                                                                 ;
; CLOCK_ENABLE_INPUT_A               ; BYPASS               ; Untyped                                                                                                                 ;
; CLOCK_ENABLE_INPUT_B               ; BYPASS               ; Untyped                                                                                                                 ;
; CLOCK_ENABLE_OUTPUT_A              ; NORMAL               ; Untyped                                                                                                                 ;
; CLOCK_ENABLE_OUTPUT_B              ; BYPASS               ; Untyped                                                                                                                 ;
; CLOCK_ENABLE_CORE_A                ; USE_INPUT_CLKEN      ; Untyped                                                                                                                 ;
; CLOCK_ENABLE_CORE_B                ; USE_INPUT_CLKEN      ; Untyped                                                                                                                 ;
; ENABLE_ECC                         ; FALSE                ; Untyped                                                                                                                 ;
; ECC_PIPELINE_STAGE_ENABLED         ; FALSE                ; Untyped                                                                                                                 ;
; WIDTH_ECCSTATUS                    ; 3                    ; Untyped                                                                                                                 ;
; DEVICE_FAMILY                      ; Cyclone V            ; Untyped                                                                                                                 ;
; CBXI_PARAMETER                     ; altsyncram_ug02      ; Untyped                                                                                                                 ;
+------------------------------------+----------------------+-------------------------------------------------------------------------------------------------------------------------+
Note: In order to hide this table in the UI and the text report file, please set the "Show Parameter Settings in Synthesis Report" option in "Analysis and Synthesis Settings -> More Settings" to "Off".


+------------------------------------------------------------------------------------------------------------------------------------------------------------------------------------+
; altsyncram Parameter Settings by Entity Instance                                                                                                                                   ;
+-------------------------------------------+----------------------------------------------------------------------------------------------------------------------------------------+
; Name                                      ; Value                                                                                                                                  ;
+-------------------------------------------+----------------------------------------------------------------------------------------------------------------------------------------+
; Number of entity instances                ; 4                                                                                                                                      ;
; Entity Instance                           ; top_coprocessador:meu_nucleo_grafico|ram_tile:u_bkg_tiles_rom|altsyncram:altsyncram_component                                          ;
;     -- OPERATION_MODE                     ; DUAL_PORT                                                                                                                              ;
;     -- WIDTH_A                            ; 8                                                                                                                                      ;
;     -- NUMWORDS_A                         ; 16384                                                                                                                                  ;
;     -- OUTDATA_REG_A                      ; UNREGISTERED                                                                                                                           ;
;     -- WIDTH_B                            ; 8                                                                                                                                      ;
;     -- NUMWORDS_B                         ; 16384                                                                                                                                  ;
;     -- ADDRESS_REG_B                      ; CLOCK0                                                                                                                                 ;
;     -- OUTDATA_REG_B                      ; UNREGISTERED                                                                                                                           ;
;     -- RAM_BLOCK_TYPE                     ; M10K                                                                                                                                   ;
;     -- READ_DURING_WRITE_MODE_MIXED_PORTS ; DONT_CARE                                                                                                                              ;
; Entity Instance                           ; top_coprocessador:meu_nucleo_grafico|rom_memoria2:u_sprites_rom|altsyncram:altsyncram_component                                        ;
;     -- OPERATION_MODE                     ; BIDIR_DUAL_PORT                                                                                                                        ;
;     -- WIDTH_A                            ; 8                                                                                                                                      ;
;     -- NUMWORDS_A                         ; 16384                                                                                                                                  ;
;     -- OUTDATA_REG_A                      ; UNREGISTERED                                                                                                                           ;
;     -- WIDTH_B                            ; 8                                                                                                                                      ;
;     -- NUMWORDS_B                         ; 16384                                                                                                                                  ;
;     -- ADDRESS_REG_B                      ; CLOCK0                                                                                                                                 ;
;     -- OUTDATA_REG_B                      ; UNREGISTERED                                                                                                                           ;
;     -- RAM_BLOCK_TYPE                     ; AUTO                                                                                                                                   ;
;     -- READ_DURING_WRITE_MODE_MIXED_PORTS ; DONT_CARE                                                                                                                              ;
; Entity Instance                           ; top_coprocessador:meu_nucleo_grafico|paleta_rom:u_paleta|altsyncram:altsyncram_component                                               ;
;     -- OPERATION_MODE                     ; ROM                                                                                                                                    ;
;     -- WIDTH_A                            ; 24                                                                                                                                     ;
;     -- NUMWORDS_A                         ; 256                                                                                                                                    ;
;     -- OUTDATA_REG_A                      ; UNREGISTERED                                                                                                                           ;
;     -- WIDTH_B                            ; 1                                                                                                                                      ;
;     -- NUMWORDS_B                         ; 1                                                                                                                                      ;
;     -- ADDRESS_REG_B                      ; CLOCK1                                                                                                                                 ;
;     -- OUTDATA_REG_B                      ; UNREGISTERED                                                                                                                           ;
;     -- RAM_BLOCK_TYPE                     ; AUTO                                                                                                                                   ;
;     -- READ_DURING_WRITE_MODE_MIXED_PORTS ; DONT_CARE                                                                                                                              ;
; Entity Instance                           ; top_coprocessador:meu_nucleo_grafico|background_renderer:u_bkg_renderer|ram_tilemap_2port:tilemap_inst|altsyncram:altsyncram_component ;
;     -- OPERATION_MODE                     ; DUAL_PORT                                                                                                                              ;
;     -- WIDTH_A                            ; 8                                                                                                                                      ;
;     -- NUMWORDS_A                         ; 2048                                                                                                                                   ;
;     -- OUTDATA_REG_A                      ; UNREGISTERED                                                                                                                           ;
;     -- WIDTH_B                            ; 8                                                                                                                                      ;
;     -- NUMWORDS_B                         ; 2048                                                                                                                                   ;
;     -- ADDRESS_REG_B                      ; CLOCK0                                                                                                                                 ;
;     -- OUTDATA_REG_B                      ; CLOCK0                                                                                                                                 ;
;     -- RAM_BLOCK_TYPE                     ; AUTO                                                                                                                                   ;
;     -- READ_DURING_WRITE_MODE_MIXED_PORTS ; DONT_CARE                                                                                                                              ;
+-------------------------------------------+----------------------------------------------------------------------------------------------------------------------------------------+


+-------------------------------------------------------------------------------------------------------+
; Port Connectivity Checks: "top_coprocessador:meu_nucleo_grafico|rasterizador_poligonos:u_poly_raster" ;
+---------------+-------+----------+--------------------------------------------------------------------+
; Port          ; Type  ; Severity ; Details                                                            ;
+---------------+-------+----------+--------------------------------------------------------------------+
; rect_x0[8..5] ; Input ; Info     ; Stuck at GND                                                       ;
; rect_x0[1..0] ; Input ; Info     ; Stuck at GND                                                       ;
; rect_x0[4]    ; Input ; Info     ; Stuck at VCC                                                       ;
; rect_x0[3]    ; Input ; Info     ; Stuck at GND                                                       ;
; rect_x0[2]    ; Input ; Info     ; Stuck at VCC                                                       ;
; rect_y0[7..6] ; Input ; Info     ; Stuck at GND                                                       ;
; rect_y0[2..0] ; Input ; Info     ; Stuck at GND                                                       ;
; rect_y0[5]    ; Input ; Info     ; Stuck at VCC                                                       ;
; rect_y0[4]    ; Input ; Info     ; Stuck at GND                                                       ;
; rect_y0[3]    ; Input ; Info     ; Stuck at VCC                                                       ;
; rect_x1[5..2] ; Input ; Info     ; Stuck at VCC                                                       ;
; rect_x1[8..6] ; Input ; Info     ; Stuck at GND                                                       ;
; rect_x1[1..0] ; Input ; Info     ; Stuck at GND                                                       ;
; rect_y1[6..5] ; Input ; Info     ; Stuck at VCC                                                       ;
; rect_y1[3..1] ; Input ; Info     ; Stuck at VCC                                                       ;
; rect_y1[7]    ; Input ; Info     ; Stuck at GND                                                       ;
; rect_y1[4]    ; Input ; Info     ; Stuck at GND                                                       ;
; rect_y1[0]    ; Input ; Info     ; Stuck at GND                                                       ;
; tri_x0[7..6]  ; Input ; Info     ; Stuck at VCC                                                       ;
; tri_x0[4..2]  ; Input ; Info     ; Stuck at VCC                                                       ;
; tri_x0[9..8]  ; Input ; Info     ; Stuck at GND                                                       ;
; tri_x0[1..0]  ; Input ; Info     ; Stuck at GND                                                       ;
; tri_x0[5]     ; Input ; Info     ; Stuck at GND                                                       ;
; tri_y0[4..1]  ; Input ; Info     ; Stuck at VCC                                                       ;
; tri_y0[8..5]  ; Input ; Info     ; Stuck at GND                                                       ;
; tri_y0[0]     ; Input ; Info     ; Stuck at GND                                                       ;
; tri_x1[5..1]  ; Input ; Info     ; Stuck at VCC                                                       ;
; tri_x1[9..8]  ; Input ; Info     ; Stuck at GND                                                       ;
; tri_x1[7]     ; Input ; Info     ; Stuck at VCC                                                       ;
; tri_x1[6]     ; Input ; Info     ; Stuck at GND                                                       ;
; tri_x1[0]     ; Input ; Info     ; Stuck at GND                                                       ;
; tri_y1[6..4]  ; Input ; Info     ; Stuck at VCC                                                       ;
; tri_y1[1..0]  ; Input ; Info     ; Stuck at VCC                                                       ;
; tri_y1[8..7]  ; Input ; Info     ; Stuck at GND                                                       ;
; tri_y1[3..2]  ; Input ; Info     ; Stuck at GND                                                       ;
; tri_x2[7..3]  ; Input ; Info     ; Stuck at VCC                                                       ;
; tri_x2[9..8]  ; Input ; Info     ; Stuck at GND                                                       ;
; tri_x2[2]     ; Input ; Info     ; Stuck at GND                                                       ;
; tri_x2[1]     ; Input ; Info     ; Stuck at VCC                                                       ;
; tri_x2[0]     ; Input ; Info     ; Stuck at GND                                                       ;
; tri_y2[6..4]  ; Input ; Info     ; Stuck at VCC                                                       ;
; tri_y2[1..0]  ; Input ; Info     ; Stuck at VCC                                                       ;
; tri_y2[8..7]  ; Input ; Info     ; Stuck at GND                                                       ;
; tri_y2[3..2]  ; Input ; Info     ; Stuck at GND                                                       ;
+---------------+-------+----------+--------------------------------------------------------------------+


+------------------------------------------------------------------------------------------------------------------------------------+
; Port Connectivity Checks: "top_coprocessador:meu_nucleo_grafico|background_renderer:u_bkg_renderer|ram_tilemap_2port:tilemap_inst" ;
+-----------+-------+----------+-----------------------------------------------------------------------------------------------------+
; Port      ; Type  ; Severity ; Details                                                                                             ;
+-----------+-------+----------+-----------------------------------------------------------------------------------------------------+
; data      ; Input ; Info     ; Stuck at GND                                                                                        ;
; wraddress ; Input ; Info     ; Stuck at GND                                                                                        ;
; wren      ; Input ; Info     ; Stuck at GND                                                                                        ;
+-----------+-------+----------+-----------------------------------------------------------------------------------------------------+


+---------------------------------------------------------------------------------------------------------------------+
; Port Connectivity Checks: "top_coprocessador:meu_nucleo_grafico|vga_driver:u_driver"                                ;
+-----------+--------+----------+-------------------------------------------------------------------------------------+
; Port      ; Type   ; Severity ; Details                                                                             ;
+-----------+--------+----------+-------------------------------------------------------------------------------------+
; next_x[0] ; Output ; Info     ; Connected to dangling logic. Logic that only feeds a dangling port will be removed. ;
; next_y[9] ; Output ; Info     ; Connected to dangling logic. Logic that only feeds a dangling port will be removed. ;
; next_y[0] ; Output ; Info     ; Connected to dangling logic. Logic that only feeds a dangling port will be removed. ;
+-----------+--------+----------+-------------------------------------------------------------------------------------+


+------------------------------------------------------------------------------------------------------------------------+
; Port Connectivity Checks: "top_coprocessador:meu_nucleo_grafico|unidade_de_controle:u_controle"                        ;
+--------------+--------+----------+-------------------------------------------------------------------------------------+
; Port         ; Type   ; Severity ; Details                                                                             ;
+--------------+--------+----------+-------------------------------------------------------------------------------------+
; is_tile_mode ; Output ; Info     ; Connected to dangling logic. Logic that only feeds a dangling port will be removed. ;
+--------------+--------+----------+-------------------------------------------------------------------------------------+


+---------------------------------------------------------------------------------------------+
; Port Connectivity Checks: "top_coprocessador:meu_nucleo_grafico|rom_memoria2:u_sprites_rom" ;
+-----------+--------+----------+-------------------------------------------------------------+
; Port      ; Type   ; Severity ; Details                                                     ;
+-----------+--------+----------+-------------------------------------------------------------+
; address_a ; Input  ; Info     ; Stuck at GND                                                ;
; q_a       ; Output ; Info     ; Explicitly unconnected                                      ;
+-----------+--------+----------+-------------------------------------------------------------+


+-------------------------------------------------------------------------------------------+
; Port Connectivity Checks: "top_coprocessador:meu_nucleo_grafico|ram_tile:u_bkg_tiles_rom" ;
+-----------+-------+----------+------------------------------------------------------------+
; Port      ; Type  ; Severity ; Details                                                    ;
+-----------+-------+----------+------------------------------------------------------------+
; data      ; Input ; Info     ; Stuck at GND                                               ;
; wraddress ; Input ; Info     ; Stuck at GND                                               ;
; wren      ; Input ; Info     ; Stuck at GND                                               ;
+-----------+-------+----------+------------------------------------------------------------+


+-----------------------------------------------------+
; Post-Synthesis Netlist Statistics for Top Partition ;
+-----------------------+-----------------------------+
; Type                  ; Count                       ;
+-----------------------+-----------------------------+
; arriav_ff             ; 163                         ;
;     CLR               ; 26                          ;
;     CLR SCLR          ; 8                           ;
;     ENA               ; 9                           ;
;     ENA SCLR          ; 27                          ;
;     ENA SLD           ; 24                          ;
;     SCLR              ; 42                          ;
;     SLD               ; 18                          ;
;     plain             ; 9                           ;
; arriav_io_obuf        ; 96                          ;
; arriav_lcell_comb     ; 362                         ;
;     arith             ; 143                         ;
;         0 data inputs ; 14                          ;
;         1 data inputs ; 34                          ;
;         2 data inputs ; 60                          ;
;         3 data inputs ; 29                          ;
;         4 data inputs ; 3                           ;
;         5 data inputs ; 3                           ;
;     extend            ; 1                           ;
;         7 data inputs ; 1                           ;
;     normal            ; 218                         ;
;         0 data inputs ; 2                           ;
;         1 data inputs ; 11                          ;
;         2 data inputs ; 26                          ;
;         3 data inputs ; 26                          ;
;         4 data inputs ; 25                          ;
;         5 data inputs ; 63                          ;
;         6 data inputs ; 65                          ;
; arriav_mac            ; 6                           ;
; boundary_port         ; 241                         ;
; stratixv_ram_block    ; 56                          ;
;                       ;                             ;
; Max LUT depth         ; 5.00                        ;
; Average LUT depth     ; 1.95                        ;
+-----------------------+-----------------------------+


+-------------------------------+
; Elapsed Time Per Partition    ;
+----------------+--------------+
; Partition Name ; Elapsed Time ;
+----------------+--------------+
; Top            ; 00:00:01     ;
+----------------+--------------+


+-------------------------------+
; Analysis & Synthesis Messages ;
+-------------------------------+
Info: *******************************************************************
Info: Running Quartus Prime Analysis & Synthesis
    Info: Version 25.1std.0 Build 1129 10/21/2025 SC Standard Edition
    Info: Processing started: Wed Sep  2 00:11:56 2026
Info: Command: quartus_map --read_settings_files=on --write_settings_files=off Problema1 -c Problema1
Warning (18236): Number of processors has not been specified which may cause overloading on shared machines.  Set the global assignment NUM_PARALLEL_PROCESSORS in your QSF to an appropriate value for best performance.
Info (20030): Parallel compilation is enabled and will use 4 of the 4 processors detected
Info (12021): Found 1 design units, including 1 entities, in source file de1_soc_golden_top.v
    Info (12023): Found entity 1: DE1_SOC_golden_top File: C:/Users/kmbma/Documents/Arquitetura e MI/Final/Coprocessador_V5 Caio Menos Bugs/Coprocessador_V5/Coprocessador_V3 (SE DEUS QUISER A ULTIMA)/DE1_SOC_golden_top.v Line: 54
Info (12021): Found 1 design units, including 1 entities, in source file vga_driver.v
    Info (12023): Found entity 1: vga_driver File: C:/Users/kmbma/Documents/Arquitetura e MI/Final/Coprocessador_V5 Caio Menos Bugs/Coprocessador_V5/Coprocessador_V3 (SE DEUS QUISER A ULTIMA)/vga_driver.v Line: 1
Info (12021): Found 1 design units, including 1 entities, in source file rasterizador_poligonos.v
    Info (12023): Found entity 1: rasterizador_poligonos File: C:/Users/kmbma/Documents/Arquitetura e MI/Final/Coprocessador_V5 Caio Menos Bugs/Coprocessador_V5/Coprocessador_V3 (SE DEUS QUISER A ULTIMA)/rasterizador_poligonos.v Line: 1
Info (12021): Found 1 design units, including 1 entities, in source file background_renderer.v
    Info (12023): Found entity 1: background_renderer File: C:/Users/kmbma/Documents/Arquitetura e MI/Final/Coprocessador_V5 Caio Menos Bugs/Coprocessador_V5/Coprocessador_V3 (SE DEUS QUISER A ULTIMA)/background_renderer.v Line: 1
Info (12021): Found 1 design units, including 1 entities, in source file motor_sprite.v
    Info (12023): Found entity 1: motor_sprite File: C:/Users/kmbma/Documents/Arquitetura e MI/Final/Coprocessador_V5 Caio Menos Bugs/Coprocessador_V5/Coprocessador_V3 (SE DEUS QUISER A ULTIMA)/motor_sprite.v Line: 1
Info (12021): Found 1 design units, including 1 entities, in source file top_coprocessador.v
    Info (12023): Found entity 1: top_coprocessador File: C:/Users/kmbma/Documents/Arquitetura e MI/Final/Coprocessador_V5 Caio Menos Bugs/Coprocessador_V5/Coprocessador_V3 (SE DEUS QUISER A ULTIMA)/top_coprocessador.v Line: 1
Info (12021): Found 1 design units, including 1 entities, in source file rom_memoria2.v
    Info (12023): Found entity 1: rom_memoria2 File: C:/Users/kmbma/Documents/Arquitetura e MI/Final/Coprocessador_V5 Caio Menos Bugs/Coprocessador_V5/Coprocessador_V3 (SE DEUS QUISER A ULTIMA)/rom_memoria2.v Line: 40
Info (12021): Found 1 design units, including 1 entities, in source file unidade_de_controle.v
    Info (12023): Found entity 1: unidade_de_controle File: C:/Users/kmbma/Documents/Arquitetura e MI/Final/Coprocessador_V5 Caio Menos Bugs/Coprocessador_V5/Coprocessador_V3 (SE DEUS QUISER A ULTIMA)/unidade_de_controle.v Line: 1
Info (12021): Found 1 design units, including 1 entities, in source file ram_tilemap_2port.v
    Info (12023): Found entity 1: ram_tilemap_2port File: C:/Users/kmbma/Documents/Arquitetura e MI/Final/Coprocessador_V5 Caio Menos Bugs/Coprocessador_V5/Coprocessador_V3 (SE DEUS QUISER A ULTIMA)/ram_tilemap_2port.v Line: 40
Info (12021): Found 1 design units, including 1 entities, in source file ram_tile.v
    Info (12023): Found entity 1: ram_tile File: C:/Users/kmbma/Documents/Arquitetura e MI/Final/Coprocessador_V5 Caio Menos Bugs/Coprocessador_V5/Coprocessador_V3 (SE DEUS QUISER A ULTIMA)/ram_tile.v Line: 40
Info (12021): Found 1 design units, including 1 entities, in source file paleta_rom.v
    Info (12023): Found entity 1: paleta_rom File: C:/Users/kmbma/Documents/Arquitetura e MI/Final/Coprocessador_V5 Caio Menos Bugs/Coprocessador_V5/Coprocessador_V3 (SE DEUS QUISER A ULTIMA)/paleta_rom.v Line: 40
Info (12127): Elaborating entity "DE1_SOC_golden_top" for the top level hierarchy
Warning (10034): Output port "DRAM_ADDR" at DE1_SOC_golden_top.v(100) has no driver File: C:/Users/kmbma/Documents/Arquitetura e MI/Final/Coprocessador_V5 Caio Menos Bugs/Coprocessador_V5/Coprocessador_V3 (SE DEUS QUISER A ULTIMA)/DE1_SOC_golden_top.v Line: 100
Warning (10034): Output port "DRAM_BA" at DE1_SOC_golden_top.v(101) has no driver File: C:/Users/kmbma/Documents/Arquitetura e MI/Final/Coprocessador_V5 Caio Menos Bugs/Coprocessador_V5/Coprocessador_V3 (SE DEUS QUISER A ULTIMA)/DE1_SOC_golden_top.v Line: 101
Warning (10034): Output port "HEX0" at DE1_SOC_golden_top.v(133) has no driver File: C:/Users/kmbma/Documents/Arquitetura e MI/Final/Coprocessador_V5 Caio Menos Bugs/Coprocessador_V5/Coprocessador_V3 (SE DEUS QUISER A ULTIMA)/DE1_SOC_golden_top.v Line: 133
Warning (10034): Output port "HEX1" at DE1_SOC_golden_top.v(134) has no driver File: C:/Users/kmbma/Documents/Arquitetura e MI/Final/Coprocessador_V5 Caio Menos Bugs/Coprocessador_V5/Coprocessador_V3 (SE DEUS QUISER A ULTIMA)/DE1_SOC_golden_top.v Line: 134
Warning (10034): Output port "HEX2" at DE1_SOC_golden_top.v(135) has no driver File: C:/Users/kmbma/Documents/Arquitetura e MI/Final/Coprocessador_V5 Caio Menos Bugs/Coprocessador_V5/Coprocessador_V3 (SE DEUS QUISER A ULTIMA)/DE1_SOC_golden_top.v Line: 135
Warning (10034): Output port "HEX3" at DE1_SOC_golden_top.v(136) has no driver File: C:/Users/kmbma/Documents/Arquitetura e MI/Final/Coprocessador_V5 Caio Menos Bugs/Coprocessador_V5/Coprocessador_V3 (SE DEUS QUISER A ULTIMA)/DE1_SOC_golden_top.v Line: 136
Warning (10034): Output port "HEX4" at DE1_SOC_golden_top.v(137) has no driver File: C:/Users/kmbma/Documents/Arquitetura e MI/Final/Coprocessador_V5 Caio Menos Bugs/Coprocessador_V5/Coprocessador_V3 (SE DEUS QUISER A ULTIMA)/DE1_SOC_golden_top.v Line: 137
Warning (10034): Output port "HEX5" at DE1_SOC_golden_top.v(138) has no driver File: C:/Users/kmbma/Documents/Arquitetura e MI/Final/Coprocessador_V5 Caio Menos Bugs/Coprocessador_V5/Coprocessador_V3 (SE DEUS QUISER A ULTIMA)/DE1_SOC_golden_top.v Line: 138
Warning (10034): Output port "LEDR" at DE1_SOC_golden_top.v(210) has no driver File: C:/Users/kmbma/Documents/Arquitetura e MI/Final/Coprocessador_V5 Caio Menos Bugs/Coprocessador_V5/Coprocessador_V3 (SE DEUS QUISER A ULTIMA)/DE1_SOC_golden_top.v Line: 210
Warning (10034): Output port "ADC_CONVST" at DE1_SOC_golden_top.v(59) has no driver File: C:/Users/kmbma/Documents/Arquitetura e MI/Final/Coprocessador_V5 Caio Menos Bugs/Coprocessador_V5/Coprocessador_V3 (SE DEUS QUISER A ULTIMA)/DE1_SOC_golden_top.v Line: 59
Warning (10034): Output port "ADC_DIN" at DE1_SOC_golden_top.v(60) has no driver File: C:/Users/kmbma/Documents/Arquitetura e MI/Final/Coprocessador_V5 Caio Menos Bugs/Coprocessador_V5/Coprocessador_V3 (SE DEUS QUISER A ULTIMA)/DE1_SOC_golden_top.v Line: 60
Warning (10034): Output port "ADC_SCLK" at DE1_SOC_golden_top.v(62) has no driver File: C:/Users/kmbma/Documents/Arquitetura e MI/Final/Coprocessador_V5 Caio Menos Bugs/Coprocessador_V5/Coprocessador_V3 (SE DEUS QUISER A ULTIMA)/DE1_SOC_golden_top.v Line: 62
Warning (10034): Output port "AUD_DACDAT" at DE1_SOC_golden_top.v(72) has no driver File: C:/Users/kmbma/Documents/Arquitetura e MI/Final/Coprocessador_V5 Caio Menos Bugs/Coprocessador_V5/Coprocessador_V3 (SE DEUS QUISER A ULTIMA)/DE1_SOC_golden_top.v Line: 72
Warning (10034): Output port "AUD_XCK" at DE1_SOC_golden_top.v(74) has no driver File: C:/Users/kmbma/Documents/Arquitetura e MI/Final/Coprocessador_V5 Caio Menos Bugs/Coprocessador_V5/Coprocessador_V3 (SE DEUS QUISER A ULTIMA)/DE1_SOC_golden_top.v Line: 74
Warning (10034): Output port "DRAM_CAS_N" at DE1_SOC_golden_top.v(102) has no driver File: C:/Users/kmbma/Documents/Arquitetura e MI/Final/Coprocessador_V5 Caio Menos Bugs/Coprocessador_V5/Coprocessador_V3 (SE DEUS QUISER A ULTIMA)/DE1_SOC_golden_top.v Line: 102
Warning (10034): Output port "DRAM_CKE" at DE1_SOC_golden_top.v(103) has no driver File: C:/Users/kmbma/Documents/Arquitetura e MI/Final/Coprocessador_V5 Caio Menos Bugs/Coprocessador_V5/Coprocessador_V3 (SE DEUS QUISER A ULTIMA)/DE1_SOC_golden_top.v Line: 103
Warning (10034): Output port "DRAM_CLK" at DE1_SOC_golden_top.v(104) has no driver File: C:/Users/kmbma/Documents/Arquitetura e MI/Final/Coprocessador_V5 Caio Menos Bugs/Coprocessador_V5/Coprocessador_V3 (SE DEUS QUISER A ULTIMA)/DE1_SOC_golden_top.v Line: 104
Warning (10034): Output port "DRAM_CS_N" at DE1_SOC_golden_top.v(105) has no driver File: C:/Users/kmbma/Documents/Arquitetura e MI/Final/Coprocessador_V5 Caio Menos Bugs/Coprocessador_V5/Coprocessador_V3 (SE DEUS QUISER A ULTIMA)/DE1_SOC_golden_top.v Line: 105
Warning (10034): Output port "DRAM_LDQM" at DE1_SOC_golden_top.v(107) has no driver File: C:/Users/kmbma/Documents/Arquitetura e MI/Final/Coprocessador_V5 Caio Menos Bugs/Coprocessador_V5/Coprocessador_V3 (SE DEUS QUISER A ULTIMA)/DE1_SOC_golden_top.v Line: 107
Warning (10034): Output port "DRAM_RAS_N" at DE1_SOC_golden_top.v(108) has no driver File: C:/Users/kmbma/Documents/Arquitetura e MI/Final/Coprocessador_V5 Caio Menos Bugs/Coprocessador_V5/Coprocessador_V3 (SE DEUS QUISER A ULTIMA)/DE1_SOC_golden_top.v Line: 108
Warning (10034): Output port "DRAM_UDQM" at DE1_SOC_golden_top.v(109) has no driver File: C:/Users/kmbma/Documents/Arquitetura e MI/Final/Coprocessador_V5 Caio Menos Bugs/Coprocessador_V5/Coprocessador_V3 (SE DEUS QUISER A ULTIMA)/DE1_SOC_golden_top.v Line: 109
Warning (10034): Output port "DRAM_WE_N" at DE1_SOC_golden_top.v(110) has no driver File: C:/Users/kmbma/Documents/Arquitetura e MI/Final/Coprocessador_V5 Caio Menos Bugs/Coprocessador_V5/Coprocessador_V3 (SE DEUS QUISER A ULTIMA)/DE1_SOC_golden_top.v Line: 110
Warning (10034): Output port "FAN_CTRL" at DE1_SOC_golden_top.v(115) has no driver File: C:/Users/kmbma/Documents/Arquitetura e MI/Final/Coprocessador_V5 Caio Menos Bugs/Coprocessador_V5/Coprocessador_V3 (SE DEUS QUISER A ULTIMA)/DE1_SOC_golden_top.v Line: 115
Warning (10034): Output port "FPGA_I2C_SCLK" at DE1_SOC_golden_top.v(120) has no driver File: C:/Users/kmbma/Documents/Arquitetura e MI/Final/Coprocessador_V5 Caio Menos Bugs/Coprocessador_V5/Coprocessador_V3 (SE DEUS QUISER A ULTIMA)/DE1_SOC_golden_top.v Line: 120
Warning (10034): Output port "IRDA_TXD" at DE1_SOC_golden_top.v(200) has no driver File: C:/Users/kmbma/Documents/Arquitetura e MI/Final/Coprocessador_V5 Caio Menos Bugs/Coprocessador_V5/Coprocessador_V3 (SE DEUS QUISER A ULTIMA)/DE1_SOC_golden_top.v Line: 200
Warning (10034): Output port "TD_RESET_N" at DE1_SOC_golden_top.v(231) has no driver File: C:/Users/kmbma/Documents/Arquitetura e MI/Final/Coprocessador_V5 Caio Menos Bugs/Coprocessador_V5/Coprocessador_V3 (SE DEUS QUISER A ULTIMA)/DE1_SOC_golden_top.v Line: 231
Info (12128): Elaborating entity "top_coprocessador" for hierarchy "top_coprocessador:meu_nucleo_grafico" File: C:/Users/kmbma/Documents/Arquitetura e MI/Final/Coprocessador_V5 Caio Menos Bugs/Coprocessador_V5/Coprocessador_V3 (SE DEUS QUISER A ULTIMA)/DE1_SOC_golden_top.v Line: 271
Info (12128): Elaborating entity "ram_tile" for hierarchy "top_coprocessador:meu_nucleo_grafico|ram_tile:u_bkg_tiles_rom" File: C:/Users/kmbma/Documents/Arquitetura e MI/Final/Coprocessador_V5 Caio Menos Bugs/Coprocessador_V5/Coprocessador_V3 (SE DEUS QUISER A ULTIMA)/top_coprocessador.v Line: 87
Info (12128): Elaborating entity "altsyncram" for hierarchy "top_coprocessador:meu_nucleo_grafico|ram_tile:u_bkg_tiles_rom|altsyncram:altsyncram_component" File: C:/Users/kmbma/Documents/Arquitetura e MI/Final/Coprocessador_V5 Caio Menos Bugs/Coprocessador_V5/Coprocessador_V3 (SE DEUS QUISER A ULTIMA)/ram_tile.v Line: 89
Info (12130): Elaborated megafunction instantiation "top_coprocessador:meu_nucleo_grafico|ram_tile:u_bkg_tiles_rom|altsyncram:altsyncram_component" File: C:/Users/kmbma/Documents/Arquitetura e MI/Final/Coprocessador_V5 Caio Menos Bugs/Coprocessador_V5/Coprocessador_V3 (SE DEUS QUISER A ULTIMA)/ram_tile.v Line: 89
Info (12133): Instantiated megafunction "top_coprocessador:meu_nucleo_grafico|ram_tile:u_bkg_tiles_rom|altsyncram:altsyncram_component" with the following parameter: File: C:/Users/kmbma/Documents/Arquitetura e MI/Final/Coprocessador_V5 Caio Menos Bugs/Coprocessador_V5/Coprocessador_V3 (SE DEUS QUISER A ULTIMA)/ram_tile.v Line: 89
    Info (12134): Parameter "address_aclr_b" = "NONE"
    Info (12134): Parameter "address_reg_b" = "CLOCK0"
    Info (12134): Parameter "clock_enable_input_a" = "BYPASS"
    Info (12134): Parameter "clock_enable_input_b" = "BYPASS"
    Info (12134): Parameter "clock_enable_output_b" = "BYPASS"
    Info (12134): Parameter "init_file" = "tile_back.mif"
    Info (12134): Parameter "intended_device_family" = "Cyclone V"
    Info (12134): Parameter "lpm_type" = "altsyncram"
    Info (12134): Parameter "numwords_a" = "16384"
    Info (12134): Parameter "numwords_b" = "16384"
    Info (12134): Parameter "operation_mode" = "DUAL_PORT"
    Info (12134): Parameter "outdata_aclr_b" = "NONE"
    Info (12134): Parameter "outdata_reg_b" = "UNREGISTERED"
    Info (12134): Parameter "power_up_uninitialized" = "FALSE"
    Info (12134): Parameter "ram_block_type" = "M10K"
    Info (12134): Parameter "read_during_write_mode_mixed_ports" = "DONT_CARE"
    Info (12134): Parameter "widthad_a" = "14"
    Info (12134): Parameter "widthad_b" = "14"
    Info (12134): Parameter "width_a" = "8"
    Info (12134): Parameter "width_b" = "8"
    Info (12134): Parameter "width_byteena_a" = "1"
Info (12021): Found 1 design units, including 1 entities, in source file db/altsyncram_gu22.tdf
    Info (12023): Found entity 1: altsyncram_gu22 File: C:/Users/kmbma/Documents/Arquitetura e MI/Final/Coprocessador_V5 Caio Menos Bugs/Coprocessador_V5/Coprocessador_V3 (SE DEUS QUISER A ULTIMA)/db/altsyncram_gu22.tdf Line: 34
Info (12128): Elaborating entity "altsyncram_gu22" for hierarchy "top_coprocessador:meu_nucleo_grafico|ram_tile:u_bkg_tiles_rom|altsyncram:altsyncram_component|altsyncram_gu22:auto_generated" File: c:/altera_standard/25.1std/quartus/libraries/megafunctions/altsyncram.tdf Line: 792
Info (12021): Found 1 design units, including 1 entities, in source file db/decode_5la.tdf
    Info (12023): Found entity 1: decode_5la File: C:/Users/kmbma/Documents/Arquitetura e MI/Final/Coprocessador_V5 Caio Menos Bugs/Coprocessador_V5/Coprocessador_V3 (SE DEUS QUISER A ULTIMA)/db/decode_5la.tdf Line: 23
Info (12128): Elaborating entity "decode_5la" for hierarchy "top_coprocessador:meu_nucleo_grafico|ram_tile:u_bkg_tiles_rom|altsyncram:altsyncram_component|altsyncram_gu22:auto_generated|decode_5la:decode2" File: C:/Users/kmbma/Documents/Arquitetura e MI/Final/Coprocessador_V5 Caio Menos Bugs/Coprocessador_V5/Coprocessador_V3 (SE DEUS QUISER A ULTIMA)/db/altsyncram_gu22.tdf Line: 45
Info (12021): Found 1 design units, including 1 entities, in source file db/decode_u0a.tdf
    Info (12023): Found entity 1: decode_u0a File: C:/Users/kmbma/Documents/Arquitetura e MI/Final/Coprocessador_V5 Caio Menos Bugs/Coprocessador_V5/Coprocessador_V3 (SE DEUS QUISER A ULTIMA)/db/decode_u0a.tdf Line: 23
Info (12128): Elaborating entity "decode_u0a" for hierarchy "top_coprocessador:meu_nucleo_grafico|ram_tile:u_bkg_tiles_rom|altsyncram:altsyncram_component|altsyncram_gu22:auto_generated|decode_u0a:rden_decode_b" File: C:/Users/kmbma/Documents/Arquitetura e MI/Final/Coprocessador_V5 Caio Menos Bugs/Coprocessador_V5/Coprocessador_V3 (SE DEUS QUISER A ULTIMA)/db/altsyncram_gu22.tdf Line: 46
Info (12021): Found 1 design units, including 1 entities, in source file db/mux_lfb.tdf
    Info (12023): Found entity 1: mux_lfb File: C:/Users/kmbma/Documents/Arquitetura e MI/Final/Coprocessador_V5 Caio Menos Bugs/Coprocessador_V5/Coprocessador_V3 (SE DEUS QUISER A ULTIMA)/db/mux_lfb.tdf Line: 23
Info (12128): Elaborating entity "mux_lfb" for hierarchy "top_coprocessador:meu_nucleo_grafico|ram_tile:u_bkg_tiles_rom|altsyncram:altsyncram_component|altsyncram_gu22:auto_generated|mux_lfb:mux3" File: C:/Users/kmbma/Documents/Arquitetura e MI/Final/Coprocessador_V5 Caio Menos Bugs/Coprocessador_V5/Coprocessador_V3 (SE DEUS QUISER A ULTIMA)/db/altsyncram_gu22.tdf Line: 48
Info (12128): Elaborating entity "rom_memoria2" for hierarchy "top_coprocessador:meu_nucleo_grafico|rom_memoria2:u_sprites_rom" File: C:/Users/kmbma/Documents/Arquitetura e MI/Final/Coprocessador_V5 Caio Menos Bugs/Coprocessador_V5/Coprocessador_V3 (SE DEUS QUISER A ULTIMA)/top_coprocessador.v Line: 95
Info (12128): Elaborating entity "altsyncram" for hierarchy "top_coprocessador:meu_nucleo_grafico|rom_memoria2:u_sprites_rom|altsyncram:altsyncram_component" File: C:/Users/kmbma/Documents/Arquitetura e MI/Final/Coprocessador_V5 Caio Menos Bugs/Coprocessador_V5/Coprocessador_V3 (SE DEUS QUISER A ULTIMA)/rom_memoria2.v Line: 94
Info (12130): Elaborated megafunction instantiation "top_coprocessador:meu_nucleo_grafico|rom_memoria2:u_sprites_rom|altsyncram:altsyncram_component" File: C:/Users/kmbma/Documents/Arquitetura e MI/Final/Coprocessador_V5 Caio Menos Bugs/Coprocessador_V5/Coprocessador_V3 (SE DEUS QUISER A ULTIMA)/rom_memoria2.v Line: 94
Info (12133): Instantiated megafunction "top_coprocessador:meu_nucleo_grafico|rom_memoria2:u_sprites_rom|altsyncram:altsyncram_component" with the following parameter: File: C:/Users/kmbma/Documents/Arquitetura e MI/Final/Coprocessador_V5 Caio Menos Bugs/Coprocessador_V5/Coprocessador_V3 (SE DEUS QUISER A ULTIMA)/rom_memoria2.v Line: 94
    Info (12134): Parameter "address_reg_b" = "CLOCK0"
    Info (12134): Parameter "clock_enable_input_a" = "BYPASS"
    Info (12134): Parameter "clock_enable_input_b" = "BYPASS"
    Info (12134): Parameter "clock_enable_output_a" = "BYPASS"
    Info (12134): Parameter "clock_enable_output_b" = "BYPASS"
    Info (12134): Parameter "indata_reg_b" = "CLOCK0"
    Info (12134): Parameter "init_file" = "espace_invasor.mif"
    Info (12134): Parameter "intended_device_family" = "Cyclone V"
    Info (12134): Parameter "lpm_type" = "altsyncram"
    Info (12134): Parameter "numwords_a" = "16384"
    Info (12134): Parameter "numwords_b" = "16384"
    Info (12134): Parameter "operation_mode" = "BIDIR_DUAL_PORT"
    Info (12134): Parameter "outdata_aclr_a" = "NONE"
    Info (12134): Parameter "outdata_aclr_b" = "NONE"
    Info (12134): Parameter "outdata_reg_a" = "UNREGISTERED"
    Info (12134): Parameter "outdata_reg_b" = "UNREGISTERED"
    Info (12134): Parameter "power_up_uninitialized" = "FALSE"
    Info (12134): Parameter "widthad_a" = "14"
    Info (12134): Parameter "widthad_b" = "14"
    Info (12134): Parameter "width_a" = "8"
    Info (12134): Parameter "width_b" = "8"
    Info (12134): Parameter "width_byteena_a" = "1"
    Info (12134): Parameter "width_byteena_b" = "1"
    Info (12134): Parameter "wrcontrol_wraddress_reg_b" = "CLOCK0"
Info (12021): Found 1 design units, including 1 entities, in source file db/altsyncram_vga2.tdf
    Info (12023): Found entity 1: altsyncram_vga2 File: C:/Users/kmbma/Documents/Arquitetura e MI/Final/Coprocessador_V5 Caio Menos Bugs/Coprocessador_V5/Coprocessador_V3 (SE DEUS QUISER A ULTIMA)/db/altsyncram_vga2.tdf Line: 34
Info (12128): Elaborating entity "altsyncram_vga2" for hierarchy "top_coprocessador:meu_nucleo_grafico|rom_memoria2:u_sprites_rom|altsyncram:altsyncram_component|altsyncram_vga2:auto_generated" File: c:/altera_standard/25.1std/quartus/libraries/megafunctions/altsyncram.tdf Line: 792
Info (12128): Elaborating entity "paleta_rom" for hierarchy "top_coprocessador:meu_nucleo_grafico|paleta_rom:u_paleta" File: C:/Users/kmbma/Documents/Arquitetura e MI/Final/Coprocessador_V5 Caio Menos Bugs/Coprocessador_V5/Coprocessador_V3 (SE DEUS QUISER A ULTIMA)/top_coprocessador.v Line: 101
Info (12128): Elaborating entity "altsyncram" for hierarchy "top_coprocessador:meu_nucleo_grafico|paleta_rom:u_paleta|altsyncram:altsyncram_component" File: C:/Users/kmbma/Documents/Arquitetura e MI/Final/Coprocessador_V5 Caio Menos Bugs/Coprocessador_V5/Coprocessador_V3 (SE DEUS QUISER A ULTIMA)/paleta_rom.v Line: 82
Info (12130): Elaborated megafunction instantiation "top_coprocessador:meu_nucleo_grafico|paleta_rom:u_paleta|altsyncram:altsyncram_component" File: C:/Users/kmbma/Documents/Arquitetura e MI/Final/Coprocessador_V5 Caio Menos Bugs/Coprocessador_V5/Coprocessador_V3 (SE DEUS QUISER A ULTIMA)/paleta_rom.v Line: 82
Info (12133): Instantiated megafunction "top_coprocessador:meu_nucleo_grafico|paleta_rom:u_paleta|altsyncram:altsyncram_component" with the following parameter: File: C:/Users/kmbma/Documents/Arquitetura e MI/Final/Coprocessador_V5 Caio Menos Bugs/Coprocessador_V5/Coprocessador_V3 (SE DEUS QUISER A ULTIMA)/paleta_rom.v Line: 82
    Info (12134): Parameter "address_aclr_a" = "NONE"
    Info (12134): Parameter "clock_enable_input_a" = "BYPASS"
    Info (12134): Parameter "clock_enable_output_a" = "BYPASS"
    Info (12134): Parameter "init_file" = "paleta.mif"
    Info (12134): Parameter "intended_device_family" = "Cyclone V"
    Info (12134): Parameter "lpm_hint" = "ENABLE_RUNTIME_MOD=NO"
    Info (12134): Parameter "lpm_type" = "altsyncram"
    Info (12134): Parameter "numwords_a" = "256"
    Info (12134): Parameter "operation_mode" = "ROM"
    Info (12134): Parameter "outdata_aclr_a" = "NONE"
    Info (12134): Parameter "outdata_reg_a" = "UNREGISTERED"
    Info (12134): Parameter "widthad_a" = "8"
    Info (12134): Parameter "width_a" = "24"
    Info (12134): Parameter "width_byteena_a" = "1"
Info (12021): Found 1 design units, including 1 entities, in source file db/altsyncram_a6g1.tdf
    Info (12023): Found entity 1: altsyncram_a6g1 File: C:/Users/kmbma/Documents/Arquitetura e MI/Final/Coprocessador_V5 Caio Menos Bugs/Coprocessador_V5/Coprocessador_V3 (SE DEUS QUISER A ULTIMA)/db/altsyncram_a6g1.tdf Line: 28
Info (12128): Elaborating entity "altsyncram_a6g1" for hierarchy "top_coprocessador:meu_nucleo_grafico|paleta_rom:u_paleta|altsyncram:altsyncram_component|altsyncram_a6g1:auto_generated" File: c:/altera_standard/25.1std/quartus/libraries/megafunctions/altsyncram.tdf Line: 792
Info (12128): Elaborating entity "unidade_de_controle" for hierarchy "top_coprocessador:meu_nucleo_grafico|unidade_de_controle:u_controle" File: C:/Users/kmbma/Documents/Arquitetura e MI/Final/Coprocessador_V5 Caio Menos Bugs/Coprocessador_V5/Coprocessador_V3 (SE DEUS QUISER A ULTIMA)/top_coprocessador.v Line: 124
Info (12128): Elaborating entity "vga_driver" for hierarchy "top_coprocessador:meu_nucleo_grafico|vga_driver:u_driver" File: C:/Users/kmbma/Documents/Arquitetura e MI/Final/Coprocessador_V5 Caio Menos Bugs/Coprocessador_V5/Coprocessador_V3 (SE DEUS QUISER A ULTIMA)/top_coprocessador.v Line: 140
Info (12128): Elaborating entity "background_renderer" for hierarchy "top_coprocessador:meu_nucleo_grafico|background_renderer:u_bkg_renderer" File: C:/Users/kmbma/Documents/Arquitetura e MI/Final/Coprocessador_V5 Caio Menos Bugs/Coprocessador_V5/Coprocessador_V3 (SE DEUS QUISER A ULTIMA)/top_coprocessador.v Line: 152
Warning (10230): Verilog HDL assignment warning at background_renderer.v(17): truncated value with size 32 to match size of target (9) File: C:/Users/kmbma/Documents/Arquitetura e MI/Final/Coprocessador_V5 Caio Menos Bugs/Coprocessador_V5/Coprocessador_V3 (SE DEUS QUISER A ULTIMA)/background_renderer.v Line: 17
Warning (10230): Verilog HDL assignment warning at background_renderer.v(20): truncated value with size 32 to match size of target (8) File: C:/Users/kmbma/Documents/Arquitetura e MI/Final/Coprocessador_V5 Caio Menos Bugs/Coprocessador_V5/Coprocessador_V3 (SE DEUS QUISER A ULTIMA)/background_renderer.v Line: 20
Info (12128): Elaborating entity "ram_tilemap_2port" for hierarchy "top_coprocessador:meu_nucleo_grafico|background_renderer:u_bkg_renderer|ram_tilemap_2port:tilemap_inst" File: C:/Users/kmbma/Documents/Arquitetura e MI/Final/Coprocessador_V5 Caio Menos Bugs/Coprocessador_V5/Coprocessador_V3 (SE DEUS QUISER A ULTIMA)/background_renderer.v Line: 47
Info (12128): Elaborating entity "altsyncram" for hierarchy "top_coprocessador:meu_nucleo_grafico|background_renderer:u_bkg_renderer|ram_tilemap_2port:tilemap_inst|altsyncram:altsyncram_component" File: C:/Users/kmbma/Documents/Arquitetura e MI/Final/Coprocessador_V5 Caio Menos Bugs/Coprocessador_V5/Coprocessador_V3 (SE DEUS QUISER A ULTIMA)/ram_tilemap_2port.v Line: 89
Info (12130): Elaborated megafunction instantiation "top_coprocessador:meu_nucleo_grafico|background_renderer:u_bkg_renderer|ram_tilemap_2port:tilemap_inst|altsyncram:altsyncram_component" File: C:/Users/kmbma/Documents/Arquitetura e MI/Final/Coprocessador_V5 Caio Menos Bugs/Coprocessador_V5/Coprocessador_V3 (SE DEUS QUISER A ULTIMA)/ram_tilemap_2port.v Line: 89
Info (12133): Instantiated megafunction "top_coprocessador:meu_nucleo_grafico|background_renderer:u_bkg_renderer|ram_tilemap_2port:tilemap_inst|altsyncram:altsyncram_component" with the following parameter: File: C:/Users/kmbma/Documents/Arquitetura e MI/Final/Coprocessador_V5 Caio Menos Bugs/Coprocessador_V5/Coprocessador_V3 (SE DEUS QUISER A ULTIMA)/ram_tilemap_2port.v Line: 89
    Info (12134): Parameter "address_aclr_b" = "NONE"
    Info (12134): Parameter "address_reg_b" = "CLOCK0"
    Info (12134): Parameter "clock_enable_input_a" = "BYPASS"
    Info (12134): Parameter "clock_enable_input_b" = "BYPASS"
    Info (12134): Parameter "clock_enable_output_b" = "BYPASS"
    Info (12134): Parameter "init_file" = "tilemap_back.mif"
    Info (12134): Parameter "intended_device_family" = "Cyclone V"
    Info (12134): Parameter "lpm_type" = "altsyncram"
    Info (12134): Parameter "numwords_a" = "2048"
    Info (12134): Parameter "numwords_b" = "2048"
    Info (12134): Parameter "operation_mode" = "DUAL_PORT"
    Info (12134): Parameter "outdata_aclr_b" = "NONE"
    Info (12134): Parameter "outdata_reg_b" = "CLOCK0"
    Info (12134): Parameter "power_up_uninitialized" = "FALSE"
    Info (12134): Parameter "read_during_write_mode_mixed_ports" = "DONT_CARE"
    Info (12134): Parameter "widthad_a" = "11"
    Info (12134): Parameter "widthad_b" = "11"
    Info (12134): Parameter "width_a" = "8"
    Info (12134): Parameter "width_b" = "8"
    Info (12134): Parameter "width_byteena_a" = "1"
Info (12021): Found 1 design units, including 1 entities, in source file db/altsyncram_ug02.tdf
    Info (12023): Found entity 1: altsyncram_ug02 File: C:/Users/kmbma/Documents/Arquitetura e MI/Final/Coprocessador_V5 Caio Menos Bugs/Coprocessador_V5/Coprocessador_V3 (SE DEUS QUISER A ULTIMA)/db/altsyncram_ug02.tdf Line: 28
Info (12128): Elaborating entity "altsyncram_ug02" for hierarchy "top_coprocessador:meu_nucleo_grafico|background_renderer:u_bkg_renderer|ram_tilemap_2port:tilemap_inst|altsyncram:altsyncram_component|altsyncram_ug02:auto_generated" File: c:/altera_standard/25.1std/quartus/libraries/megafunctions/altsyncram.tdf Line: 792
Info (12128): Elaborating entity "motor_sprite" for hierarchy "top_coprocessador:meu_nucleo_grafico|motor_sprite:u_sprites" File: C:/Users/kmbma/Documents/Arquitetura e MI/Final/Coprocessador_V5 Caio Menos Bugs/Coprocessador_V5/Coprocessador_V3 (SE DEUS QUISER A ULTIMA)/top_coprocessador.v Line: 167
Warning (10240): Verilog HDL Always Construct warning at motor_sprite.v(35): inferring latch(es) for variable "i", which holds its previous value in one or more paths through the always construct File: C:/Users/kmbma/Documents/Arquitetura e MI/Final/Coprocessador_V5 Caio Menos Bugs/Coprocessador_V5/Coprocessador_V3 (SE DEUS QUISER A ULTIMA)/motor_sprite.v Line: 35
Warning (10230): Verilog HDL assignment warning at motor_sprite.v(98): truncated value with size 9 to match size of target (4) File: C:/Users/kmbma/Documents/Arquitetura e MI/Final/Coprocessador_V5 Caio Menos Bugs/Coprocessador_V5/Coprocessador_V3 (SE DEUS QUISER A ULTIMA)/motor_sprite.v Line: 98
Warning (10230): Verilog HDL assignment warning at motor_sprite.v(99): truncated value with size 8 to match size of target (4) File: C:/Users/kmbma/Documents/Arquitetura e MI/Final/Coprocessador_V5 Caio Menos Bugs/Coprocessador_V5/Coprocessador_V3 (SE DEUS QUISER A ULTIMA)/motor_sprite.v Line: 99
Info (10041): Inferred latch for "oam_vflip[31]" at motor_sprite.v(35) File: C:/Users/kmbma/Documents/Arquitetura e MI/Final/Coprocessador_V5 Caio Menos Bugs/Coprocessador_V5/Coprocessador_V3 (SE DEUS QUISER A ULTIMA)/motor_sprite.v Line: 35
Info (10041): Inferred latch for "oam_vflip[30]" at motor_sprite.v(35) File: C:/Users/kmbma/Documents/Arquitetura e MI/Final/Coprocessador_V5 Caio Menos Bugs/Coprocessador_V5/Coprocessador_V3 (SE DEUS QUISER A ULTIMA)/motor_sprite.v Line: 35
Info (10041): Inferred latch for "oam_vflip[29]" at motor_sprite.v(35) File: C:/Users/kmbma/Documents/Arquitetura e MI/Final/Coprocessador_V5 Caio Menos Bugs/Coprocessador_V5/Coprocessador_V3 (SE DEUS QUISER A ULTIMA)/motor_sprite.v Line: 35
Info (10041): Inferred latch for "oam_vflip[28]" at motor_sprite.v(35) File: C:/Users/kmbma/Documents/Arquitetura e MI/Final/Coprocessador_V5 Caio Menos Bugs/Coprocessador_V5/Coprocessador_V3 (SE DEUS QUISER A ULTIMA)/motor_sprite.v Line: 35
Info (10041): Inferred latch for "oam_vflip[27]" at motor_sprite.v(35) File: C:/Users/kmbma/Documents/Arquitetura e MI/Final/Coprocessador_V5 Caio Menos Bugs/Coprocessador_V5/Coprocessador_V3 (SE DEUS QUISER A ULTIMA)/motor_sprite.v Line: 35
Info (10041): Inferred latch for "oam_vflip[26]" at motor_sprite.v(35) File: C:/Users/kmbma/Documents/Arquitetura e MI/Final/Coprocessador_V5 Caio Menos Bugs/Coprocessador_V5/Coprocessador_V3 (SE DEUS QUISER A ULTIMA)/motor_sprite.v Line: 35
Info (10041): Inferred latch for "oam_vflip[25]" at motor_sprite.v(35) File: C:/Users/kmbma/Documents/Arquitetura e MI/Final/Coprocessador_V5 Caio Menos Bugs/Coprocessador_V5/Coprocessador_V3 (SE DEUS QUISER A ULTIMA)/motor_sprite.v Line: 35
Info (10041): Inferred latch for "oam_vflip[24]" at motor_sprite.v(35) File: C:/Users/kmbma/Documents/Arquitetura e MI/Final/Coprocessador_V5 Caio Menos Bugs/Coprocessador_V5/Coprocessador_V3 (SE DEUS QUISER A ULTIMA)/motor_sprite.v Line: 35
Info (10041): Inferred latch for "oam_vflip[23]" at motor_sprite.v(35) File: C:/Users/kmbma/Documents/Arquitetura e MI/Final/Coprocessador_V5 Caio Menos Bugs/Coprocessador_V5/Coprocessador_V3 (SE DEUS QUISER A ULTIMA)/motor_sprite.v Line: 35
Info (10041): Inferred latch for "oam_vflip[22]" at motor_sprite.v(35) File: C:/Users/kmbma/Documents/Arquitetura e MI/Final/Coprocessador_V5 Caio Menos Bugs/Coprocessador_V5/Coprocessador_V3 (SE DEUS QUISER A ULTIMA)/motor_sprite.v Line: 35
Info (10041): Inferred latch for "oam_vflip[21]" at motor_sprite.v(35) File: C:/Users/kmbma/Documents/Arquitetura e MI/Final/Coprocessador_V5 Caio Menos Bugs/Coprocessador_V5/Coprocessador_V3 (SE DEUS QUISER A ULTIMA)/motor_sprite.v Line: 35
Info (10041): Inferred latch for "oam_vflip[20]" at motor_sprite.v(35) File: C:/Users/kmbma/Documents/Arquitetura e MI/Final/Coprocessador_V5 Caio Menos Bugs/Coprocessador_V5/Coprocessador_V3 (SE DEUS QUISER A ULTIMA)/motor_sprite.v Line: 35
Info (10041): Inferred latch for "oam_vflip[19]" at motor_sprite.v(35) File: C:/Users/kmbma/Documents/Arquitetura e MI/Final/Coprocessador_V5 Caio Menos Bugs/Coprocessador_V5/Coprocessador_V3 (SE DEUS QUISER A ULTIMA)/motor_sprite.v Line: 35
Info (10041): Inferred latch for "oam_vflip[18]" at motor_sprite.v(35) File: C:/Users/kmbma/Documents/Arquitetura e MI/Final/Coprocessador_V5 Caio Menos Bugs/Coprocessador_V5/Coprocessador_V3 (SE DEUS QUISER A ULTIMA)/motor_sprite.v Line: 35
Info (10041): Inferred latch for "oam_vflip[17]" at motor_sprite.v(35) File: C:/Users/kmbma/Documents/Arquitetura e MI/Final/Coprocessador_V5 Caio Menos Bugs/Coprocessador_V5/Coprocessador_V3 (SE DEUS QUISER A ULTIMA)/motor_sprite.v Line: 35
Info (10041): Inferred latch for "oam_vflip[16]" at motor_sprite.v(35) File: C:/Users/kmbma/Documents/Arquitetura e MI/Final/Coprocessador_V5 Caio Menos Bugs/Coprocessador_V5/Coprocessador_V3 (SE DEUS QUISER A ULTIMA)/motor_sprite.v Line: 35
Info (10041): Inferred latch for "oam_vflip[15]" at motor_sprite.v(35) File: C:/Users/kmbma/Documents/Arquitetura e MI/Final/Coprocessador_V5 Caio Menos Bugs/Coprocessador_V5/Coprocessador_V3 (SE DEUS QUISER A ULTIMA)/motor_sprite.v Line: 35
Info (10041): Inferred latch for "oam_vflip[14]" at motor_sprite.v(35) File: C:/Users/kmbma/Documents/Arquitetura e MI/Final/Coprocessador_V5 Caio Menos Bugs/Coprocessador_V5/Coprocessador_V3 (SE DEUS QUISER A ULTIMA)/motor_sprite.v Line: 35
Info (10041): Inferred latch for "oam_vflip[13]" at motor_sprite.v(35) File: C:/Users/kmbma/Documents/Arquitetura e MI/Final/Coprocessador_V5 Caio Menos Bugs/Coprocessador_V5/Coprocessador_V3 (SE DEUS QUISER A ULTIMA)/motor_sprite.v Line: 35
Info (10041): Inferred latch for "oam_vflip[12]" at motor_sprite.v(35) File: C:/Users/kmbma/Documents/Arquitetura e MI/Final/Coprocessador_V5 Caio Menos Bugs/Coprocessador_V5/Coprocessador_V3 (SE DEUS QUISER A ULTIMA)/motor_sprite.v Line: 35
Info (10041): Inferred latch for "oam_vflip[11]" at motor_sprite.v(35) File: C:/Users/kmbma/Documents/Arquitetura e MI/Final/Coprocessador_V5 Caio Menos Bugs/Coprocessador_V5/Coprocessador_V3 (SE DEUS QUISER A ULTIMA)/motor_sprite.v Line: 35
Info (10041): Inferred latch for "oam_vflip[10]" at motor_sprite.v(35) File: C:/Users/kmbma/Documents/Arquitetura e MI/Final/Coprocessador_V5 Caio Menos Bugs/Coprocessador_V5/Coprocessador_V3 (SE DEUS QUISER A ULTIMA)/motor_sprite.v Line: 35
Info (10041): Inferred latch for "oam_vflip[9]" at motor_sprite.v(35) File: C:/Users/kmbma/Documents/Arquitetura e MI/Final/Coprocessador_V5 Caio Menos Bugs/Coprocessador_V5/Coprocessador_V3 (SE DEUS QUISER A ULTIMA)/motor_sprite.v Line: 35
Info (10041): Inferred latch for "oam_vflip[8]" at motor_sprite.v(35) File: C:/Users/kmbma/Documents/Arquitetura e MI/Final/Coprocessador_V5 Caio Menos Bugs/Coprocessador_V5/Coprocessador_V3 (SE DEUS QUISER A ULTIMA)/motor_sprite.v Line: 35
Info (10041): Inferred latch for "oam_vflip[7]" at motor_sprite.v(35) File: C:/Users/kmbma/Documents/Arquitetura e MI/Final/Coprocessador_V5 Caio Menos Bugs/Coprocessador_V5/Coprocessador_V3 (SE DEUS QUISER A ULTIMA)/motor_sprite.v Line: 35
Info (10041): Inferred latch for "oam_vflip[6]" at motor_sprite.v(35) File: C:/Users/kmbma/Documents/Arquitetura e MI/Final/Coprocessador_V5 Caio Menos Bugs/Coprocessador_V5/Coprocessador_V3 (SE DEUS QUISER A ULTIMA)/motor_sprite.v Line: 35
Info (10041): Inferred latch for "oam_vflip[5]" at motor_sprite.v(35) File: C:/Users/kmbma/Documents/Arquitetura e MI/Final/Coprocessador_V5 Caio Menos Bugs/Coprocessador_V5/Coprocessador_V3 (SE DEUS QUISER A ULTIMA)/motor_sprite.v Line: 35
Info (10041): Inferred latch for "oam_vflip[4]" at motor_sprite.v(35) File: C:/Users/kmbma/Documents/Arquitetura e MI/Final/Coprocessador_V5 Caio Menos Bugs/Coprocessador_V5/Coprocessador_V3 (SE DEUS QUISER A ULTIMA)/motor_sprite.v Line: 35
Info (10041): Inferred latch for "oam_vflip[3]" at motor_sprite.v(35) File: C:/Users/kmbma/Documents/Arquitetura e MI/Final/Coprocessador_V5 Caio Menos Bugs/Coprocessador_V5/Coprocessador_V3 (SE DEUS QUISER A ULTIMA)/motor_sprite.v Line: 35
Info (10041): Inferred latch for "oam_vflip[2]" at motor_sprite.v(35) File: C:/Users/kmbma/Documents/Arquitetura e MI/Final/Coprocessador_V5 Caio Menos Bugs/Coprocessador_V5/Coprocessador_V3 (SE DEUS QUISER A ULTIMA)/motor_sprite.v Line: 35
Info (10041): Inferred latch for "oam_vflip[1]" at motor_sprite.v(35) File: C:/Users/kmbma/Documents/Arquitetura e MI/Final/Coprocessador_V5 Caio Menos Bugs/Coprocessador_V5/Coprocessador_V3 (SE DEUS QUISER A ULTIMA)/motor_sprite.v Line: 35
Info (10041): Inferred latch for "oam_hflip[31]" at motor_sprite.v(35) File: C:/Users/kmbma/Documents/Arquitetura e MI/Final/Coprocessador_V5 Caio Menos Bugs/Coprocessador_V5/Coprocessador_V3 (SE DEUS QUISER A ULTIMA)/motor_sprite.v Line: 35
Info (10041): Inferred latch for "oam_hflip[30]" at motor_sprite.v(35) File: C:/Users/kmbma/Documents/Arquitetura e MI/Final/Coprocessador_V5 Caio Menos Bugs/Coprocessador_V5/Coprocessador_V3 (SE DEUS QUISER A ULTIMA)/motor_sprite.v Line: 35
Info (10041): Inferred latch for "oam_hflip[29]" at motor_sprite.v(35) File: C:/Users/kmbma/Documents/Arquitetura e MI/Final/Coprocessador_V5 Caio Menos Bugs/Coprocessador_V5/Coprocessador_V3 (SE DEUS QUISER A ULTIMA)/motor_sprite.v Line: 35
Info (10041): Inferred latch for "oam_hflip[28]" at motor_sprite.v(35) File: C:/Users/kmbma/Documents/Arquitetura e MI/Final/Coprocessador_V5 Caio Menos Bugs/Coprocessador_V5/Coprocessador_V3 (SE DEUS QUISER A ULTIMA)/motor_sprite.v Line: 35
Info (10041): Inferred latch for "oam_hflip[27]" at motor_sprite.v(35) File: C:/Users/kmbma/Documents/Arquitetura e MI/Final/Coprocessador_V5 Caio Menos Bugs/Coprocessador_V5/Coprocessador_V3 (SE DEUS QUISER A ULTIMA)/motor_sprite.v Line: 35
Info (10041): Inferred latch for "oam_hflip[26]" at motor_sprite.v(35) File: C:/Users/kmbma/Documents/Arquitetura e MI/Final/Coprocessador_V5 Caio Menos Bugs/Coprocessador_V5/Coprocessador_V3 (SE DEUS QUISER A ULTIMA)/motor_sprite.v Line: 35
Info (10041): Inferred latch for "oam_hflip[25]" at motor_sprite.v(35) File: C:/Users/kmbma/Documents/Arquitetura e MI/Final/Coprocessador_V5 Caio Menos Bugs/Coprocessador_V5/Coprocessador_V3 (SE DEUS QUISER A ULTIMA)/motor_sprite.v Line: 35
Info (10041): Inferred latch for "oam_hflip[24]" at motor_sprite.v(35) File: C:/Users/kmbma/Documents/Arquitetura e MI/Final/Coprocessador_V5 Caio Menos Bugs/Coprocessador_V5/Coprocessador_V3 (SE DEUS QUISER A ULTIMA)/motor_sprite.v Line: 35
Info (10041): Inferred latch for "oam_hflip[23]" at motor_sprite.v(35) File: C:/Users/kmbma/Documents/Arquitetura e MI/Final/Coprocessador_V5 Caio Menos Bugs/Coprocessador_V5/Coprocessador_V3 (SE DEUS QUISER A ULTIMA)/motor_sprite.v Line: 35
Info (10041): Inferred latch for "oam_hflip[22]" at motor_sprite.v(35) File: C:/Users/kmbma/Documents/Arquitetura e MI/Final/Coprocessador_V5 Caio Menos Bugs/Coprocessador_V5/Coprocessador_V3 (SE DEUS QUISER A ULTIMA)/motor_sprite.v Line: 35
Info (10041): Inferred latch for "oam_hflip[21]" at motor_sprite.v(35) File: C:/Users/kmbma/Documents/Arquitetura e MI/Final/Coprocessador_V5 Caio Menos Bugs/Coprocessador_V5/Coprocessador_V3 (SE DEUS QUISER A ULTIMA)/motor_sprite.v Line: 35
Info (10041): Inferred latch for "oam_hflip[20]" at motor_sprite.v(35) File: C:/Users/kmbma/Documents/Arquitetura e MI/Final/Coprocessador_V5 Caio Menos Bugs/Coprocessador_V5/Coprocessador_V3 (SE DEUS QUISER A ULTIMA)/motor_sprite.v Line: 35
Info (10041): Inferred latch for "oam_hflip[19]" at motor_sprite.v(35) File: C:/Users/kmbma/Documents/Arquitetura e MI/Final/Coprocessador_V5 Caio Menos Bugs/Coprocessador_V5/Coprocessador_V3 (SE DEUS QUISER A ULTIMA)/motor_sprite.v Line: 35
Info (10041): Inferred latch for "oam_hflip[18]" at motor_sprite.v(35) File: C:/Users/kmbma/Documents/Arquitetura e MI/Final/Coprocessador_V5 Caio Menos Bugs/Coprocessador_V5/Coprocessador_V3 (SE DEUS QUISER A ULTIMA)/motor_sprite.v Line: 35
Info (10041): Inferred latch for "oam_hflip[17]" at motor_sprite.v(35) File: C:/Users/kmbma/Documents/Arquitetura e MI/Final/Coprocessador_V5 Caio Menos Bugs/Coprocessador_V5/Coprocessador_V3 (SE DEUS QUISER A ULTIMA)/motor_sprite.v Line: 35
Info (10041): Inferred latch for "oam_hflip[16]" at motor_sprite.v(35) File: C:/Users/kmbma/Documents/Arquitetura e MI/Final/Coprocessador_V5 Caio Menos Bugs/Coprocessador_V5/Coprocessador_V3 (SE DEUS QUISER A ULTIMA)/motor_sprite.v Line: 35
Info (10041): Inferred latch for "oam_hflip[15]" at motor_sprite.v(35) File: C:/Users/kmbma/Documents/Arquitetura e MI/Final/Coprocessador_V5 Caio Menos Bugs/Coprocessador_V5/Coprocessador_V3 (SE DEUS QUISER A ULTIMA)/motor_sprite.v Line: 35
Info (10041): Inferred latch for "oam_hflip[14]" at motor_sprite.v(35) File: C:/Users/kmbma/Documents/Arquitetura e MI/Final/Coprocessador_V5 Caio Menos Bugs/Coprocessador_V5/Coprocessador_V3 (SE DEUS QUISER A ULTIMA)/motor_sprite.v Line: 35
Info (10041): Inferred latch for "oam_hflip[13]" at motor_sprite.v(35) File: C:/Users/kmbma/Documents/Arquitetura e MI/Final/Coprocessador_V5 Caio Menos Bugs/Coprocessador_V5/Coprocessador_V3 (SE DEUS QUISER A ULTIMA)/motor_sprite.v Line: 35
Info (10041): Inferred latch for "oam_hflip[12]" at motor_sprite.v(35) File: C:/Users/kmbma/Documents/Arquitetura e MI/Final/Coprocessador_V5 Caio Menos Bugs/Coprocessador_V5/Coprocessador_V3 (SE DEUS QUISER A ULTIMA)/motor_sprite.v Line: 35
Info (10041): Inferred latch for "oam_hflip[11]" at motor_sprite.v(35) File: C:/Users/kmbma/Documents/Arquitetura e MI/Final/Coprocessador_V5 Caio Menos Bugs/Coprocessador_V5/Coprocessador_V3 (SE DEUS QUISER A ULTIMA)/motor_sprite.v Line: 35
Info (10041): Inferred latch for "oam_hflip[10]" at motor_sprite.v(35) File: C:/Users/kmbma/Documents/Arquitetura e MI/Final/Coprocessador_V5 Caio Menos Bugs/Coprocessador_V5/Coprocessador_V3 (SE DEUS QUISER A ULTIMA)/motor_sprite.v Line: 35
Info (10041): Inferred latch for "oam_hflip[9]" at motor_sprite.v(35) File: C:/Users/kmbma/Documents/Arquitetura e MI/Final/Coprocessador_V5 Caio Menos Bugs/Coprocessador_V5/Coprocessador_V3 (SE DEUS QUISER A ULTIMA)/motor_sprite.v Line: 35
Info (10041): Inferred latch for "oam_hflip[8]" at motor_sprite.v(35) File: C:/Users/kmbma/Documents/Arquitetura e MI/Final/Coprocessador_V5 Caio Menos Bugs/Coprocessador_V5/Coprocessador_V3 (SE DEUS QUISER A ULTIMA)/motor_sprite.v Line: 35
Info (10041): Inferred latch for "oam_hflip[7]" at motor_sprite.v(35) File: C:/Users/kmbma/Documents/Arquitetura e MI/Final/Coprocessador_V5 Caio Menos Bugs/Coprocessador_V5/Coprocessador_V3 (SE DEUS QUISER A ULTIMA)/motor_sprite.v Line: 35
Info (10041): Inferred latch for "oam_hflip[6]" at motor_sprite.v(35) File: C:/Users/kmbma/Documents/Arquitetura e MI/Final/Coprocessador_V5 Caio Menos Bugs/Coprocessador_V5/Coprocessador_V3 (SE DEUS QUISER A ULTIMA)/motor_sprite.v Line: 35
Info (10041): Inferred latch for "oam_hflip[5]" at motor_sprite.v(35) File: C:/Users/kmbma/Documents/Arquitetura e MI/Final/Coprocessador_V5 Caio Menos Bugs/Coprocessador_V5/Coprocessador_V3 (SE DEUS QUISER A ULTIMA)/motor_sprite.v Line: 35
Info (10041): Inferred latch for "oam_hflip[4]" at motor_sprite.v(35) File: C:/Users/kmbma/Documents/Arquitetura e MI/Final/Coprocessador_V5 Caio Menos Bugs/Coprocessador_V5/Coprocessador_V3 (SE DEUS QUISER A ULTIMA)/motor_sprite.v Line: 35
Info (10041): Inferred latch for "oam_hflip[3]" at motor_sprite.v(35) File: C:/Users/kmbma/Documents/Arquitetura e MI/Final/Coprocessador_V5 Caio Menos Bugs/Coprocessador_V5/Coprocessador_V3 (SE DEUS QUISER A ULTIMA)/motor_sprite.v Line: 35
Info (10041): Inferred latch for "oam_hflip[2]" at motor_sprite.v(35) File: C:/Users/kmbma/Documents/Arquitetura e MI/Final/Coprocessador_V5 Caio Menos Bugs/Coprocessador_V5/Coprocessador_V3 (SE DEUS QUISER A ULTIMA)/motor_sprite.v Line: 35
Info (10041): Inferred latch for "oam_hflip[1]" at motor_sprite.v(35) File: C:/Users/kmbma/Documents/Arquitetura e MI/Final/Coprocessador_V5 Caio Menos Bugs/Coprocessador_V5/Coprocessador_V3 (SE DEUS QUISER A ULTIMA)/motor_sprite.v Line: 35
Info (10041): Inferred latch for "oam_enable[31]" at motor_sprite.v(35) File: C:/Users/kmbma/Documents/Arquitetura e MI/Final/Coprocessador_V5 Caio Menos Bugs/Coprocessador_V5/Coprocessador_V3 (SE DEUS QUISER A ULTIMA)/motor_sprite.v Line: 35
Info (10041): Inferred latch for "oam_enable[30]" at motor_sprite.v(35) File: C:/Users/kmbma/Documents/Arquitetura e MI/Final/Coprocessador_V5 Caio Menos Bugs/Coprocessador_V5/Coprocessador_V3 (SE DEUS QUISER A ULTIMA)/motor_sprite.v Line: 35
Info (10041): Inferred latch for "oam_enable[29]" at motor_sprite.v(35) File: C:/Users/kmbma/Documents/Arquitetura e MI/Final/Coprocessador_V5 Caio Menos Bugs/Coprocessador_V5/Coprocessador_V3 (SE DEUS QUISER A ULTIMA)/motor_sprite.v Line: 35
Info (10041): Inferred latch for "oam_enable[28]" at motor_sprite.v(35) File: C:/Users/kmbma/Documents/Arquitetura e MI/Final/Coprocessador_V5 Caio Menos Bugs/Coprocessador_V5/Coprocessador_V3 (SE DEUS QUISER A ULTIMA)/motor_sprite.v Line: 35
Info (10041): Inferred latch for "oam_enable[27]" at motor_sprite.v(35) File: C:/Users/kmbma/Documents/Arquitetura e MI/Final/Coprocessador_V5 Caio Menos Bugs/Coprocessador_V5/Coprocessador_V3 (SE DEUS QUISER A ULTIMA)/motor_sprite.v Line: 35
Info (10041): Inferred latch for "oam_enable[26]" at motor_sprite.v(35) File: C:/Users/kmbma/Documents/Arquitetura e MI/Final/Coprocessador_V5 Caio Menos Bugs/Coprocessador_V5/Coprocessador_V3 (SE DEUS QUISER A ULTIMA)/motor_sprite.v Line: 35
Info (10041): Inferred latch for "oam_enable[25]" at motor_sprite.v(35) File: C:/Users/kmbma/Documents/Arquitetura e MI/Final/Coprocessador_V5 Caio Menos Bugs/Coprocessador_V5/Coprocessador_V3 (SE DEUS QUISER A ULTIMA)/motor_sprite.v Line: 35
Info (10041): Inferred latch for "oam_enable[24]" at motor_sprite.v(35) File: C:/Users/kmbma/Documents/Arquitetura e MI/Final/Coprocessador_V5 Caio Menos Bugs/Coprocessador_V5/Coprocessador_V3 (SE DEUS QUISER A ULTIMA)/motor_sprite.v Line: 35
Info (10041): Inferred latch for "oam_enable[23]" at motor_sprite.v(35) File: C:/Users/kmbma/Documents/Arquitetura e MI/Final/Coprocessador_V5 Caio Menos Bugs/Coprocessador_V5/Coprocessador_V3 (SE DEUS QUISER A ULTIMA)/motor_sprite.v Line: 35
Info (10041): Inferred latch for "oam_enable[22]" at motor_sprite.v(35) File: C:/Users/kmbma/Documents/Arquitetura e MI/Final/Coprocessador_V5 Caio Menos Bugs/Coprocessador_V5/Coprocessador_V3 (SE DEUS QUISER A ULTIMA)/motor_sprite.v Line: 35
Info (10041): Inferred latch for "oam_enable[21]" at motor_sprite.v(35) File: C:/Users/kmbma/Documents/Arquitetura e MI/Final/Coprocessador_V5 Caio Menos Bugs/Coprocessador_V5/Coprocessador_V3 (SE DEUS QUISER A ULTIMA)/motor_sprite.v Line: 35
Info (10041): Inferred latch for "oam_enable[20]" at motor_sprite.v(35) File: C:/Users/kmbma/Documents/Arquitetura e MI/Final/Coprocessador_V5 Caio Menos Bugs/Coprocessador_V5/Coprocessador_V3 (SE DEUS QUISER A ULTIMA)/motor_sprite.v Line: 35
Info (10041): Inferred latch for "oam_enable[19]" at motor_sprite.v(35) File: C:/Users/kmbma/Documents/Arquitetura e MI/Final/Coprocessador_V5 Caio Menos Bugs/Coprocessador_V5/Coprocessador_V3 (SE DEUS QUISER A ULTIMA)/motor_sprite.v Line: 35
Info (10041): Inferred latch for "oam_enable[18]" at motor_sprite.v(35) File: C:/Users/kmbma/Documents/Arquitetura e MI/Final/Coprocessador_V5 Caio Menos Bugs/Coprocessador_V5/Coprocessador_V3 (SE DEUS QUISER A ULTIMA)/motor_sprite.v Line: 35
Info (10041): Inferred latch for "oam_enable[17]" at motor_sprite.v(35) File: C:/Users/kmbma/Documents/Arquitetura e MI/Final/Coprocessador_V5 Caio Menos Bugs/Coprocessador_V5/Coprocessador_V3 (SE DEUS QUISER A ULTIMA)/motor_sprite.v Line: 35
Info (10041): Inferred latch for "oam_enable[16]" at motor_sprite.v(35) File: C:/Users/kmbma/Documents/Arquitetura e MI/Final/Coprocessador_V5 Caio Menos Bugs/Coprocessador_V5/Coprocessador_V3 (SE DEUS QUISER A ULTIMA)/motor_sprite.v Line: 35
Info (10041): Inferred latch for "oam_enable[15]" at motor_sprite.v(35) File: C:/Users/kmbma/Documents/Arquitetura e MI/Final/Coprocessador_V5 Caio Menos Bugs/Coprocessador_V5/Coprocessador_V3 (SE DEUS QUISER A ULTIMA)/motor_sprite.v Line: 35
Info (10041): Inferred latch for "oam_enable[14]" at motor_sprite.v(35) File: C:/Users/kmbma/Documents/Arquitetura e MI/Final/Coprocessador_V5 Caio Menos Bugs/Coprocessador_V5/Coprocessador_V3 (SE DEUS QUISER A ULTIMA)/motor_sprite.v Line: 35
Info (10041): Inferred latch for "oam_enable[13]" at motor_sprite.v(35) File: C:/Users/kmbma/Documents/Arquitetura e MI/Final/Coprocessador_V5 Caio Menos Bugs/Coprocessador_V5/Coprocessador_V3 (SE DEUS QUISER A ULTIMA)/motor_sprite.v Line: 35
Info (10041): Inferred latch for "oam_enable[12]" at motor_sprite.v(35) File: C:/Users/kmbma/Documents/Arquitetura e MI/Final/Coprocessador_V5 Caio Menos Bugs/Coprocessador_V5/Coprocessador_V3 (SE DEUS QUISER A ULTIMA)/motor_sprite.v Line: 35
Info (10041): Inferred latch for "oam_enable[11]" at motor_sprite.v(35) File: C:/Users/kmbma/Documents/Arquitetura e MI/Final/Coprocessador_V5 Caio Menos Bugs/Coprocessador_V5/Coprocessador_V3 (SE DEUS QUISER A ULTIMA)/motor_sprite.v Line: 35
Info (10041): Inferred latch for "oam_enable[10]" at motor_sprite.v(35) File: C:/Users/kmbma/Documents/Arquitetura e MI/Final/Coprocessador_V5 Caio Menos Bugs/Coprocessador_V5/Coprocessador_V3 (SE DEUS QUISER A ULTIMA)/motor_sprite.v Line: 35
Info (10041): Inferred latch for "oam_enable[9]" at motor_sprite.v(35) File: C:/Users/kmbma/Documents/Arquitetura e MI/Final/Coprocessador_V5 Caio Menos Bugs/Coprocessador_V5/Coprocessador_V3 (SE DEUS QUISER A ULTIMA)/motor_sprite.v Line: 35
Info (10041): Inferred latch for "oam_enable[8]" at motor_sprite.v(35) File: C:/Users/kmbma/Documents/Arquitetura e MI/Final/Coprocessador_V5 Caio Menos Bugs/Coprocessador_V5/Coprocessador_V3 (SE DEUS QUISER A ULTIMA)/motor_sprite.v Line: 35
Info (10041): Inferred latch for "oam_enable[7]" at motor_sprite.v(35) File: C:/Users/kmbma/Documents/Arquitetura e MI/Final/Coprocessador_V5 Caio Menos Bugs/Coprocessador_V5/Coprocessador_V3 (SE DEUS QUISER A ULTIMA)/motor_sprite.v Line: 35
Info (10041): Inferred latch for "oam_enable[6]" at motor_sprite.v(35) File: C:/Users/kmbma/Documents/Arquitetura e MI/Final/Coprocessador_V5 Caio Menos Bugs/Coprocessador_V5/Coprocessador_V3 (SE DEUS QUISER A ULTIMA)/motor_sprite.v Line: 35
Info (10041): Inferred latch for "oam_enable[5]" at motor_sprite.v(35) File: C:/Users/kmbma/Documents/Arquitetura e MI/Final/Coprocessador_V5 Caio Menos Bugs/Coprocessador_V5/Coprocessador_V3 (SE DEUS QUISER A ULTIMA)/motor_sprite.v Line: 35
Info (10041): Inferred latch for "oam_enable[4]" at motor_sprite.v(35) File: C:/Users/kmbma/Documents/Arquitetura e MI/Final/Coprocessador_V5 Caio Menos Bugs/Coprocessador_V5/Coprocessador_V3 (SE DEUS QUISER A ULTIMA)/motor_sprite.v Line: 35
Info (10041): Inferred latch for "oam_enable[3]" at motor_sprite.v(35) File: C:/Users/kmbma/Documents/Arquitetura e MI/Final/Coprocessador_V5 Caio Menos Bugs/Coprocessador_V5/Coprocessador_V3 (SE DEUS QUISER A ULTIMA)/motor_sprite.v Line: 35
Info (10041): Inferred latch for "oam_enable[2]" at motor_sprite.v(35) File: C:/Users/kmbma/Documents/Arquitetura e MI/Final/Coprocessador_V5 Caio Menos Bugs/Coprocessador_V5/Coprocessador_V3 (SE DEUS QUISER A ULTIMA)/motor_sprite.v Line: 35
Info (10041): Inferred latch for "oam_enable[1]" at motor_sprite.v(35) File: C:/Users/kmbma/Documents/Arquitetura e MI/Final/Coprocessador_V5 Caio Menos Bugs/Coprocessador_V5/Coprocessador_V3 (SE DEUS QUISER A ULTIMA)/motor_sprite.v Line: 35
Info (10041): Inferred latch for "oam_enable[0]" at motor_sprite.v(35) File: C:/Users/kmbma/Documents/Arquitetura e MI/Final/Coprocessador_V5 Caio Menos Bugs/Coprocessador_V5/Coprocessador_V3 (SE DEUS QUISER A ULTIMA)/motor_sprite.v Line: 35
Info (10041): Inferred latch for "oam_tile[31][0]" at motor_sprite.v(35) File: C:/Users/kmbma/Documents/Arquitetura e MI/Final/Coprocessador_V5 Caio Menos Bugs/Coprocessador_V5/Coprocessador_V3 (SE DEUS QUISER A ULTIMA)/motor_sprite.v Line: 35
Info (10041): Inferred latch for "oam_tile[31][1]" at motor_sprite.v(35) File: C:/Users/kmbma/Documents/Arquitetura e MI/Final/Coprocessador_V5 Caio Menos Bugs/Coprocessador_V5/Coprocessador_V3 (SE DEUS QUISER A ULTIMA)/motor_sprite.v Line: 35
Info (10041): Inferred latch for "oam_tile[31][2]" at motor_sprite.v(35) File: C:/Users/kmbma/Documents/Arquitetura e MI/Final/Coprocessador_V5 Caio Menos Bugs/Coprocessador_V5/Coprocessador_V3 (SE DEUS QUISER A ULTIMA)/motor_sprite.v Line: 35
Info (10041): Inferred latch for "oam_tile[31][3]" at motor_sprite.v(35) File: C:/Users/kmbma/Documents/Arquitetura e MI/Final/Coprocessador_V5 Caio Menos Bugs/Coprocessador_V5/Coprocessador_V3 (SE DEUS QUISER A ULTIMA)/motor_sprite.v Line: 35
Info (10041): Inferred latch for "oam_tile[31][4]" at motor_sprite.v(35) File: C:/Users/kmbma/Documents/Arquitetura e MI/Final/Coprocessador_V5 Caio Menos Bugs/Coprocessador_V5/Coprocessador_V3 (SE DEUS QUISER A ULTIMA)/motor_sprite.v Line: 35
Info (10041): Inferred latch for "oam_tile[31][5]" at motor_sprite.v(35) File: C:/Users/kmbma/Documents/Arquitetura e MI/Final/Coprocessador_V5 Caio Menos Bugs/Coprocessador_V5/Coprocessador_V3 (SE DEUS QUISER A ULTIMA)/motor_sprite.v Line: 35
Info (10041): Inferred latch for "oam_tile[31][6]" at motor_sprite.v(35) File: C:/Users/kmbma/Documents/Arquitetura e MI/Final/Coprocessador_V5 Caio Menos Bugs/Coprocessador_V5/Coprocessador_V3 (SE DEUS QUISER A ULTIMA)/motor_sprite.v Line: 35
Info (10041): Inferred latch for "oam_tile[31][7]" at motor_sprite.v(35) File: C:/Users/kmbma/Documents/Arquitetura e MI/Final/Coprocessador_V5 Caio Menos Bugs/Coprocessador_V5/Coprocessador_V3 (SE DEUS QUISER A ULTIMA)/motor_sprite.v Line: 35
Info (10041): Inferred latch for "oam_tile[30][0]" at motor_sprite.v(35) File: C:/Users/kmbma/Documents/Arquitetura e MI/Final/Coprocessador_V5 Caio Menos Bugs/Coprocessador_V5/Coprocessador_V3 (SE DEUS QUISER A ULTIMA)/motor_sprite.v Line: 35
Info (10041): Inferred latch for "oam_tile[30][1]" at motor_sprite.v(35) File: C:/Users/kmbma/Documents/Arquitetura e MI/Final/Coprocessador_V5 Caio Menos Bugs/Coprocessador_V5/Coprocessador_V3 (SE DEUS QUISER A ULTIMA)/motor_sprite.v Line: 35
Info (10041): Inferred latch for "oam_tile[30][2]" at motor_sprite.v(35) File: C:/Users/kmbma/Documents/Arquitetura e MI/Final/Coprocessador_V5 Caio Menos Bugs/Coprocessador_V5/Coprocessador_V3 (SE DEUS QUISER A ULTIMA)/motor_sprite.v Line: 35
Info (10041): Inferred latch for "oam_tile[30][3]" at motor_sprite.v(35) File: C:/Users/kmbma/Documents/Arquitetura e MI/Final/Coprocessador_V5 Caio Menos Bugs/Coprocessador_V5/Coprocessador_V3 (SE DEUS QUISER A ULTIMA)/motor_sprite.v Line: 35
Info (10041): Inferred latch for "oam_tile[30][4]" at motor_sprite.v(35) File: C:/Users/kmbma/Documents/Arquitetura e MI/Final/Coprocessador_V5 Caio Menos Bugs/Coprocessador_V5/Coprocessador_V3 (SE DEUS QUISER A ULTIMA)/motor_sprite.v Line: 35
Info (10041): Inferred latch for "oam_tile[30][5]" at motor_sprite.v(35) File: C:/Users/kmbma/Documents/Arquitetura e MI/Final/Coprocessador_V5 Caio Menos Bugs/Coprocessador_V5/Coprocessador_V3 (SE DEUS QUISER A ULTIMA)/motor_sprite.v Line: 35
Info (10041): Inferred latch for "oam_tile[30][6]" at motor_sprite.v(35) File: C:/Users/kmbma/Documents/Arquitetura e MI/Final/Coprocessador_V5 Caio Menos Bugs/Coprocessador_V5/Coprocessador_V3 (SE DEUS QUISER A ULTIMA)/motor_sprite.v Line: 35
Info (10041): Inferred latch for "oam_tile[30][7]" at motor_sprite.v(35) File: C:/Users/kmbma/Documents/Arquitetura e MI/Final/Coprocessador_V5 Caio Menos Bugs/Coprocessador_V5/Coprocessador_V3 (SE DEUS QUISER A ULTIMA)/motor_sprite.v Line: 35
Info (10041): Inferred latch for "oam_tile[29][0]" at motor_sprite.v(35) File: C:/Users/kmbma/Documents/Arquitetura e MI/Final/Coprocessador_V5 Caio Menos Bugs/Coprocessador_V5/Coprocessador_V3 (SE DEUS QUISER A ULTIMA)/motor_sprite.v Line: 35
Info (10041): Inferred latch for "oam_tile[29][1]" at motor_sprite.v(35) File: C:/Users/kmbma/Documents/Arquitetura e MI/Final/Coprocessador_V5 Caio Menos Bugs/Coprocessador_V5/Coprocessador_V3 (SE DEUS QUISER A ULTIMA)/motor_sprite.v Line: 35
Info (10041): Inferred latch for "oam_tile[29][2]" at motor_sprite.v(35) File: C:/Users/kmbma/Documents/Arquitetura e MI/Final/Coprocessador_V5 Caio Menos Bugs/Coprocessador_V5/Coprocessador_V3 (SE DEUS QUISER A ULTIMA)/motor_sprite.v Line: 35
Info (10041): Inferred latch for "oam_tile[29][3]" at motor_sprite.v(35) File: C:/Users/kmbma/Documents/Arquitetura e MI/Final/Coprocessador_V5 Caio Menos Bugs/Coprocessador_V5/Coprocessador_V3 (SE DEUS QUISER A ULTIMA)/motor_sprite.v Line: 35
Info (10041): Inferred latch for "oam_tile[29][4]" at motor_sprite.v(35) File: C:/Users/kmbma/Documents/Arquitetura e MI/Final/Coprocessador_V5 Caio Menos Bugs/Coprocessador_V5/Coprocessador_V3 (SE DEUS QUISER A ULTIMA)/motor_sprite.v Line: 35
Info (10041): Inferred latch for "oam_tile[29][5]" at motor_sprite.v(35) File: C:/Users/kmbma/Documents/Arquitetura e MI/Final/Coprocessador_V5 Caio Menos Bugs/Coprocessador_V5/Coprocessador_V3 (SE DEUS QUISER A ULTIMA)/motor_sprite.v Line: 35
Info (10041): Inferred latch for "oam_tile[29][6]" at motor_sprite.v(35) File: C:/Users/kmbma/Documents/Arquitetura e MI/Final/Coprocessador_V5 Caio Menos Bugs/Coprocessador_V5/Coprocessador_V3 (SE DEUS QUISER A ULTIMA)/motor_sprite.v Line: 35
Info (10041): Inferred latch for "oam_tile[29][7]" at motor_sprite.v(35) File: C:/Users/kmbma/Documents/Arquitetura e MI/Final/Coprocessador_V5 Caio Menos Bugs/Coprocessador_V5/Coprocessador_V3 (SE DEUS QUISER A ULTIMA)/motor_sprite.v Line: 35
Info (10041): Inferred latch for "oam_tile[28][0]" at motor_sprite.v(35) File: C:/Users/kmbma/Documents/Arquitetura e MI/Final/Coprocessador_V5 Caio Menos Bugs/Coprocessador_V5/Coprocessador_V3 (SE DEUS QUISER A ULTIMA)/motor_sprite.v Line: 35
Info (10041): Inferred latch for "oam_tile[28][1]" at motor_sprite.v(35) File: C:/Users/kmbma/Documents/Arquitetura e MI/Final/Coprocessador_V5 Caio Menos Bugs/Coprocessador_V5/Coprocessador_V3 (SE DEUS QUISER A ULTIMA)/motor_sprite.v Line: 35
Info (10041): Inferred latch for "oam_tile[28][2]" at motor_sprite.v(35) File: C:/Users/kmbma/Documents/Arquitetura e MI/Final/Coprocessador_V5 Caio Menos Bugs/Coprocessador_V5/Coprocessador_V3 (SE DEUS QUISER A ULTIMA)/motor_sprite.v Line: 35
Info (10041): Inferred latch for "oam_tile[28][3]" at motor_sprite.v(35) File: C:/Users/kmbma/Documents/Arquitetura e MI/Final/Coprocessador_V5 Caio Menos Bugs/Coprocessador_V5/Coprocessador_V3 (SE DEUS QUISER A ULTIMA)/motor_sprite.v Line: 35
Info (10041): Inferred latch for "oam_tile[28][4]" at motor_sprite.v(35) File: C:/Users/kmbma/Documents/Arquitetura e MI/Final/Coprocessador_V5 Caio Menos Bugs/Coprocessador_V5/Coprocessador_V3 (SE DEUS QUISER A ULTIMA)/motor_sprite.v Line: 35
Info (10041): Inferred latch for "oam_tile[28][5]" at motor_sprite.v(35) File: C:/Users/kmbma/Documents/Arquitetura e MI/Final/Coprocessador_V5 Caio Menos Bugs/Coprocessador_V5/Coprocessador_V3 (SE DEUS QUISER A ULTIMA)/motor_sprite.v Line: 35
Info (10041): Inferred latch for "oam_tile[28][6]" at motor_sprite.v(35) File: C:/Users/kmbma/Documents/Arquitetura e MI/Final/Coprocessador_V5 Caio Menos Bugs/Coprocessador_V5/Coprocessador_V3 (SE DEUS QUISER A ULTIMA)/motor_sprite.v Line: 35
Info (10041): Inferred latch for "oam_tile[28][7]" at motor_sprite.v(35) File: C:/Users/kmbma/Documents/Arquitetura e MI/Final/Coprocessador_V5 Caio Menos Bugs/Coprocessador_V5/Coprocessador_V3 (SE DEUS QUISER A ULTIMA)/motor_sprite.v Line: 35
Info (10041): Inferred latch for "oam_tile[27][0]" at motor_sprite.v(35) File: C:/Users/kmbma/Documents/Arquitetura e MI/Final/Coprocessador_V5 Caio Menos Bugs/Coprocessador_V5/Coprocessador_V3 (SE DEUS QUISER A ULTIMA)/motor_sprite.v Line: 35
Info (10041): Inferred latch for "oam_tile[27][1]" at motor_sprite.v(35) File: C:/Users/kmbma/Documents/Arquitetura e MI/Final/Coprocessador_V5 Caio Menos Bugs/Coprocessador_V5/Coprocessador_V3 (SE DEUS QUISER A ULTIMA)/motor_sprite.v Line: 35
Info (10041): Inferred latch for "oam_tile[27][2]" at motor_sprite.v(35) File: C:/Users/kmbma/Documents/Arquitetura e MI/Final/Coprocessador_V5 Caio Menos Bugs/Coprocessador_V5/Coprocessador_V3 (SE DEUS QUISER A ULTIMA)/motor_sprite.v Line: 35
Info (10041): Inferred latch for "oam_tile[27][3]" at motor_sprite.v(35) File: C:/Users/kmbma/Documents/Arquitetura e MI/Final/Coprocessador_V5 Caio Menos Bugs/Coprocessador_V5/Coprocessador_V3 (SE DEUS QUISER A ULTIMA)/motor_sprite.v Line: 35
Info (10041): Inferred latch for "oam_tile[27][4]" at motor_sprite.v(35) File: C:/Users/kmbma/Documents/Arquitetura e MI/Final/Coprocessador_V5 Caio Menos Bugs/Coprocessador_V5/Coprocessador_V3 (SE DEUS QUISER A ULTIMA)/motor_sprite.v Line: 35
Info (10041): Inferred latch for "oam_tile[27][5]" at motor_sprite.v(35) File: C:/Users/kmbma/Documents/Arquitetura e MI/Final/Coprocessador_V5 Caio Menos Bugs/Coprocessador_V5/Coprocessador_V3 (SE DEUS QUISER A ULTIMA)/motor_sprite.v Line: 35
Info (10041): Inferred latch for "oam_tile[27][6]" at motor_sprite.v(35) File: C:/Users/kmbma/Documents/Arquitetura e MI/Final/Coprocessador_V5 Caio Menos Bugs/Coprocessador_V5/Coprocessador_V3 (SE DEUS QUISER A ULTIMA)/motor_sprite.v Line: 35
Info (10041): Inferred latch for "oam_tile[27][7]" at motor_sprite.v(35) File: C:/Users/kmbma/Documents/Arquitetura e MI/Final/Coprocessador_V5 Caio Menos Bugs/Coprocessador_V5/Coprocessador_V3 (SE DEUS QUISER A ULTIMA)/motor_sprite.v Line: 35
Info (10041): Inferred latch for "oam_tile[26][0]" at motor_sprite.v(35) File: C:/Users/kmbma/Documents/Arquitetura e MI/Final/Coprocessador_V5 Caio Menos Bugs/Coprocessador_V5/Coprocessador_V3 (SE DEUS QUISER A ULTIMA)/motor_sprite.v Line: 35
Info (10041): Inferred latch for "oam_tile[26][1]" at motor_sprite.v(35) File: C:/Users/kmbma/Documents/Arquitetura e MI/Final/Coprocessador_V5 Caio Menos Bugs/Coprocessador_V5/Coprocessador_V3 (SE DEUS QUISER A ULTIMA)/motor_sprite.v Line: 35
Info (10041): Inferred latch for "oam_tile[26][2]" at motor_sprite.v(35) File: C:/Users/kmbma/Documents/Arquitetura e MI/Final/Coprocessador_V5 Caio Menos Bugs/Coprocessador_V5/Coprocessador_V3 (SE DEUS QUISER A ULTIMA)/motor_sprite.v Line: 35
Info (10041): Inferred latch for "oam_tile[26][3]" at motor_sprite.v(35) File: C:/Users/kmbma/Documents/Arquitetura e MI/Final/Coprocessador_V5 Caio Menos Bugs/Coprocessador_V5/Coprocessador_V3 (SE DEUS QUISER A ULTIMA)/motor_sprite.v Line: 35
Info (10041): Inferred latch for "oam_tile[26][4]" at motor_sprite.v(35) File: C:/Users/kmbma/Documents/Arquitetura e MI/Final/Coprocessador_V5 Caio Menos Bugs/Coprocessador_V5/Coprocessador_V3 (SE DEUS QUISER A ULTIMA)/motor_sprite.v Line: 35
Info (10041): Inferred latch for "oam_tile[26][5]" at motor_sprite.v(35) File: C:/Users/kmbma/Documents/Arquitetura e MI/Final/Coprocessador_V5 Caio Menos Bugs/Coprocessador_V5/Coprocessador_V3 (SE DEUS QUISER A ULTIMA)/motor_sprite.v Line: 35
Info (10041): Inferred latch for "oam_tile[26][6]" at motor_sprite.v(35) File: C:/Users/kmbma/Documents/Arquitetura e MI/Final/Coprocessador_V5 Caio Menos Bugs/Coprocessador_V5/Coprocessador_V3 (SE DEUS QUISER A ULTIMA)/motor_sprite.v Line: 35
Info (10041): Inferred latch for "oam_tile[26][7]" at motor_sprite.v(35) File: C:/Users/kmbma/Documents/Arquitetura e MI/Final/Coprocessador_V5 Caio Menos Bugs/Coprocessador_V5/Coprocessador_V3 (SE DEUS QUISER A ULTIMA)/motor_sprite.v Line: 35
Info (10041): Inferred latch for "oam_tile[25][0]" at motor_sprite.v(35) File: C:/Users/kmbma/Documents/Arquitetura e MI/Final/Coprocessador_V5 Caio Menos Bugs/Coprocessador_V5/Coprocessador_V3 (SE DEUS QUISER A ULTIMA)/motor_sprite.v Line: 35
Info (10041): Inferred latch for "oam_tile[25][1]" at motor_sprite.v(35) File: C:/Users/kmbma/Documents/Arquitetura e MI/Final/Coprocessador_V5 Caio Menos Bugs/Coprocessador_V5/Coprocessador_V3 (SE DEUS QUISER A ULTIMA)/motor_sprite.v Line: 35
Info (10041): Inferred latch for "oam_tile[25][2]" at motor_sprite.v(35) File: C:/Users/kmbma/Documents/Arquitetura e MI/Final/Coprocessador_V5 Caio Menos Bugs/Coprocessador_V5/Coprocessador_V3 (SE DEUS QUISER A ULTIMA)/motor_sprite.v Line: 35
Info (10041): Inferred latch for "oam_tile[25][3]" at motor_sprite.v(35) File: C:/Users/kmbma/Documents/Arquitetura e MI/Final/Coprocessador_V5 Caio Menos Bugs/Coprocessador_V5/Coprocessador_V3 (SE DEUS QUISER A ULTIMA)/motor_sprite.v Line: 35
Info (10041): Inferred latch for "oam_tile[25][4]" at motor_sprite.v(35) File: C:/Users/kmbma/Documents/Arquitetura e MI/Final/Coprocessador_V5 Caio Menos Bugs/Coprocessador_V5/Coprocessador_V3 (SE DEUS QUISER A ULTIMA)/motor_sprite.v Line: 35
Info (10041): Inferred latch for "oam_tile[25][5]" at motor_sprite.v(35) File: C:/Users/kmbma/Documents/Arquitetura e MI/Final/Coprocessador_V5 Caio Menos Bugs/Coprocessador_V5/Coprocessador_V3 (SE DEUS QUISER A ULTIMA)/motor_sprite.v Line: 35
Info (10041): Inferred latch for "oam_tile[25][6]" at motor_sprite.v(35) File: C:/Users/kmbma/Documents/Arquitetura e MI/Final/Coprocessador_V5 Caio Menos Bugs/Coprocessador_V5/Coprocessador_V3 (SE DEUS QUISER A ULTIMA)/motor_sprite.v Line: 35
Info (10041): Inferred latch for "oam_tile[25][7]" at motor_sprite.v(35) File: C:/Users/kmbma/Documents/Arquitetura e MI/Final/Coprocessador_V5 Caio Menos Bugs/Coprocessador_V5/Coprocessador_V3 (SE DEUS QUISER A ULTIMA)/motor_sprite.v Line: 35
Info (10041): Inferred latch for "oam_tile[24][0]" at motor_sprite.v(35) File: C:/Users/kmbma/Documents/Arquitetura e MI/Final/Coprocessador_V5 Caio Menos Bugs/Coprocessador_V5/Coprocessador_V3 (SE DEUS QUISER A ULTIMA)/motor_sprite.v Line: 35
Info (10041): Inferred latch for "oam_tile[24][1]" at motor_sprite.v(35) File: C:/Users/kmbma/Documents/Arquitetura e MI/Final/Coprocessador_V5 Caio Menos Bugs/Coprocessador_V5/Coprocessador_V3 (SE DEUS QUISER A ULTIMA)/motor_sprite.v Line: 35
Info (10041): Inferred latch for "oam_tile[24][2]" at motor_sprite.v(35) File: C:/Users/kmbma/Documents/Arquitetura e MI/Final/Coprocessador_V5 Caio Menos Bugs/Coprocessador_V5/Coprocessador_V3 (SE DEUS QUISER A ULTIMA)/motor_sprite.v Line: 35
Info (10041): Inferred latch for "oam_tile[24][3]" at motor_sprite.v(35) File: C:/Users/kmbma/Documents/Arquitetura e MI/Final/Coprocessador_V5 Caio Menos Bugs/Coprocessador_V5/Coprocessador_V3 (SE DEUS QUISER A ULTIMA)/motor_sprite.v Line: 35
Info (10041): Inferred latch for "oam_tile[24][4]" at motor_sprite.v(35) File: C:/Users/kmbma/Documents/Arquitetura e MI/Final/Coprocessador_V5 Caio Menos Bugs/Coprocessador_V5/Coprocessador_V3 (SE DEUS QUISER A ULTIMA)/motor_sprite.v Line: 35
Info (10041): Inferred latch for "oam_tile[24][5]" at motor_sprite.v(35) File: C:/Users/kmbma/Documents/Arquitetura e MI/Final/Coprocessador_V5 Caio Menos Bugs/Coprocessador_V5/Coprocessador_V3 (SE DEUS QUISER A ULTIMA)/motor_sprite.v Line: 35
Info (10041): Inferred latch for "oam_tile[24][6]" at motor_sprite.v(35) File: C:/Users/kmbma/Documents/Arquitetura e MI/Final/Coprocessador_V5 Caio Menos Bugs/Coprocessador_V5/Coprocessador_V3 (SE DEUS QUISER A ULTIMA)/motor_sprite.v Line: 35
Info (10041): Inferred latch for "oam_tile[24][7]" at motor_sprite.v(35) File: C:/Users/kmbma/Documents/Arquitetura e MI/Final/Coprocessador_V5 Caio Menos Bugs/Coprocessador_V5/Coprocessador_V3 (SE DEUS QUISER A ULTIMA)/motor_sprite.v Line: 35
Info (10041): Inferred latch for "oam_tile[23][0]" at motor_sprite.v(35) File: C:/Users/kmbma/Documents/Arquitetura e MI/Final/Coprocessador_V5 Caio Menos Bugs/Coprocessador_V5/Coprocessador_V3 (SE DEUS QUISER A ULTIMA)/motor_sprite.v Line: 35
Info (10041): Inferred latch for "oam_tile[23][1]" at motor_sprite.v(35) File: C:/Users/kmbma/Documents/Arquitetura e MI/Final/Coprocessador_V5 Caio Menos Bugs/Coprocessador_V5/Coprocessador_V3 (SE DEUS QUISER A ULTIMA)/motor_sprite.v Line: 35
Info (10041): Inferred latch for "oam_tile[23][2]" at motor_sprite.v(35) File: C:/Users/kmbma/Documents/Arquitetura e MI/Final/Coprocessador_V5 Caio Menos Bugs/Coprocessador_V5/Coprocessador_V3 (SE DEUS QUISER A ULTIMA)/motor_sprite.v Line: 35
Info (10041): Inferred latch for "oam_tile[23][3]" at motor_sprite.v(35) File: C:/Users/kmbma/Documents/Arquitetura e MI/Final/Coprocessador_V5 Caio Menos Bugs/Coprocessador_V5/Coprocessador_V3 (SE DEUS QUISER A ULTIMA)/motor_sprite.v Line: 35
Info (10041): Inferred latch for "oam_tile[23][4]" at motor_sprite.v(35) File: C:/Users/kmbma/Documents/Arquitetura e MI/Final/Coprocessador_V5 Caio Menos Bugs/Coprocessador_V5/Coprocessador_V3 (SE DEUS QUISER A ULTIMA)/motor_sprite.v Line: 35
Info (10041): Inferred latch for "oam_tile[23][5]" at motor_sprite.v(35) File: C:/Users/kmbma/Documents/Arquitetura e MI/Final/Coprocessador_V5 Caio Menos Bugs/Coprocessador_V5/Coprocessador_V3 (SE DEUS QUISER A ULTIMA)/motor_sprite.v Line: 35
Info (10041): Inferred latch for "oam_tile[23][6]" at motor_sprite.v(35) File: C:/Users/kmbma/Documents/Arquitetura e MI/Final/Coprocessador_V5 Caio Menos Bugs/Coprocessador_V5/Coprocessador_V3 (SE DEUS QUISER A ULTIMA)/motor_sprite.v Line: 35
Info (10041): Inferred latch for "oam_tile[23][7]" at motor_sprite.v(35) File: C:/Users/kmbma/Documents/Arquitetura e MI/Final/Coprocessador_V5 Caio Menos Bugs/Coprocessador_V5/Coprocessador_V3 (SE DEUS QUISER A ULTIMA)/motor_sprite.v Line: 35
Info (10041): Inferred latch for "oam_tile[22][0]" at motor_sprite.v(35) File: C:/Users/kmbma/Documents/Arquitetura e MI/Final/Coprocessador_V5 Caio Menos Bugs/Coprocessador_V5/Coprocessador_V3 (SE DEUS QUISER A ULTIMA)/motor_sprite.v Line: 35
Info (10041): Inferred latch for "oam_tile[22][1]" at motor_sprite.v(35) File: C:/Users/kmbma/Documents/Arquitetura e MI/Final/Coprocessador_V5 Caio Menos Bugs/Coprocessador_V5/Coprocessador_V3 (SE DEUS QUISER A ULTIMA)/motor_sprite.v Line: 35
Info (10041): Inferred latch for "oam_tile[22][2]" at motor_sprite.v(35) File: C:/Users/kmbma/Documents/Arquitetura e MI/Final/Coprocessador_V5 Caio Menos Bugs/Coprocessador_V5/Coprocessador_V3 (SE DEUS QUISER A ULTIMA)/motor_sprite.v Line: 35
Info (10041): Inferred latch for "oam_tile[22][3]" at motor_sprite.v(35) File: C:/Users/kmbma/Documents/Arquitetura e MI/Final/Coprocessador_V5 Caio Menos Bugs/Coprocessador_V5/Coprocessador_V3 (SE DEUS QUISER A ULTIMA)/motor_sprite.v Line: 35
Info (10041): Inferred latch for "oam_tile[22][4]" at motor_sprite.v(35) File: C:/Users/kmbma/Documents/Arquitetura e MI/Final/Coprocessador_V5 Caio Menos Bugs/Coprocessador_V5/Coprocessador_V3 (SE DEUS QUISER A ULTIMA)/motor_sprite.v Line: 35
Info (10041): Inferred latch for "oam_tile[22][5]" at motor_sprite.v(35) File: C:/Users/kmbma/Documents/Arquitetura e MI/Final/Coprocessador_V5 Caio Menos Bugs/Coprocessador_V5/Coprocessador_V3 (SE DEUS QUISER A ULTIMA)/motor_sprite.v Line: 35
Info (10041): Inferred latch for "oam_tile[22][6]" at motor_sprite.v(35) File: C:/Users/kmbma/Documents/Arquitetura e MI/Final/Coprocessador_V5 Caio Menos Bugs/Coprocessador_V5/Coprocessador_V3 (SE DEUS QUISER A ULTIMA)/motor_sprite.v Line: 35
Info (10041): Inferred latch for "oam_tile[22][7]" at motor_sprite.v(35) File: C:/Users/kmbma/Documents/Arquitetura e MI/Final/Coprocessador_V5 Caio Menos Bugs/Coprocessador_V5/Coprocessador_V3 (SE DEUS QUISER A ULTIMA)/motor_sprite.v Line: 35
Info (10041): Inferred latch for "oam_tile[21][0]" at motor_sprite.v(35) File: C:/Users/kmbma/Documents/Arquitetura e MI/Final/Coprocessador_V5 Caio Menos Bugs/Coprocessador_V5/Coprocessador_V3 (SE DEUS QUISER A ULTIMA)/motor_sprite.v Line: 35
Info (10041): Inferred latch for "oam_tile[21][1]" at motor_sprite.v(35) File: C:/Users/kmbma/Documents/Arquitetura e MI/Final/Coprocessador_V5 Caio Menos Bugs/Coprocessador_V5/Coprocessador_V3 (SE DEUS QUISER A ULTIMA)/motor_sprite.v Line: 35
Info (10041): Inferred latch for "oam_tile[21][2]" at motor_sprite.v(35) File: C:/Users/kmbma/Documents/Arquitetura e MI/Final/Coprocessador_V5 Caio Menos Bugs/Coprocessador_V5/Coprocessador_V3 (SE DEUS QUISER A ULTIMA)/motor_sprite.v Line: 35
Info (10041): Inferred latch for "oam_tile[21][3]" at motor_sprite.v(35) File: C:/Users/kmbma/Documents/Arquitetura e MI/Final/Coprocessador_V5 Caio Menos Bugs/Coprocessador_V5/Coprocessador_V3 (SE DEUS QUISER A ULTIMA)/motor_sprite.v Line: 35
Info (10041): Inferred latch for "oam_tile[21][4]" at motor_sprite.v(35) File: C:/Users/kmbma/Documents/Arquitetura e MI/Final/Coprocessador_V5 Caio Menos Bugs/Coprocessador_V5/Coprocessador_V3 (SE DEUS QUISER A ULTIMA)/motor_sprite.v Line: 35
Info (10041): Inferred latch for "oam_tile[21][5]" at motor_sprite.v(35) File: C:/Users/kmbma/Documents/Arquitetura e MI/Final/Coprocessador_V5 Caio Menos Bugs/Coprocessador_V5/Coprocessador_V3 (SE DEUS QUISER A ULTIMA)/motor_sprite.v Line: 35
Info (10041): Inferred latch for "oam_tile[21][6]" at motor_sprite.v(35) File: C:/Users/kmbma/Documents/Arquitetura e MI/Final/Coprocessador_V5 Caio Menos Bugs/Coprocessador_V5/Coprocessador_V3 (SE DEUS QUISER A ULTIMA)/motor_sprite.v Line: 35
Info (10041): Inferred latch for "oam_tile[21][7]" at motor_sprite.v(35) File: C:/Users/kmbma/Documents/Arquitetura e MI/Final/Coprocessador_V5 Caio Menos Bugs/Coprocessador_V5/Coprocessador_V3 (SE DEUS QUISER A ULTIMA)/motor_sprite.v Line: 35
Info (10041): Inferred latch for "oam_tile[20][0]" at motor_sprite.v(35) File: C:/Users/kmbma/Documents/Arquitetura e MI/Final/Coprocessador_V5 Caio Menos Bugs/Coprocessador_V5/Coprocessador_V3 (SE DEUS QUISER A ULTIMA)/motor_sprite.v Line: 35
Info (10041): Inferred latch for "oam_tile[20][1]" at motor_sprite.v(35) File: C:/Users/kmbma/Documents/Arquitetura e MI/Final/Coprocessador_V5 Caio Menos Bugs/Coprocessador_V5/Coprocessador_V3 (SE DEUS QUISER A ULTIMA)/motor_sprite.v Line: 35
Info (10041): Inferred latch for "oam_tile[20][2]" at motor_sprite.v(35) File: C:/Users/kmbma/Documents/Arquitetura e MI/Final/Coprocessador_V5 Caio Menos Bugs/Coprocessador_V5/Coprocessador_V3 (SE DEUS QUISER A ULTIMA)/motor_sprite.v Line: 35
Info (10041): Inferred latch for "oam_tile[20][3]" at motor_sprite.v(35) File: C:/Users/kmbma/Documents/Arquitetura e MI/Final/Coprocessador_V5 Caio Menos Bugs/Coprocessador_V5/Coprocessador_V3 (SE DEUS QUISER A ULTIMA)/motor_sprite.v Line: 35
Info (10041): Inferred latch for "oam_tile[20][4]" at motor_sprite.v(35) File: C:/Users/kmbma/Documents/Arquitetura e MI/Final/Coprocessador_V5 Caio Menos Bugs/Coprocessador_V5/Coprocessador_V3 (SE DEUS QUISER A ULTIMA)/motor_sprite.v Line: 35
Info (10041): Inferred latch for "oam_tile[20][5]" at motor_sprite.v(35) File: C:/Users/kmbma/Documents/Arquitetura e MI/Final/Coprocessador_V5 Caio Menos Bugs/Coprocessador_V5/Coprocessador_V3 (SE DEUS QUISER A ULTIMA)/motor_sprite.v Line: 35
Info (10041): Inferred latch for "oam_tile[20][6]" at motor_sprite.v(35) File: C:/Users/kmbma/Documents/Arquitetura e MI/Final/Coprocessador_V5 Caio Menos Bugs/Coprocessador_V5/Coprocessador_V3 (SE DEUS QUISER A ULTIMA)/motor_sprite.v Line: 35
Info (10041): Inferred latch for "oam_tile[20][7]" at motor_sprite.v(35) File: C:/Users/kmbma/Documents/Arquitetura e MI/Final/Coprocessador_V5 Caio Menos Bugs/Coprocessador_V5/Coprocessador_V3 (SE DEUS QUISER A ULTIMA)/motor_sprite.v Line: 35
Info (10041): Inferred latch for "oam_tile[19][0]" at motor_sprite.v(35) File: C:/Users/kmbma/Documents/Arquitetura e MI/Final/Coprocessador_V5 Caio Menos Bugs/Coprocessador_V5/Coprocessador_V3 (SE DEUS QUISER A ULTIMA)/motor_sprite.v Line: 35
Info (10041): Inferred latch for "oam_tile[19][1]" at motor_sprite.v(35) File: C:/Users/kmbma/Documents/Arquitetura e MI/Final/Coprocessador_V5 Caio Menos Bugs/Coprocessador_V5/Coprocessador_V3 (SE DEUS QUISER A ULTIMA)/motor_sprite.v Line: 35
Info (10041): Inferred latch for "oam_tile[19][2]" at motor_sprite.v(35) File: C:/Users/kmbma/Documents/Arquitetura e MI/Final/Coprocessador_V5 Caio Menos Bugs/Coprocessador_V5/Coprocessador_V3 (SE DEUS QUISER A ULTIMA)/motor_sprite.v Line: 35
Info (10041): Inferred latch for "oam_tile[19][3]" at motor_sprite.v(35) File: C:/Users/kmbma/Documents/Arquitetura e MI/Final/Coprocessador_V5 Caio Menos Bugs/Coprocessador_V5/Coprocessador_V3 (SE DEUS QUISER A ULTIMA)/motor_sprite.v Line: 35
Info (10041): Inferred latch for "oam_tile[19][4]" at motor_sprite.v(35) File: C:/Users/kmbma/Documents/Arquitetura e MI/Final/Coprocessador_V5 Caio Menos Bugs/Coprocessador_V5/Coprocessador_V3 (SE DEUS QUISER A ULTIMA)/motor_sprite.v Line: 35
Info (10041): Inferred latch for "oam_tile[19][5]" at motor_sprite.v(35) File: C:/Users/kmbma/Documents/Arquitetura e MI/Final/Coprocessador_V5 Caio Menos Bugs/Coprocessador_V5/Coprocessador_V3 (SE DEUS QUISER A ULTIMA)/motor_sprite.v Line: 35
Info (10041): Inferred latch for "oam_tile[19][6]" at motor_sprite.v(35) File: C:/Users/kmbma/Documents/Arquitetura e MI/Final/Coprocessador_V5 Caio Menos Bugs/Coprocessador_V5/Coprocessador_V3 (SE DEUS QUISER A ULTIMA)/motor_sprite.v Line: 35
Info (10041): Inferred latch for "oam_tile[19][7]" at motor_sprite.v(35) File: C:/Users/kmbma/Documents/Arquitetura e MI/Final/Coprocessador_V5 Caio Menos Bugs/Coprocessador_V5/Coprocessador_V3 (SE DEUS QUISER A ULTIMA)/motor_sprite.v Line: 35
Info (10041): Inferred latch for "oam_tile[18][0]" at motor_sprite.v(35) File: C:/Users/kmbma/Documents/Arquitetura e MI/Final/Coprocessador_V5 Caio Menos Bugs/Coprocessador_V5/Coprocessador_V3 (SE DEUS QUISER A ULTIMA)/motor_sprite.v Line: 35
Info (10041): Inferred latch for "oam_tile[18][1]" at motor_sprite.v(35) File: C:/Users/kmbma/Documents/Arquitetura e MI/Final/Coprocessador_V5 Caio Menos Bugs/Coprocessador_V5/Coprocessador_V3 (SE DEUS QUISER A ULTIMA)/motor_sprite.v Line: 35
Info (10041): Inferred latch for "oam_tile[18][2]" at motor_sprite.v(35) File: C:/Users/kmbma/Documents/Arquitetura e MI/Final/Coprocessador_V5 Caio Menos Bugs/Coprocessador_V5/Coprocessador_V3 (SE DEUS QUISER A ULTIMA)/motor_sprite.v Line: 35
Info (10041): Inferred latch for "oam_tile[18][3]" at motor_sprite.v(35) File: C:/Users/kmbma/Documents/Arquitetura e MI/Final/Coprocessador_V5 Caio Menos Bugs/Coprocessador_V5/Coprocessador_V3 (SE DEUS QUISER A ULTIMA)/motor_sprite.v Line: 35
Info (10041): Inferred latch for "oam_tile[18][4]" at motor_sprite.v(35) File: C:/Users/kmbma/Documents/Arquitetura e MI/Final/Coprocessador_V5 Caio Menos Bugs/Coprocessador_V5/Coprocessador_V3 (SE DEUS QUISER A ULTIMA)/motor_sprite.v Line: 35
Info (10041): Inferred latch for "oam_tile[18][5]" at motor_sprite.v(35) File: C:/Users/kmbma/Documents/Arquitetura e MI/Final/Coprocessador_V5 Caio Menos Bugs/Coprocessador_V5/Coprocessador_V3 (SE DEUS QUISER A ULTIMA)/motor_sprite.v Line: 35
Info (10041): Inferred latch for "oam_tile[18][6]" at motor_sprite.v(35) File: C:/Users/kmbma/Documents/Arquitetura e MI/Final/Coprocessador_V5 Caio Menos Bugs/Coprocessador_V5/Coprocessador_V3 (SE DEUS QUISER A ULTIMA)/motor_sprite.v Line: 35
Info (10041): Inferred latch for "oam_tile[18][7]" at motor_sprite.v(35) File: C:/Users/kmbma/Documents/Arquitetura e MI/Final/Coprocessador_V5 Caio Menos Bugs/Coprocessador_V5/Coprocessador_V3 (SE DEUS QUISER A ULTIMA)/motor_sprite.v Line: 35
Info (10041): Inferred latch for "oam_tile[17][0]" at motor_sprite.v(35) File: C:/Users/kmbma/Documents/Arquitetura e MI/Final/Coprocessador_V5 Caio Menos Bugs/Coprocessador_V5/Coprocessador_V3 (SE DEUS QUISER A ULTIMA)/motor_sprite.v Line: 35
Info (10041): Inferred latch for "oam_tile[17][1]" at motor_sprite.v(35) File: C:/Users/kmbma/Documents/Arquitetura e MI/Final/Coprocessador_V5 Caio Menos Bugs/Coprocessador_V5/Coprocessador_V3 (SE DEUS QUISER A ULTIMA)/motor_sprite.v Line: 35
Info (10041): Inferred latch for "oam_tile[17][2]" at motor_sprite.v(35) File: C:/Users/kmbma/Documents/Arquitetura e MI/Final/Coprocessador_V5 Caio Menos Bugs/Coprocessador_V5/Coprocessador_V3 (SE DEUS QUISER A ULTIMA)/motor_sprite.v Line: 35
Info (10041): Inferred latch for "oam_tile[17][3]" at motor_sprite.v(35) File: C:/Users/kmbma/Documents/Arquitetura e MI/Final/Coprocessador_V5 Caio Menos Bugs/Coprocessador_V5/Coprocessador_V3 (SE DEUS QUISER A ULTIMA)/motor_sprite.v Line: 35
Info (10041): Inferred latch for "oam_tile[17][4]" at motor_sprite.v(35) File: C:/Users/kmbma/Documents/Arquitetura e MI/Final/Coprocessador_V5 Caio Menos Bugs/Coprocessador_V5/Coprocessador_V3 (SE DEUS QUISER A ULTIMA)/motor_sprite.v Line: 35
Info (10041): Inferred latch for "oam_tile[17][5]" at motor_sprite.v(35) File: C:/Users/kmbma/Documents/Arquitetura e MI/Final/Coprocessador_V5 Caio Menos Bugs/Coprocessador_V5/Coprocessador_V3 (SE DEUS QUISER A ULTIMA)/motor_sprite.v Line: 35
Info (10041): Inferred latch for "oam_tile[17][6]" at motor_sprite.v(35) File: C:/Users/kmbma/Documents/Arquitetura e MI/Final/Coprocessador_V5 Caio Menos Bugs/Coprocessador_V5/Coprocessador_V3 (SE DEUS QUISER A ULTIMA)/motor_sprite.v Line: 35
Info (10041): Inferred latch for "oam_tile[17][7]" at motor_sprite.v(35) File: C:/Users/kmbma/Documents/Arquitetura e MI/Final/Coprocessador_V5 Caio Menos Bugs/Coprocessador_V5/Coprocessador_V3 (SE DEUS QUISER A ULTIMA)/motor_sprite.v Line: 35
Info (10041): Inferred latch for "oam_tile[16][0]" at motor_sprite.v(35) File: C:/Users/kmbma/Documents/Arquitetura e MI/Final/Coprocessador_V5 Caio Menos Bugs/Coprocessador_V5/Coprocessador_V3 (SE DEUS QUISER A ULTIMA)/motor_sprite.v Line: 35
Info (10041): Inferred latch for "oam_tile[16][1]" at motor_sprite.v(35) File: C:/Users/kmbma/Documents/Arquitetura e MI/Final/Coprocessador_V5 Caio Menos Bugs/Coprocessador_V5/Coprocessador_V3 (SE DEUS QUISER A ULTIMA)/motor_sprite.v Line: 35
Info (10041): Inferred latch for "oam_tile[16][2]" at motor_sprite.v(35) File: C:/Users/kmbma/Documents/Arquitetura e MI/Final/Coprocessador_V5 Caio Menos Bugs/Coprocessador_V5/Coprocessador_V3 (SE DEUS QUISER A ULTIMA)/motor_sprite.v Line: 35
Info (10041): Inferred latch for "oam_tile[16][3]" at motor_sprite.v(35) File: C:/Users/kmbma/Documents/Arquitetura e MI/Final/Coprocessador_V5 Caio Menos Bugs/Coprocessador_V5/Coprocessador_V3 (SE DEUS QUISER A ULTIMA)/motor_sprite.v Line: 35
Info (10041): Inferred latch for "oam_tile[16][4]" at motor_sprite.v(35) File: C:/Users/kmbma/Documents/Arquitetura e MI/Final/Coprocessador_V5 Caio Menos Bugs/Coprocessador_V5/Coprocessador_V3 (SE DEUS QUISER A ULTIMA)/motor_sprite.v Line: 35
Info (10041): Inferred latch for "oam_tile[16][5]" at motor_sprite.v(35) File: C:/Users/kmbma/Documents/Arquitetura e MI/Final/Coprocessador_V5 Caio Menos Bugs/Coprocessador_V5/Coprocessador_V3 (SE DEUS QUISER A ULTIMA)/motor_sprite.v Line: 35
Info (10041): Inferred latch for "oam_tile[16][6]" at motor_sprite.v(35) File: C:/Users/kmbma/Documents/Arquitetura e MI/Final/Coprocessador_V5 Caio Menos Bugs/Coprocessador_V5/Coprocessador_V3 (SE DEUS QUISER A ULTIMA)/motor_sprite.v Line: 35
Info (10041): Inferred latch for "oam_tile[16][7]" at motor_sprite.v(35) File: C:/Users/kmbma/Documents/Arquitetura e MI/Final/Coprocessador_V5 Caio Menos Bugs/Coprocessador_V5/Coprocessador_V3 (SE DEUS QUISER A ULTIMA)/motor_sprite.v Line: 35
Info (10041): Inferred latch for "oam_tile[15][0]" at motor_sprite.v(35) File: C:/Users/kmbma/Documents/Arquitetura e MI/Final/Coprocessador_V5 Caio Menos Bugs/Coprocessador_V5/Coprocessador_V3 (SE DEUS QUISER A ULTIMA)/motor_sprite.v Line: 35
Info (10041): Inferred latch for "oam_tile[15][1]" at motor_sprite.v(35) File: C:/Users/kmbma/Documents/Arquitetura e MI/Final/Coprocessador_V5 Caio Menos Bugs/Coprocessador_V5/Coprocessador_V3 (SE DEUS QUISER A ULTIMA)/motor_sprite.v Line: 35
Info (10041): Inferred latch for "oam_tile[15][2]" at motor_sprite.v(35) File: C:/Users/kmbma/Documents/Arquitetura e MI/Final/Coprocessador_V5 Caio Menos Bugs/Coprocessador_V5/Coprocessador_V3 (SE DEUS QUISER A ULTIMA)/motor_sprite.v Line: 35
Info (10041): Inferred latch for "oam_tile[15][3]" at motor_sprite.v(35) File: C:/Users/kmbma/Documents/Arquitetura e MI/Final/Coprocessador_V5 Caio Menos Bugs/Coprocessador_V5/Coprocessador_V3 (SE DEUS QUISER A ULTIMA)/motor_sprite.v Line: 35
Info (10041): Inferred latch for "oam_tile[15][4]" at motor_sprite.v(35) File: C:/Users/kmbma/Documents/Arquitetura e MI/Final/Coprocessador_V5 Caio Menos Bugs/Coprocessador_V5/Coprocessador_V3 (SE DEUS QUISER A ULTIMA)/motor_sprite.v Line: 35
Info (10041): Inferred latch for "oam_tile[15][5]" at motor_sprite.v(35) File: C:/Users/kmbma/Documents/Arquitetura e MI/Final/Coprocessador_V5 Caio Menos Bugs/Coprocessador_V5/Coprocessador_V3 (SE DEUS QUISER A ULTIMA)/motor_sprite.v Line: 35
Info (10041): Inferred latch for "oam_tile[15][6]" at motor_sprite.v(35) File: C:/Users/kmbma/Documents/Arquitetura e MI/Final/Coprocessador_V5 Caio Menos Bugs/Coprocessador_V5/Coprocessador_V3 (SE DEUS QUISER A ULTIMA)/motor_sprite.v Line: 35
Info (10041): Inferred latch for "oam_tile[15][7]" at motor_sprite.v(35) File: C:/Users/kmbma/Documents/Arquitetura e MI/Final/Coprocessador_V5 Caio Menos Bugs/Coprocessador_V5/Coprocessador_V3 (SE DEUS QUISER A ULTIMA)/motor_sprite.v Line: 35
Info (10041): Inferred latch for "oam_tile[14][0]" at motor_sprite.v(35) File: C:/Users/kmbma/Documents/Arquitetura e MI/Final/Coprocessador_V5 Caio Menos Bugs/Coprocessador_V5/Coprocessador_V3 (SE DEUS QUISER A ULTIMA)/motor_sprite.v Line: 35
Info (10041): Inferred latch for "oam_tile[14][1]" at motor_sprite.v(35) File: C:/Users/kmbma/Documents/Arquitetura e MI/Final/Coprocessador_V5 Caio Menos Bugs/Coprocessador_V5/Coprocessador_V3 (SE DEUS QUISER A ULTIMA)/motor_sprite.v Line: 35
Info (10041): Inferred latch for "oam_tile[14][2]" at motor_sprite.v(35) File: C:/Users/kmbma/Documents/Arquitetura e MI/Final/Coprocessador_V5 Caio Menos Bugs/Coprocessador_V5/Coprocessador_V3 (SE DEUS QUISER A ULTIMA)/motor_sprite.v Line: 35
Info (10041): Inferred latch for "oam_tile[14][3]" at motor_sprite.v(35) File: C:/Users/kmbma/Documents/Arquitetura e MI/Final/Coprocessador_V5 Caio Menos Bugs/Coprocessador_V5/Coprocessador_V3 (SE DEUS QUISER A ULTIMA)/motor_sprite.v Line: 35
Info (10041): Inferred latch for "oam_tile[14][4]" at motor_sprite.v(35) File: C:/Users/kmbma/Documents/Arquitetura e MI/Final/Coprocessador_V5 Caio Menos Bugs/Coprocessador_V5/Coprocessador_V3 (SE DEUS QUISER A ULTIMA)/motor_sprite.v Line: 35
Info (10041): Inferred latch for "oam_tile[14][5]" at motor_sprite.v(35) File: C:/Users/kmbma/Documents/Arquitetura e MI/Final/Coprocessador_V5 Caio Menos Bugs/Coprocessador_V5/Coprocessador_V3 (SE DEUS QUISER A ULTIMA)/motor_sprite.v Line: 35
Info (10041): Inferred latch for "oam_tile[14][6]" at motor_sprite.v(35) File: C:/Users/kmbma/Documents/Arquitetura e MI/Final/Coprocessador_V5 Caio Menos Bugs/Coprocessador_V5/Coprocessador_V3 (SE DEUS QUISER A ULTIMA)/motor_sprite.v Line: 35
Info (10041): Inferred latch for "oam_tile[14][7]" at motor_sprite.v(35) File: C:/Users/kmbma/Documents/Arquitetura e MI/Final/Coprocessador_V5 Caio Menos Bugs/Coprocessador_V5/Coprocessador_V3 (SE DEUS QUISER A ULTIMA)/motor_sprite.v Line: 35
Info (10041): Inferred latch for "oam_tile[13][0]" at motor_sprite.v(35) File: C:/Users/kmbma/Documents/Arquitetura e MI/Final/Coprocessador_V5 Caio Menos Bugs/Coprocessador_V5/Coprocessador_V3 (SE DEUS QUISER A ULTIMA)/motor_sprite.v Line: 35
Info (10041): Inferred latch for "oam_tile[13][1]" at motor_sprite.v(35) File: C:/Users/kmbma/Documents/Arquitetura e MI/Final/Coprocessador_V5 Caio Menos Bugs/Coprocessador_V5/Coprocessador_V3 (SE DEUS QUISER A ULTIMA)/motor_sprite.v Line: 35
Info (10041): Inferred latch for "oam_tile[13][2]" at motor_sprite.v(35) File: C:/Users/kmbma/Documents/Arquitetura e MI/Final/Coprocessador_V5 Caio Menos Bugs/Coprocessador_V5/Coprocessador_V3 (SE DEUS QUISER A ULTIMA)/motor_sprite.v Line: 35
Info (10041): Inferred latch for "oam_tile[13][3]" at motor_sprite.v(35) File: C:/Users/kmbma/Documents/Arquitetura e MI/Final/Coprocessador_V5 Caio Menos Bugs/Coprocessador_V5/Coprocessador_V3 (SE DEUS QUISER A ULTIMA)/motor_sprite.v Line: 35
Info (10041): Inferred latch for "oam_tile[13][4]" at motor_sprite.v(35) File: C:/Users/kmbma/Documents/Arquitetura e MI/Final/Coprocessador_V5 Caio Menos Bugs/Coprocessador_V5/Coprocessador_V3 (SE DEUS QUISER A ULTIMA)/motor_sprite.v Line: 35
Info (10041): Inferred latch for "oam_tile[13][5]" at motor_sprite.v(35) File: C:/Users/kmbma/Documents/Arquitetura e MI/Final/Coprocessador_V5 Caio Menos Bugs/Coprocessador_V5/Coprocessador_V3 (SE DEUS QUISER A ULTIMA)/motor_sprite.v Line: 35
Info (10041): Inferred latch for "oam_tile[13][6]" at motor_sprite.v(35) File: C:/Users/kmbma/Documents/Arquitetura e MI/Final/Coprocessador_V5 Caio Menos Bugs/Coprocessador_V5/Coprocessador_V3 (SE DEUS QUISER A ULTIMA)/motor_sprite.v Line: 35
Info (10041): Inferred latch for "oam_tile[13][7]" at motor_sprite.v(35) File: C:/Users/kmbma/Documents/Arquitetura e MI/Final/Coprocessador_V5 Caio Menos Bugs/Coprocessador_V5/Coprocessador_V3 (SE DEUS QUISER A ULTIMA)/motor_sprite.v Line: 35
Info (10041): Inferred latch for "oam_tile[12][0]" at motor_sprite.v(35) File: C:/Users/kmbma/Documents/Arquitetura e MI/Final/Coprocessador_V5 Caio Menos Bugs/Coprocessador_V5/Coprocessador_V3 (SE DEUS QUISER A ULTIMA)/motor_sprite.v Line: 35
Info (10041): Inferred latch for "oam_tile[12][1]" at motor_sprite.v(35) File: C:/Users/kmbma/Documents/Arquitetura e MI/Final/Coprocessador_V5 Caio Menos Bugs/Coprocessador_V5/Coprocessador_V3 (SE DEUS QUISER A ULTIMA)/motor_sprite.v Line: 35
Info (10041): Inferred latch for "oam_tile[12][2]" at motor_sprite.v(35) File: C:/Users/kmbma/Documents/Arquitetura e MI/Final/Coprocessador_V5 Caio Menos Bugs/Coprocessador_V5/Coprocessador_V3 (SE DEUS QUISER A ULTIMA)/motor_sprite.v Line: 35
Info (10041): Inferred latch for "oam_tile[12][3]" at motor_sprite.v(35) File: C:/Users/kmbma/Documents/Arquitetura e MI/Final/Coprocessador_V5 Caio Menos Bugs/Coprocessador_V5/Coprocessador_V3 (SE DEUS QUISER A ULTIMA)/motor_sprite.v Line: 35
Info (10041): Inferred latch for "oam_tile[12][4]" at motor_sprite.v(35) File: C:/Users/kmbma/Documents/Arquitetura e MI/Final/Coprocessador_V5 Caio Menos Bugs/Coprocessador_V5/Coprocessador_V3 (SE DEUS QUISER A ULTIMA)/motor_sprite.v Line: 35
Info (10041): Inferred latch for "oam_tile[12][5]" at motor_sprite.v(35) File: C:/Users/kmbma/Documents/Arquitetura e MI/Final/Coprocessador_V5 Caio Menos Bugs/Coprocessador_V5/Coprocessador_V3 (SE DEUS QUISER A ULTIMA)/motor_sprite.v Line: 35
Info (10041): Inferred latch for "oam_tile[12][6]" at motor_sprite.v(35) File: C:/Users/kmbma/Documents/Arquitetura e MI/Final/Coprocessador_V5 Caio Menos Bugs/Coprocessador_V5/Coprocessador_V3 (SE DEUS QUISER A ULTIMA)/motor_sprite.v Line: 35
Info (10041): Inferred latch for "oam_tile[12][7]" at motor_sprite.v(35) File: C:/Users/kmbma/Documents/Arquitetura e MI/Final/Coprocessador_V5 Caio Menos Bugs/Coprocessador_V5/Coprocessador_V3 (SE DEUS QUISER A ULTIMA)/motor_sprite.v Line: 35
Info (10041): Inferred latch for "oam_tile[11][0]" at motor_sprite.v(35) File: C:/Users/kmbma/Documents/Arquitetura e MI/Final/Coprocessador_V5 Caio Menos Bugs/Coprocessador_V5/Coprocessador_V3 (SE DEUS QUISER A ULTIMA)/motor_sprite.v Line: 35
Info (10041): Inferred latch for "oam_tile[11][1]" at motor_sprite.v(35) File: C:/Users/kmbma/Documents/Arquitetura e MI/Final/Coprocessador_V5 Caio Menos Bugs/Coprocessador_V5/Coprocessador_V3 (SE DEUS QUISER A ULTIMA)/motor_sprite.v Line: 35
Info (10041): Inferred latch for "oam_tile[11][2]" at motor_sprite.v(35) File: C:/Users/kmbma/Documents/Arquitetura e MI/Final/Coprocessador_V5 Caio Menos Bugs/Coprocessador_V5/Coprocessador_V3 (SE DEUS QUISER A ULTIMA)/motor_sprite.v Line: 35
Info (10041): Inferred latch for "oam_tile[11][3]" at motor_sprite.v(35) File: C:/Users/kmbma/Documents/Arquitetura e MI/Final/Coprocessador_V5 Caio Menos Bugs/Coprocessador_V5/Coprocessador_V3 (SE DEUS QUISER A ULTIMA)/motor_sprite.v Line: 35
Info (10041): Inferred latch for "oam_tile[11][4]" at motor_sprite.v(35) File: C:/Users/kmbma/Documents/Arquitetura e MI/Final/Coprocessador_V5 Caio Menos Bugs/Coprocessador_V5/Coprocessador_V3 (SE DEUS QUISER A ULTIMA)/motor_sprite.v Line: 35
Info (10041): Inferred latch for "oam_tile[11][5]" at motor_sprite.v(35) File: C:/Users/kmbma/Documents/Arquitetura e MI/Final/Coprocessador_V5 Caio Menos Bugs/Coprocessador_V5/Coprocessador_V3 (SE DEUS QUISER A ULTIMA)/motor_sprite.v Line: 35
Info (10041): Inferred latch for "oam_tile[11][6]" at motor_sprite.v(35) File: C:/Users/kmbma/Documents/Arquitetura e MI/Final/Coprocessador_V5 Caio Menos Bugs/Coprocessador_V5/Coprocessador_V3 (SE DEUS QUISER A ULTIMA)/motor_sprite.v Line: 35
Info (10041): Inferred latch for "oam_tile[11][7]" at motor_sprite.v(35) File: C:/Users/kmbma/Documents/Arquitetura e MI/Final/Coprocessador_V5 Caio Menos Bugs/Coprocessador_V5/Coprocessador_V3 (SE DEUS QUISER A ULTIMA)/motor_sprite.v Line: 35
Info (10041): Inferred latch for "oam_tile[10][0]" at motor_sprite.v(35) File: C:/Users/kmbma/Documents/Arquitetura e MI/Final/Coprocessador_V5 Caio Menos Bugs/Coprocessador_V5/Coprocessador_V3 (SE DEUS QUISER A ULTIMA)/motor_sprite.v Line: 35
Info (10041): Inferred latch for "oam_tile[10][1]" at motor_sprite.v(35) File: C:/Users/kmbma/Documents/Arquitetura e MI/Final/Coprocessador_V5 Caio Menos Bugs/Coprocessador_V5/Coprocessador_V3 (SE DEUS QUISER A ULTIMA)/motor_sprite.v Line: 35
Info (10041): Inferred latch for "oam_tile[10][2]" at motor_sprite.v(35) File: C:/Users/kmbma/Documents/Arquitetura e MI/Final/Coprocessador_V5 Caio Menos Bugs/Coprocessador_V5/Coprocessador_V3 (SE DEUS QUISER A ULTIMA)/motor_sprite.v Line: 35
Info (10041): Inferred latch for "oam_tile[10][3]" at motor_sprite.v(35) File: C:/Users/kmbma/Documents/Arquitetura e MI/Final/Coprocessador_V5 Caio Menos Bugs/Coprocessador_V5/Coprocessador_V3 (SE DEUS QUISER A ULTIMA)/motor_sprite.v Line: 35
Info (10041): Inferred latch for "oam_tile[10][4]" at motor_sprite.v(35) File: C:/Users/kmbma/Documents/Arquitetura e MI/Final/Coprocessador_V5 Caio Menos Bugs/Coprocessador_V5/Coprocessador_V3 (SE DEUS QUISER A ULTIMA)/motor_sprite.v Line: 35
Info (10041): Inferred latch for "oam_tile[10][5]" at motor_sprite.v(35) File: C:/Users/kmbma/Documents/Arquitetura e MI/Final/Coprocessador_V5 Caio Menos Bugs/Coprocessador_V5/Coprocessador_V3 (SE DEUS QUISER A ULTIMA)/motor_sprite.v Line: 35
Info (10041): Inferred latch for "oam_tile[10][6]" at motor_sprite.v(35) File: C:/Users/kmbma/Documents/Arquitetura e MI/Final/Coprocessador_V5 Caio Menos Bugs/Coprocessador_V5/Coprocessador_V3 (SE DEUS QUISER A ULTIMA)/motor_sprite.v Line: 35
Info (10041): Inferred latch for "oam_tile[10][7]" at motor_sprite.v(35) File: C:/Users/kmbma/Documents/Arquitetura e MI/Final/Coprocessador_V5 Caio Menos Bugs/Coprocessador_V5/Coprocessador_V3 (SE DEUS QUISER A ULTIMA)/motor_sprite.v Line: 35
Info (10041): Inferred latch for "oam_tile[9][0]" at motor_sprite.v(35) File: C:/Users/kmbma/Documents/Arquitetura e MI/Final/Coprocessador_V5 Caio Menos Bugs/Coprocessador_V5/Coprocessador_V3 (SE DEUS QUISER A ULTIMA)/motor_sprite.v Line: 35
Info (10041): Inferred latch for "oam_tile[9][1]" at motor_sprite.v(35) File: C:/Users/kmbma/Documents/Arquitetura e MI/Final/Coprocessador_V5 Caio Menos Bugs/Coprocessador_V5/Coprocessador_V3 (SE DEUS QUISER A ULTIMA)/motor_sprite.v Line: 35
Info (10041): Inferred latch for "oam_tile[9][2]" at motor_sprite.v(35) File: C:/Users/kmbma/Documents/Arquitetura e MI/Final/Coprocessador_V5 Caio Menos Bugs/Coprocessador_V5/Coprocessador_V3 (SE DEUS QUISER A ULTIMA)/motor_sprite.v Line: 35
Info (10041): Inferred latch for "oam_tile[9][3]" at motor_sprite.v(35) File: C:/Users/kmbma/Documents/Arquitetura e MI/Final/Coprocessador_V5 Caio Menos Bugs/Coprocessador_V5/Coprocessador_V3 (SE DEUS QUISER A ULTIMA)/motor_sprite.v Line: 35
Info (10041): Inferred latch for "oam_tile[9][4]" at motor_sprite.v(35) File: C:/Users/kmbma/Documents/Arquitetura e MI/Final/Coprocessador_V5 Caio Menos Bugs/Coprocessador_V5/Coprocessador_V3 (SE DEUS QUISER A ULTIMA)/motor_sprite.v Line: 35
Info (10041): Inferred latch for "oam_tile[9][5]" at motor_sprite.v(35) File: C:/Users/kmbma/Documents/Arquitetura e MI/Final/Coprocessador_V5 Caio Menos Bugs/Coprocessador_V5/Coprocessador_V3 (SE DEUS QUISER A ULTIMA)/motor_sprite.v Line: 35
Info (10041): Inferred latch for "oam_tile[9][6]" at motor_sprite.v(35) File: C:/Users/kmbma/Documents/Arquitetura e MI/Final/Coprocessador_V5 Caio Menos Bugs/Coprocessador_V5/Coprocessador_V3 (SE DEUS QUISER A ULTIMA)/motor_sprite.v Line: 35
Info (10041): Inferred latch for "oam_tile[9][7]" at motor_sprite.v(35) File: C:/Users/kmbma/Documents/Arquitetura e MI/Final/Coprocessador_V5 Caio Menos Bugs/Coprocessador_V5/Coprocessador_V3 (SE DEUS QUISER A ULTIMA)/motor_sprite.v Line: 35
Info (10041): Inferred latch for "oam_tile[8][0]" at motor_sprite.v(35) File: C:/Users/kmbma/Documents/Arquitetura e MI/Final/Coprocessador_V5 Caio Menos Bugs/Coprocessador_V5/Coprocessador_V3 (SE DEUS QUISER A ULTIMA)/motor_sprite.v Line: 35
Info (10041): Inferred latch for "oam_tile[8][1]" at motor_sprite.v(35) File: C:/Users/kmbma/Documents/Arquitetura e MI/Final/Coprocessador_V5 Caio Menos Bugs/Coprocessador_V5/Coprocessador_V3 (SE DEUS QUISER A ULTIMA)/motor_sprite.v Line: 35
Info (10041): Inferred latch for "oam_tile[8][2]" at motor_sprite.v(35) File: C:/Users/kmbma/Documents/Arquitetura e MI/Final/Coprocessador_V5 Caio Menos Bugs/Coprocessador_V5/Coprocessador_V3 (SE DEUS QUISER A ULTIMA)/motor_sprite.v Line: 35
Info (10041): Inferred latch for "oam_tile[8][3]" at motor_sprite.v(35) File: C:/Users/kmbma/Documents/Arquitetura e MI/Final/Coprocessador_V5 Caio Menos Bugs/Coprocessador_V5/Coprocessador_V3 (SE DEUS QUISER A ULTIMA)/motor_sprite.v Line: 35
Info (10041): Inferred latch for "oam_tile[8][4]" at motor_sprite.v(35) File: C:/Users/kmbma/Documents/Arquitetura e MI/Final/Coprocessador_V5 Caio Menos Bugs/Coprocessador_V5/Coprocessador_V3 (SE DEUS QUISER A ULTIMA)/motor_sprite.v Line: 35
Info (10041): Inferred latch for "oam_tile[8][5]" at motor_sprite.v(35) File: C:/Users/kmbma/Documents/Arquitetura e MI/Final/Coprocessador_V5 Caio Menos Bugs/Coprocessador_V5/Coprocessador_V3 (SE DEUS QUISER A ULTIMA)/motor_sprite.v Line: 35
Info (10041): Inferred latch for "oam_tile[8][6]" at motor_sprite.v(35) File: C:/Users/kmbma/Documents/Arquitetura e MI/Final/Coprocessador_V5 Caio Menos Bugs/Coprocessador_V5/Coprocessador_V3 (SE DEUS QUISER A ULTIMA)/motor_sprite.v Line: 35
Info (10041): Inferred latch for "oam_tile[8][7]" at motor_sprite.v(35) File: C:/Users/kmbma/Documents/Arquitetura e MI/Final/Coprocessador_V5 Caio Menos Bugs/Coprocessador_V5/Coprocessador_V3 (SE DEUS QUISER A ULTIMA)/motor_sprite.v Line: 35
Info (10041): Inferred latch for "oam_tile[7][0]" at motor_sprite.v(35) File: C:/Users/kmbma/Documents/Arquitetura e MI/Final/Coprocessador_V5 Caio Menos Bugs/Coprocessador_V5/Coprocessador_V3 (SE DEUS QUISER A ULTIMA)/motor_sprite.v Line: 35
Info (10041): Inferred latch for "oam_tile[7][1]" at motor_sprite.v(35) File: C:/Users/kmbma/Documents/Arquitetura e MI/Final/Coprocessador_V5 Caio Menos Bugs/Coprocessador_V5/Coprocessador_V3 (SE DEUS QUISER A ULTIMA)/motor_sprite.v Line: 35
Info (10041): Inferred latch for "oam_tile[7][2]" at motor_sprite.v(35) File: C:/Users/kmbma/Documents/Arquitetura e MI/Final/Coprocessador_V5 Caio Menos Bugs/Coprocessador_V5/Coprocessador_V3 (SE DEUS QUISER A ULTIMA)/motor_sprite.v Line: 35
Info (10041): Inferred latch for "oam_tile[7][3]" at motor_sprite.v(35) File: C:/Users/kmbma/Documents/Arquitetura e MI/Final/Coprocessador_V5 Caio Menos Bugs/Coprocessador_V5/Coprocessador_V3 (SE DEUS QUISER A ULTIMA)/motor_sprite.v Line: 35
Info (10041): Inferred latch for "oam_tile[7][4]" at motor_sprite.v(35) File: C:/Users/kmbma/Documents/Arquitetura e MI/Final/Coprocessador_V5 Caio Menos Bugs/Coprocessador_V5/Coprocessador_V3 (SE DEUS QUISER A ULTIMA)/motor_sprite.v Line: 35
Info (10041): Inferred latch for "oam_tile[7][5]" at motor_sprite.v(35) File: C:/Users/kmbma/Documents/Arquitetura e MI/Final/Coprocessador_V5 Caio Menos Bugs/Coprocessador_V5/Coprocessador_V3 (SE DEUS QUISER A ULTIMA)/motor_sprite.v Line: 35
Info (10041): Inferred latch for "oam_tile[7][6]" at motor_sprite.v(35) File: C:/Users/kmbma/Documents/Arquitetura e MI/Final/Coprocessador_V5 Caio Menos Bugs/Coprocessador_V5/Coprocessador_V3 (SE DEUS QUISER A ULTIMA)/motor_sprite.v Line: 35
Info (10041): Inferred latch for "oam_tile[7][7]" at motor_sprite.v(35) File: C:/Users/kmbma/Documents/Arquitetura e MI/Final/Coprocessador_V5 Caio Menos Bugs/Coprocessador_V5/Coprocessador_V3 (SE DEUS QUISER A ULTIMA)/motor_sprite.v Line: 35
Info (10041): Inferred latch for "oam_tile[6][0]" at motor_sprite.v(35) File: C:/Users/kmbma/Documents/Arquitetura e MI/Final/Coprocessador_V5 Caio Menos Bugs/Coprocessador_V5/Coprocessador_V3 (SE DEUS QUISER A ULTIMA)/motor_sprite.v Line: 35
Info (10041): Inferred latch for "oam_tile[6][1]" at motor_sprite.v(35) File: C:/Users/kmbma/Documents/Arquitetura e MI/Final/Coprocessador_V5 Caio Menos Bugs/Coprocessador_V5/Coprocessador_V3 (SE DEUS QUISER A ULTIMA)/motor_sprite.v Line: 35
Info (10041): Inferred latch for "oam_tile[6][2]" at motor_sprite.v(35) File: C:/Users/kmbma/Documents/Arquitetura e MI/Final/Coprocessador_V5 Caio Menos Bugs/Coprocessador_V5/Coprocessador_V3 (SE DEUS QUISER A ULTIMA)/motor_sprite.v Line: 35
Info (10041): Inferred latch for "oam_tile[6][3]" at motor_sprite.v(35) File: C:/Users/kmbma/Documents/Arquitetura e MI/Final/Coprocessador_V5 Caio Menos Bugs/Coprocessador_V5/Coprocessador_V3 (SE DEUS QUISER A ULTIMA)/motor_sprite.v Line: 35
Info (10041): Inferred latch for "oam_tile[6][4]" at motor_sprite.v(35) File: C:/Users/kmbma/Documents/Arquitetura e MI/Final/Coprocessador_V5 Caio Menos Bugs/Coprocessador_V5/Coprocessador_V3 (SE DEUS QUISER A ULTIMA)/motor_sprite.v Line: 35
Info (10041): Inferred latch for "oam_tile[6][5]" at motor_sprite.v(35) File: C:/Users/kmbma/Documents/Arquitetura e MI/Final/Coprocessador_V5 Caio Menos Bugs/Coprocessador_V5/Coprocessador_V3 (SE DEUS QUISER A ULTIMA)/motor_sprite.v Line: 35
Info (10041): Inferred latch for "oam_tile[6][6]" at motor_sprite.v(35) File: C:/Users/kmbma/Documents/Arquitetura e MI/Final/Coprocessador_V5 Caio Menos Bugs/Coprocessador_V5/Coprocessador_V3 (SE DEUS QUISER A ULTIMA)/motor_sprite.v Line: 35
Info (10041): Inferred latch for "oam_tile[6][7]" at motor_sprite.v(35) File: C:/Users/kmbma/Documents/Arquitetura e MI/Final/Coprocessador_V5 Caio Menos Bugs/Coprocessador_V5/Coprocessador_V3 (SE DEUS QUISER A ULTIMA)/motor_sprite.v Line: 35
Info (10041): Inferred latch for "oam_tile[5][0]" at motor_sprite.v(35) File: C:/Users/kmbma/Documents/Arquitetura e MI/Final/Coprocessador_V5 Caio Menos Bugs/Coprocessador_V5/Coprocessador_V3 (SE DEUS QUISER A ULTIMA)/motor_sprite.v Line: 35
Info (10041): Inferred latch for "oam_tile[5][1]" at motor_sprite.v(35) File: C:/Users/kmbma/Documents/Arquitetura e MI/Final/Coprocessador_V5 Caio Menos Bugs/Coprocessador_V5/Coprocessador_V3 (SE DEUS QUISER A ULTIMA)/motor_sprite.v Line: 35
Info (10041): Inferred latch for "oam_tile[5][2]" at motor_sprite.v(35) File: C:/Users/kmbma/Documents/Arquitetura e MI/Final/Coprocessador_V5 Caio Menos Bugs/Coprocessador_V5/Coprocessador_V3 (SE DEUS QUISER A ULTIMA)/motor_sprite.v Line: 35
Info (10041): Inferred latch for "oam_tile[5][3]" at motor_sprite.v(35) File: C:/Users/kmbma/Documents/Arquitetura e MI/Final/Coprocessador_V5 Caio Menos Bugs/Coprocessador_V5/Coprocessador_V3 (SE DEUS QUISER A ULTIMA)/motor_sprite.v Line: 35
Info (10041): Inferred latch for "oam_tile[5][4]" at motor_sprite.v(35) File: C:/Users/kmbma/Documents/Arquitetura e MI/Final/Coprocessador_V5 Caio Menos Bugs/Coprocessador_V5/Coprocessador_V3 (SE DEUS QUISER A ULTIMA)/motor_sprite.v Line: 35
Info (10041): Inferred latch for "oam_tile[5][5]" at motor_sprite.v(35) File: C:/Users/kmbma/Documents/Arquitetura e MI/Final/Coprocessador_V5 Caio Menos Bugs/Coprocessador_V5/Coprocessador_V3 (SE DEUS QUISER A ULTIMA)/motor_sprite.v Line: 35
Info (10041): Inferred latch for "oam_tile[5][6]" at motor_sprite.v(35) File: C:/Users/kmbma/Documents/Arquitetura e MI/Final/Coprocessador_V5 Caio Menos Bugs/Coprocessador_V5/Coprocessador_V3 (SE DEUS QUISER A ULTIMA)/motor_sprite.v Line: 35
Info (10041): Inferred latch for "oam_tile[5][7]" at motor_sprite.v(35) File: C:/Users/kmbma/Documents/Arquitetura e MI/Final/Coprocessador_V5 Caio Menos Bugs/Coprocessador_V5/Coprocessador_V3 (SE DEUS QUISER A ULTIMA)/motor_sprite.v Line: 35
Info (10041): Inferred latch for "oam_tile[4][0]" at motor_sprite.v(35) File: C:/Users/kmbma/Documents/Arquitetura e MI/Final/Coprocessador_V5 Caio Menos Bugs/Coprocessador_V5/Coprocessador_V3 (SE DEUS QUISER A ULTIMA)/motor_sprite.v Line: 35
Info (10041): Inferred latch for "oam_tile[4][1]" at motor_sprite.v(35) File: C:/Users/kmbma/Documents/Arquitetura e MI/Final/Coprocessador_V5 Caio Menos Bugs/Coprocessador_V5/Coprocessador_V3 (SE DEUS QUISER A ULTIMA)/motor_sprite.v Line: 35
Info (10041): Inferred latch for "oam_tile[4][2]" at motor_sprite.v(35) File: C:/Users/kmbma/Documents/Arquitetura e MI/Final/Coprocessador_V5 Caio Menos Bugs/Coprocessador_V5/Coprocessador_V3 (SE DEUS QUISER A ULTIMA)/motor_sprite.v Line: 35
Info (10041): Inferred latch for "oam_tile[4][3]" at motor_sprite.v(35) File: C:/Users/kmbma/Documents/Arquitetura e MI/Final/Coprocessador_V5 Caio Menos Bugs/Coprocessador_V5/Coprocessador_V3 (SE DEUS QUISER A ULTIMA)/motor_sprite.v Line: 35
Info (10041): Inferred latch for "oam_tile[4][4]" at motor_sprite.v(35) File: C:/Users/kmbma/Documents/Arquitetura e MI/Final/Coprocessador_V5 Caio Menos Bugs/Coprocessador_V5/Coprocessador_V3 (SE DEUS QUISER A ULTIMA)/motor_sprite.v Line: 35
Info (10041): Inferred latch for "oam_tile[4][5]" at motor_sprite.v(35) File: C:/Users/kmbma/Documents/Arquitetura e MI/Final/Coprocessador_V5 Caio Menos Bugs/Coprocessador_V5/Coprocessador_V3 (SE DEUS QUISER A ULTIMA)/motor_sprite.v Line: 35
Info (10041): Inferred latch for "oam_tile[4][6]" at motor_sprite.v(35) File: C:/Users/kmbma/Documents/Arquitetura e MI/Final/Coprocessador_V5 Caio Menos Bugs/Coprocessador_V5/Coprocessador_V3 (SE DEUS QUISER A ULTIMA)/motor_sprite.v Line: 35
Info (10041): Inferred latch for "oam_tile[4][7]" at motor_sprite.v(35) File: C:/Users/kmbma/Documents/Arquitetura e MI/Final/Coprocessador_V5 Caio Menos Bugs/Coprocessador_V5/Coprocessador_V3 (SE DEUS QUISER A ULTIMA)/motor_sprite.v Line: 35
Info (10041): Inferred latch for "oam_tile[3][0]" at motor_sprite.v(35) File: C:/Users/kmbma/Documents/Arquitetura e MI/Final/Coprocessador_V5 Caio Menos Bugs/Coprocessador_V5/Coprocessador_V3 (SE DEUS QUISER A ULTIMA)/motor_sprite.v Line: 35
Info (10041): Inferred latch for "oam_tile[3][1]" at motor_sprite.v(35) File: C:/Users/kmbma/Documents/Arquitetura e MI/Final/Coprocessador_V5 Caio Menos Bugs/Coprocessador_V5/Coprocessador_V3 (SE DEUS QUISER A ULTIMA)/motor_sprite.v Line: 35
Info (10041): Inferred latch for "oam_tile[3][2]" at motor_sprite.v(35) File: C:/Users/kmbma/Documents/Arquitetura e MI/Final/Coprocessador_V5 Caio Menos Bugs/Coprocessador_V5/Coprocessador_V3 (SE DEUS QUISER A ULTIMA)/motor_sprite.v Line: 35
Info (10041): Inferred latch for "oam_tile[3][3]" at motor_sprite.v(35) File: C:/Users/kmbma/Documents/Arquitetura e MI/Final/Coprocessador_V5 Caio Menos Bugs/Coprocessador_V5/Coprocessador_V3 (SE DEUS QUISER A ULTIMA)/motor_sprite.v Line: 35
Info (10041): Inferred latch for "oam_tile[3][4]" at motor_sprite.v(35) File: C:/Users/kmbma/Documents/Arquitetura e MI/Final/Coprocessador_V5 Caio Menos Bugs/Coprocessador_V5/Coprocessador_V3 (SE DEUS QUISER A ULTIMA)/motor_sprite.v Line: 35
Info (10041): Inferred latch for "oam_tile[3][5]" at motor_sprite.v(35) File: C:/Users/kmbma/Documents/Arquitetura e MI/Final/Coprocessador_V5 Caio Menos Bugs/Coprocessador_V5/Coprocessador_V3 (SE DEUS QUISER A ULTIMA)/motor_sprite.v Line: 35
Info (10041): Inferred latch for "oam_tile[3][6]" at motor_sprite.v(35) File: C:/Users/kmbma/Documents/Arquitetura e MI/Final/Coprocessador_V5 Caio Menos Bugs/Coprocessador_V5/Coprocessador_V3 (SE DEUS QUISER A ULTIMA)/motor_sprite.v Line: 35
Info (10041): Inferred latch for "oam_tile[3][7]" at motor_sprite.v(35) File: C:/Users/kmbma/Documents/Arquitetura e MI/Final/Coprocessador_V5 Caio Menos Bugs/Coprocessador_V5/Coprocessador_V3 (SE DEUS QUISER A ULTIMA)/motor_sprite.v Line: 35
Info (10041): Inferred latch for "oam_tile[2][0]" at motor_sprite.v(35) File: C:/Users/kmbma/Documents/Arquitetura e MI/Final/Coprocessador_V5 Caio Menos Bugs/Coprocessador_V5/Coprocessador_V3 (SE DEUS QUISER A ULTIMA)/motor_sprite.v Line: 35
Info (10041): Inferred latch for "oam_tile[2][1]" at motor_sprite.v(35) File: C:/Users/kmbma/Documents/Arquitetura e MI/Final/Coprocessador_V5 Caio Menos Bugs/Coprocessador_V5/Coprocessador_V3 (SE DEUS QUISER A ULTIMA)/motor_sprite.v Line: 35
Info (10041): Inferred latch for "oam_tile[2][2]" at motor_sprite.v(35) File: C:/Users/kmbma/Documents/Arquitetura e MI/Final/Coprocessador_V5 Caio Menos Bugs/Coprocessador_V5/Coprocessador_V3 (SE DEUS QUISER A ULTIMA)/motor_sprite.v Line: 35
Info (10041): Inferred latch for "oam_tile[2][3]" at motor_sprite.v(35) File: C:/Users/kmbma/Documents/Arquitetura e MI/Final/Coprocessador_V5 Caio Menos Bugs/Coprocessador_V5/Coprocessador_V3 (SE DEUS QUISER A ULTIMA)/motor_sprite.v Line: 35
Info (10041): Inferred latch for "oam_tile[2][4]" at motor_sprite.v(35) File: C:/Users/kmbma/Documents/Arquitetura e MI/Final/Coprocessador_V5 Caio Menos Bugs/Coprocessador_V5/Coprocessador_V3 (SE DEUS QUISER A ULTIMA)/motor_sprite.v Line: 35
Info (10041): Inferred latch for "oam_tile[2][5]" at motor_sprite.v(35) File: C:/Users/kmbma/Documents/Arquitetura e MI/Final/Coprocessador_V5 Caio Menos Bugs/Coprocessador_V5/Coprocessador_V3 (SE DEUS QUISER A ULTIMA)/motor_sprite.v Line: 35
Info (10041): Inferred latch for "oam_tile[2][6]" at motor_sprite.v(35) File: C:/Users/kmbma/Documents/Arquitetura e MI/Final/Coprocessador_V5 Caio Menos Bugs/Coprocessador_V5/Coprocessador_V3 (SE DEUS QUISER A ULTIMA)/motor_sprite.v Line: 35
Info (10041): Inferred latch for "oam_tile[2][7]" at motor_sprite.v(35) File: C:/Users/kmbma/Documents/Arquitetura e MI/Final/Coprocessador_V5 Caio Menos Bugs/Coprocessador_V5/Coprocessador_V3 (SE DEUS QUISER A ULTIMA)/motor_sprite.v Line: 35
Info (10041): Inferred latch for "oam_tile[1][0]" at motor_sprite.v(35) File: C:/Users/kmbma/Documents/Arquitetura e MI/Final/Coprocessador_V5 Caio Menos Bugs/Coprocessador_V5/Coprocessador_V3 (SE DEUS QUISER A ULTIMA)/motor_sprite.v Line: 35
Info (10041): Inferred latch for "oam_tile[1][1]" at motor_sprite.v(35) File: C:/Users/kmbma/Documents/Arquitetura e MI/Final/Coprocessador_V5 Caio Menos Bugs/Coprocessador_V5/Coprocessador_V3 (SE DEUS QUISER A ULTIMA)/motor_sprite.v Line: 35
Info (10041): Inferred latch for "oam_tile[1][2]" at motor_sprite.v(35) File: C:/Users/kmbma/Documents/Arquitetura e MI/Final/Coprocessador_V5 Caio Menos Bugs/Coprocessador_V5/Coprocessador_V3 (SE DEUS QUISER A ULTIMA)/motor_sprite.v Line: 35
Info (10041): Inferred latch for "oam_tile[1][3]" at motor_sprite.v(35) File: C:/Users/kmbma/Documents/Arquitetura e MI/Final/Coprocessador_V5 Caio Menos Bugs/Coprocessador_V5/Coprocessador_V3 (SE DEUS QUISER A ULTIMA)/motor_sprite.v Line: 35
Info (10041): Inferred latch for "oam_tile[1][4]" at motor_sprite.v(35) File: C:/Users/kmbma/Documents/Arquitetura e MI/Final/Coprocessador_V5 Caio Menos Bugs/Coprocessador_V5/Coprocessador_V3 (SE DEUS QUISER A ULTIMA)/motor_sprite.v Line: 35
Info (10041): Inferred latch for "oam_tile[1][5]" at motor_sprite.v(35) File: C:/Users/kmbma/Documents/Arquitetura e MI/Final/Coprocessador_V5 Caio Menos Bugs/Coprocessador_V5/Coprocessador_V3 (SE DEUS QUISER A ULTIMA)/motor_sprite.v Line: 35
Info (10041): Inferred latch for "oam_tile[1][6]" at motor_sprite.v(35) File: C:/Users/kmbma/Documents/Arquitetura e MI/Final/Coprocessador_V5 Caio Menos Bugs/Coprocessador_V5/Coprocessador_V3 (SE DEUS QUISER A ULTIMA)/motor_sprite.v Line: 35
Info (10041): Inferred latch for "oam_tile[1][7]" at motor_sprite.v(35) File: C:/Users/kmbma/Documents/Arquitetura e MI/Final/Coprocessador_V5 Caio Menos Bugs/Coprocessador_V5/Coprocessador_V3 (SE DEUS QUISER A ULTIMA)/motor_sprite.v Line: 35
Info (10041): Inferred latch for "oam_tile[0][0]" at motor_sprite.v(35) File: C:/Users/kmbma/Documents/Arquitetura e MI/Final/Coprocessador_V5 Caio Menos Bugs/Coprocessador_V5/Coprocessador_V3 (SE DEUS QUISER A ULTIMA)/motor_sprite.v Line: 35
Info (10041): Inferred latch for "oam_tile[0][1]" at motor_sprite.v(35) File: C:/Users/kmbma/Documents/Arquitetura e MI/Final/Coprocessador_V5 Caio Menos Bugs/Coprocessador_V5/Coprocessador_V3 (SE DEUS QUISER A ULTIMA)/motor_sprite.v Line: 35
Info (10041): Inferred latch for "oam_tile[0][2]" at motor_sprite.v(35) File: C:/Users/kmbma/Documents/Arquitetura e MI/Final/Coprocessador_V5 Caio Menos Bugs/Coprocessador_V5/Coprocessador_V3 (SE DEUS QUISER A ULTIMA)/motor_sprite.v Line: 35
Info (10041): Inferred latch for "oam_tile[0][3]" at motor_sprite.v(35) File: C:/Users/kmbma/Documents/Arquitetura e MI/Final/Coprocessador_V5 Caio Menos Bugs/Coprocessador_V5/Coprocessador_V3 (SE DEUS QUISER A ULTIMA)/motor_sprite.v Line: 35
Info (10041): Inferred latch for "oam_tile[0][4]" at motor_sprite.v(35) File: C:/Users/kmbma/Documents/Arquitetura e MI/Final/Coprocessador_V5 Caio Menos Bugs/Coprocessador_V5/Coprocessador_V3 (SE DEUS QUISER A ULTIMA)/motor_sprite.v Line: 35
Info (10041): Inferred latch for "oam_tile[0][5]" at motor_sprite.v(35) File: C:/Users/kmbma/Documents/Arquitetura e MI/Final/Coprocessador_V5 Caio Menos Bugs/Coprocessador_V5/Coprocessador_V3 (SE DEUS QUISER A ULTIMA)/motor_sprite.v Line: 35
Info (10041): Inferred latch for "oam_tile[0][6]" at motor_sprite.v(35) File: C:/Users/kmbma/Documents/Arquitetura e MI/Final/Coprocessador_V5 Caio Menos Bugs/Coprocessador_V5/Coprocessador_V3 (SE DEUS QUISER A ULTIMA)/motor_sprite.v Line: 35
Info (10041): Inferred latch for "oam_tile[0][7]" at motor_sprite.v(35) File: C:/Users/kmbma/Documents/Arquitetura e MI/Final/Coprocessador_V5 Caio Menos Bugs/Coprocessador_V5/Coprocessador_V3 (SE DEUS QUISER A ULTIMA)/motor_sprite.v Line: 35
Info (10041): Inferred latch for "oam_y[31][0]" at motor_sprite.v(35) File: C:/Users/kmbma/Documents/Arquitetura e MI/Final/Coprocessador_V5 Caio Menos Bugs/Coprocessador_V5/Coprocessador_V3 (SE DEUS QUISER A ULTIMA)/motor_sprite.v Line: 35
Info (10041): Inferred latch for "oam_y[31][1]" at motor_sprite.v(35) File: C:/Users/kmbma/Documents/Arquitetura e MI/Final/Coprocessador_V5 Caio Menos Bugs/Coprocessador_V5/Coprocessador_V3 (SE DEUS QUISER A ULTIMA)/motor_sprite.v Line: 35
Info (10041): Inferred latch for "oam_y[31][2]" at motor_sprite.v(35) File: C:/Users/kmbma/Documents/Arquitetura e MI/Final/Coprocessador_V5 Caio Menos Bugs/Coprocessador_V5/Coprocessador_V3 (SE DEUS QUISER A ULTIMA)/motor_sprite.v Line: 35
Info (10041): Inferred latch for "oam_y[31][3]" at motor_sprite.v(35) File: C:/Users/kmbma/Documents/Arquitetura e MI/Final/Coprocessador_V5 Caio Menos Bugs/Coprocessador_V5/Coprocessador_V3 (SE DEUS QUISER A ULTIMA)/motor_sprite.v Line: 35
Info (10041): Inferred latch for "oam_y[31][4]" at motor_sprite.v(35) File: C:/Users/kmbma/Documents/Arquitetura e MI/Final/Coprocessador_V5 Caio Menos Bugs/Coprocessador_V5/Coprocessador_V3 (SE DEUS QUISER A ULTIMA)/motor_sprite.v Line: 35
Info (10041): Inferred latch for "oam_y[31][5]" at motor_sprite.v(35) File: C:/Users/kmbma/Documents/Arquitetura e MI/Final/Coprocessador_V5 Caio Menos Bugs/Coprocessador_V5/Coprocessador_V3 (SE DEUS QUISER A ULTIMA)/motor_sprite.v Line: 35
Info (10041): Inferred latch for "oam_y[31][6]" at motor_sprite.v(35) File: C:/Users/kmbma/Documents/Arquitetura e MI/Final/Coprocessador_V5 Caio Menos Bugs/Coprocessador_V5/Coprocessador_V3 (SE DEUS QUISER A ULTIMA)/motor_sprite.v Line: 35
Info (10041): Inferred latch for "oam_y[31][7]" at motor_sprite.v(35) File: C:/Users/kmbma/Documents/Arquitetura e MI/Final/Coprocessador_V5 Caio Menos Bugs/Coprocessador_V5/Coprocessador_V3 (SE DEUS QUISER A ULTIMA)/motor_sprite.v Line: 35
Info (10041): Inferred latch for "oam_y[30][0]" at motor_sprite.v(35) File: C:/Users/kmbma/Documents/Arquitetura e MI/Final/Coprocessador_V5 Caio Menos Bugs/Coprocessador_V5/Coprocessador_V3 (SE DEUS QUISER A ULTIMA)/motor_sprite.v Line: 35
Info (10041): Inferred latch for "oam_y[30][1]" at motor_sprite.v(35) File: C:/Users/kmbma/Documents/Arquitetura e MI/Final/Coprocessador_V5 Caio Menos Bugs/Coprocessador_V5/Coprocessador_V3 (SE DEUS QUISER A ULTIMA)/motor_sprite.v Line: 35
Info (10041): Inferred latch for "oam_y[30][2]" at motor_sprite.v(35) File: C:/Users/kmbma/Documents/Arquitetura e MI/Final/Coprocessador_V5 Caio Menos Bugs/Coprocessador_V5/Coprocessador_V3 (SE DEUS QUISER A ULTIMA)/motor_sprite.v Line: 35
Info (10041): Inferred latch for "oam_y[30][3]" at motor_sprite.v(35) File: C:/Users/kmbma/Documents/Arquitetura e MI/Final/Coprocessador_V5 Caio Menos Bugs/Coprocessador_V5/Coprocessador_V3 (SE DEUS QUISER A ULTIMA)/motor_sprite.v Line: 35
Info (10041): Inferred latch for "oam_y[30][4]" at motor_sprite.v(35) File: C:/Users/kmbma/Documents/Arquitetura e MI/Final/Coprocessador_V5 Caio Menos Bugs/Coprocessador_V5/Coprocessador_V3 (SE DEUS QUISER A ULTIMA)/motor_sprite.v Line: 35
Info (10041): Inferred latch for "oam_y[30][5]" at motor_sprite.v(35) File: C:/Users/kmbma/Documents/Arquitetura e MI/Final/Coprocessador_V5 Caio Menos Bugs/Coprocessador_V5/Coprocessador_V3 (SE DEUS QUISER A ULTIMA)/motor_sprite.v Line: 35
Info (10041): Inferred latch for "oam_y[30][6]" at motor_sprite.v(35) File: C:/Users/kmbma/Documents/Arquitetura e MI/Final/Coprocessador_V5 Caio Menos Bugs/Coprocessador_V5/Coprocessador_V3 (SE DEUS QUISER A ULTIMA)/motor_sprite.v Line: 35
Info (10041): Inferred latch for "oam_y[30][7]" at motor_sprite.v(35) File: C:/Users/kmbma/Documents/Arquitetura e MI/Final/Coprocessador_V5 Caio Menos Bugs/Coprocessador_V5/Coprocessador_V3 (SE DEUS QUISER A ULTIMA)/motor_sprite.v Line: 35
Info (10041): Inferred latch for "oam_y[29][0]" at motor_sprite.v(35) File: C:/Users/kmbma/Documents/Arquitetura e MI/Final/Coprocessador_V5 Caio Menos Bugs/Coprocessador_V5/Coprocessador_V3 (SE DEUS QUISER A ULTIMA)/motor_sprite.v Line: 35
Info (10041): Inferred latch for "oam_y[29][1]" at motor_sprite.v(35) File: C:/Users/kmbma/Documents/Arquitetura e MI/Final/Coprocessador_V5 Caio Menos Bugs/Coprocessador_V5/Coprocessador_V3 (SE DEUS QUISER A ULTIMA)/motor_sprite.v Line: 35
Info (10041): Inferred latch for "oam_y[29][2]" at motor_sprite.v(35) File: C:/Users/kmbma/Documents/Arquitetura e MI/Final/Coprocessador_V5 Caio Menos Bugs/Coprocessador_V5/Coprocessador_V3 (SE DEUS QUISER A ULTIMA)/motor_sprite.v Line: 35
Info (10041): Inferred latch for "oam_y[29][3]" at motor_sprite.v(35) File: C:/Users/kmbma/Documents/Arquitetura e MI/Final/Coprocessador_V5 Caio Menos Bugs/Coprocessador_V5/Coprocessador_V3 (SE DEUS QUISER A ULTIMA)/motor_sprite.v Line: 35
Info (10041): Inferred latch for "oam_y[29][4]" at motor_sprite.v(35) File: C:/Users/kmbma/Documents/Arquitetura e MI/Final/Coprocessador_V5 Caio Menos Bugs/Coprocessador_V5/Coprocessador_V3 (SE DEUS QUISER A ULTIMA)/motor_sprite.v Line: 35
Info (10041): Inferred latch for "oam_y[29][5]" at motor_sprite.v(35) File: C:/Users/kmbma/Documents/Arquitetura e MI/Final/Coprocessador_V5 Caio Menos Bugs/Coprocessador_V5/Coprocessador_V3 (SE DEUS QUISER A ULTIMA)/motor_sprite.v Line: 35
Info (10041): Inferred latch for "oam_y[29][6]" at motor_sprite.v(35) File: C:/Users/kmbma/Documents/Arquitetura e MI/Final/Coprocessador_V5 Caio Menos Bugs/Coprocessador_V5/Coprocessador_V3 (SE DEUS QUISER A ULTIMA)/motor_sprite.v Line: 35
Info (10041): Inferred latch for "oam_y[29][7]" at motor_sprite.v(35) File: C:/Users/kmbma/Documents/Arquitetura e MI/Final/Coprocessador_V5 Caio Menos Bugs/Coprocessador_V5/Coprocessador_V3 (SE DEUS QUISER A ULTIMA)/motor_sprite.v Line: 35
Info (10041): Inferred latch for "oam_y[28][0]" at motor_sprite.v(35) File: C:/Users/kmbma/Documents/Arquitetura e MI/Final/Coprocessador_V5 Caio Menos Bugs/Coprocessador_V5/Coprocessador_V3 (SE DEUS QUISER A ULTIMA)/motor_sprite.v Line: 35
Info (10041): Inferred latch for "oam_y[28][1]" at motor_sprite.v(35) File: C:/Users/kmbma/Documents/Arquitetura e MI/Final/Coprocessador_V5 Caio Menos Bugs/Coprocessador_V5/Coprocessador_V3 (SE DEUS QUISER A ULTIMA)/motor_sprite.v Line: 35
Info (10041): Inferred latch for "oam_y[28][2]" at motor_sprite.v(35) File: C:/Users/kmbma/Documents/Arquitetura e MI/Final/Coprocessador_V5 Caio Menos Bugs/Coprocessador_V5/Coprocessador_V3 (SE DEUS QUISER A ULTIMA)/motor_sprite.v Line: 35
Info (10041): Inferred latch for "oam_y[28][3]" at motor_sprite.v(35) File: C:/Users/kmbma/Documents/Arquitetura e MI/Final/Coprocessador_V5 Caio Menos Bugs/Coprocessador_V5/Coprocessador_V3 (SE DEUS QUISER A ULTIMA)/motor_sprite.v Line: 35
Info (10041): Inferred latch for "oam_y[28][4]" at motor_sprite.v(35) File: C:/Users/kmbma/Documents/Arquitetura e MI/Final/Coprocessador_V5 Caio Menos Bugs/Coprocessador_V5/Coprocessador_V3 (SE DEUS QUISER A ULTIMA)/motor_sprite.v Line: 35
Info (10041): Inferred latch for "oam_y[28][5]" at motor_sprite.v(35) File: C:/Users/kmbma/Documents/Arquitetura e MI/Final/Coprocessador_V5 Caio Menos Bugs/Coprocessador_V5/Coprocessador_V3 (SE DEUS QUISER A ULTIMA)/motor_sprite.v Line: 35
Info (10041): Inferred latch for "oam_y[28][6]" at motor_sprite.v(35) File: C:/Users/kmbma/Documents/Arquitetura e MI/Final/Coprocessador_V5 Caio Menos Bugs/Coprocessador_V5/Coprocessador_V3 (SE DEUS QUISER A ULTIMA)/motor_sprite.v Line: 35
Info (10041): Inferred latch for "oam_y[28][7]" at motor_sprite.v(35) File: C:/Users/kmbma/Documents/Arquitetura e MI/Final/Coprocessador_V5 Caio Menos Bugs/Coprocessador_V5/Coprocessador_V3 (SE DEUS QUISER A ULTIMA)/motor_sprite.v Line: 35
Info (10041): Inferred latch for "oam_y[27][0]" at motor_sprite.v(35) File: C:/Users/kmbma/Documents/Arquitetura e MI/Final/Coprocessador_V5 Caio Menos Bugs/Coprocessador_V5/Coprocessador_V3 (SE DEUS QUISER A ULTIMA)/motor_sprite.v Line: 35
Info (10041): Inferred latch for "oam_y[27][1]" at motor_sprite.v(35) File: C:/Users/kmbma/Documents/Arquitetura e MI/Final/Coprocessador_V5 Caio Menos Bugs/Coprocessador_V5/Coprocessador_V3 (SE DEUS QUISER A ULTIMA)/motor_sprite.v Line: 35
Info (10041): Inferred latch for "oam_y[27][2]" at motor_sprite.v(35) File: C:/Users/kmbma/Documents/Arquitetura e MI/Final/Coprocessador_V5 Caio Menos Bugs/Coprocessador_V5/Coprocessador_V3 (SE DEUS QUISER A ULTIMA)/motor_sprite.v Line: 35
Info (10041): Inferred latch for "oam_y[27][3]" at motor_sprite.v(35) File: C:/Users/kmbma/Documents/Arquitetura e MI/Final/Coprocessador_V5 Caio Menos Bugs/Coprocessador_V5/Coprocessador_V3 (SE DEUS QUISER A ULTIMA)/motor_sprite.v Line: 35
Info (10041): Inferred latch for "oam_y[27][4]" at motor_sprite.v(35) File: C:/Users/kmbma/Documents/Arquitetura e MI/Final/Coprocessador_V5 Caio Menos Bugs/Coprocessador_V5/Coprocessador_V3 (SE DEUS QUISER A ULTIMA)/motor_sprite.v Line: 35
Info (10041): Inferred latch for "oam_y[27][5]" at motor_sprite.v(35) File: C:/Users/kmbma/Documents/Arquitetura e MI/Final/Coprocessador_V5 Caio Menos Bugs/Coprocessador_V5/Coprocessador_V3 (SE DEUS QUISER A ULTIMA)/motor_sprite.v Line: 35
Info (10041): Inferred latch for "oam_y[27][6]" at motor_sprite.v(35) File: C:/Users/kmbma/Documents/Arquitetura e MI/Final/Coprocessador_V5 Caio Menos Bugs/Coprocessador_V5/Coprocessador_V3 (SE DEUS QUISER A ULTIMA)/motor_sprite.v Line: 35
Info (10041): Inferred latch for "oam_y[27][7]" at motor_sprite.v(35) File: C:/Users/kmbma/Documents/Arquitetura e MI/Final/Coprocessador_V5 Caio Menos Bugs/Coprocessador_V5/Coprocessador_V3 (SE DEUS QUISER A ULTIMA)/motor_sprite.v Line: 35
Info (10041): Inferred latch for "oam_y[26][0]" at motor_sprite.v(35) File: C:/Users/kmbma/Documents/Arquitetura e MI/Final/Coprocessador_V5 Caio Menos Bugs/Coprocessador_V5/Coprocessador_V3 (SE DEUS QUISER A ULTIMA)/motor_sprite.v Line: 35
Info (10041): Inferred latch for "oam_y[26][1]" at motor_sprite.v(35) File: C:/Users/kmbma/Documents/Arquitetura e MI/Final/Coprocessador_V5 Caio Menos Bugs/Coprocessador_V5/Coprocessador_V3 (SE DEUS QUISER A ULTIMA)/motor_sprite.v Line: 35
Info (10041): Inferred latch for "oam_y[26][2]" at motor_sprite.v(35) File: C:/Users/kmbma/Documents/Arquitetura e MI/Final/Coprocessador_V5 Caio Menos Bugs/Coprocessador_V5/Coprocessador_V3 (SE DEUS QUISER A ULTIMA)/motor_sprite.v Line: 35
Info (10041): Inferred latch for "oam_y[26][3]" at motor_sprite.v(35) File: C:/Users/kmbma/Documents/Arquitetura e MI/Final/Coprocessador_V5 Caio Menos Bugs/Coprocessador_V5/Coprocessador_V3 (SE DEUS QUISER A ULTIMA)/motor_sprite.v Line: 35
Info (10041): Inferred latch for "oam_y[26][4]" at motor_sprite.v(35) File: C:/Users/kmbma/Documents/Arquitetura e MI/Final/Coprocessador_V5 Caio Menos Bugs/Coprocessador_V5/Coprocessador_V3 (SE DEUS QUISER A ULTIMA)/motor_sprite.v Line: 35
Info (10041): Inferred latch for "oam_y[26][5]" at motor_sprite.v(35) File: C:/Users/kmbma/Documents/Arquitetura e MI/Final/Coprocessador_V5 Caio Menos Bugs/Coprocessador_V5/Coprocessador_V3 (SE DEUS QUISER A ULTIMA)/motor_sprite.v Line: 35
Info (10041): Inferred latch for "oam_y[26][6]" at motor_sprite.v(35) File: C:/Users/kmbma/Documents/Arquitetura e MI/Final/Coprocessador_V5 Caio Menos Bugs/Coprocessador_V5/Coprocessador_V3 (SE DEUS QUISER A ULTIMA)/motor_sprite.v Line: 35
Info (10041): Inferred latch for "oam_y[26][7]" at motor_sprite.v(35) File: C:/Users/kmbma/Documents/Arquitetura e MI/Final/Coprocessador_V5 Caio Menos Bugs/Coprocessador_V5/Coprocessador_V3 (SE DEUS QUISER A ULTIMA)/motor_sprite.v Line: 35
Info (10041): Inferred latch for "oam_y[25][0]" at motor_sprite.v(35) File: C:/Users/kmbma/Documents/Arquitetura e MI/Final/Coprocessador_V5 Caio Menos Bugs/Coprocessador_V5/Coprocessador_V3 (SE DEUS QUISER A ULTIMA)/motor_sprite.v Line: 35
Info (10041): Inferred latch for "oam_y[25][1]" at motor_sprite.v(35) File: C:/Users/kmbma/Documents/Arquitetura e MI/Final/Coprocessador_V5 Caio Menos Bugs/Coprocessador_V5/Coprocessador_V3 (SE DEUS QUISER A ULTIMA)/motor_sprite.v Line: 35
Info (10041): Inferred latch for "oam_y[25][2]" at motor_sprite.v(35) File: C:/Users/kmbma/Documents/Arquitetura e MI/Final/Coprocessador_V5 Caio Menos Bugs/Coprocessador_V5/Coprocessador_V3 (SE DEUS QUISER A ULTIMA)/motor_sprite.v Line: 35
Info (10041): Inferred latch for "oam_y[25][3]" at motor_sprite.v(35) File: C:/Users/kmbma/Documents/Arquitetura e MI/Final/Coprocessador_V5 Caio Menos Bugs/Coprocessador_V5/Coprocessador_V3 (SE DEUS QUISER A ULTIMA)/motor_sprite.v Line: 35
Info (10041): Inferred latch for "oam_y[25][4]" at motor_sprite.v(35) File: C:/Users/kmbma/Documents/Arquitetura e MI/Final/Coprocessador_V5 Caio Menos Bugs/Coprocessador_V5/Coprocessador_V3 (SE DEUS QUISER A ULTIMA)/motor_sprite.v Line: 35
Info (10041): Inferred latch for "oam_y[25][5]" at motor_sprite.v(35) File: C:/Users/kmbma/Documents/Arquitetura e MI/Final/Coprocessador_V5 Caio Menos Bugs/Coprocessador_V5/Coprocessador_V3 (SE DEUS QUISER A ULTIMA)/motor_sprite.v Line: 35
Info (10041): Inferred latch for "oam_y[25][6]" at motor_sprite.v(35) File: C:/Users/kmbma/Documents/Arquitetura e MI/Final/Coprocessador_V5 Caio Menos Bugs/Coprocessador_V5/Coprocessador_V3 (SE DEUS QUISER A ULTIMA)/motor_sprite.v Line: 35
Info (10041): Inferred latch for "oam_y[25][7]" at motor_sprite.v(35) File: C:/Users/kmbma/Documents/Arquitetura e MI/Final/Coprocessador_V5 Caio Menos Bugs/Coprocessador_V5/Coprocessador_V3 (SE DEUS QUISER A ULTIMA)/motor_sprite.v Line: 35
Info (10041): Inferred latch for "oam_y[24][0]" at motor_sprite.v(35) File: C:/Users/kmbma/Documents/Arquitetura e MI/Final/Coprocessador_V5 Caio Menos Bugs/Coprocessador_V5/Coprocessador_V3 (SE DEUS QUISER A ULTIMA)/motor_sprite.v Line: 35
Info (10041): Inferred latch for "oam_y[24][1]" at motor_sprite.v(35) File: C:/Users/kmbma/Documents/Arquitetura e MI/Final/Coprocessador_V5 Caio Menos Bugs/Coprocessador_V5/Coprocessador_V3 (SE DEUS QUISER A ULTIMA)/motor_sprite.v Line: 35
Info (10041): Inferred latch for "oam_y[24][2]" at motor_sprite.v(35) File: C:/Users/kmbma/Documents/Arquitetura e MI/Final/Coprocessador_V5 Caio Menos Bugs/Coprocessador_V5/Coprocessador_V3 (SE DEUS QUISER A ULTIMA)/motor_sprite.v Line: 35
Info (10041): Inferred latch for "oam_y[24][3]" at motor_sprite.v(35) File: C:/Users/kmbma/Documents/Arquitetura e MI/Final/Coprocessador_V5 Caio Menos Bugs/Coprocessador_V5/Coprocessador_V3 (SE DEUS QUISER A ULTIMA)/motor_sprite.v Line: 35
Info (10041): Inferred latch for "oam_y[24][4]" at motor_sprite.v(35) File: C:/Users/kmbma/Documents/Arquitetura e MI/Final/Coprocessador_V5 Caio Menos Bugs/Coprocessador_V5/Coprocessador_V3 (SE DEUS QUISER A ULTIMA)/motor_sprite.v Line: 35
Info (10041): Inferred latch for "oam_y[24][5]" at motor_sprite.v(35) File: C:/Users/kmbma/Documents/Arquitetura e MI/Final/Coprocessador_V5 Caio Menos Bugs/Coprocessador_V5/Coprocessador_V3 (SE DEUS QUISER A ULTIMA)/motor_sprite.v Line: 35
Info (10041): Inferred latch for "oam_y[24][6]" at motor_sprite.v(35) File: C:/Users/kmbma/Documents/Arquitetura e MI/Final/Coprocessador_V5 Caio Menos Bugs/Coprocessador_V5/Coprocessador_V3 (SE DEUS QUISER A ULTIMA)/motor_sprite.v Line: 35
Info (10041): Inferred latch for "oam_y[24][7]" at motor_sprite.v(35) File: C:/Users/kmbma/Documents/Arquitetura e MI/Final/Coprocessador_V5 Caio Menos Bugs/Coprocessador_V5/Coprocessador_V3 (SE DEUS QUISER A ULTIMA)/motor_sprite.v Line: 35
Info (10041): Inferred latch for "oam_y[23][0]" at motor_sprite.v(35) File: C:/Users/kmbma/Documents/Arquitetura e MI/Final/Coprocessador_V5 Caio Menos Bugs/Coprocessador_V5/Coprocessador_V3 (SE DEUS QUISER A ULTIMA)/motor_sprite.v Line: 35
Info (10041): Inferred latch for "oam_y[23][1]" at motor_sprite.v(35) File: C:/Users/kmbma/Documents/Arquitetura e MI/Final/Coprocessador_V5 Caio Menos Bugs/Coprocessador_V5/Coprocessador_V3 (SE DEUS QUISER A ULTIMA)/motor_sprite.v Line: 35
Info (10041): Inferred latch for "oam_y[23][2]" at motor_sprite.v(35) File: C:/Users/kmbma/Documents/Arquitetura e MI/Final/Coprocessador_V5 Caio Menos Bugs/Coprocessador_V5/Coprocessador_V3 (SE DEUS QUISER A ULTIMA)/motor_sprite.v Line: 35
Info (10041): Inferred latch for "oam_y[23][3]" at motor_sprite.v(35) File: C:/Users/kmbma/Documents/Arquitetura e MI/Final/Coprocessador_V5 Caio Menos Bugs/Coprocessador_V5/Coprocessador_V3 (SE DEUS QUISER A ULTIMA)/motor_sprite.v Line: 35
Info (10041): Inferred latch for "oam_y[23][4]" at motor_sprite.v(35) File: C:/Users/kmbma/Documents/Arquitetura e MI/Final/Coprocessador_V5 Caio Menos Bugs/Coprocessador_V5/Coprocessador_V3 (SE DEUS QUISER A ULTIMA)/motor_sprite.v Line: 35
Info (10041): Inferred latch for "oam_y[23][5]" at motor_sprite.v(35) File: C:/Users/kmbma/Documents/Arquitetura e MI/Final/Coprocessador_V5 Caio Menos Bugs/Coprocessador_V5/Coprocessador_V3 (SE DEUS QUISER A ULTIMA)/motor_sprite.v Line: 35
Info (10041): Inferred latch for "oam_y[23][6]" at motor_sprite.v(35) File: C:/Users/kmbma/Documents/Arquitetura e MI/Final/Coprocessador_V5 Caio Menos Bugs/Coprocessador_V5/Coprocessador_V3 (SE DEUS QUISER A ULTIMA)/motor_sprite.v Line: 35
Info (10041): Inferred latch for "oam_y[23][7]" at motor_sprite.v(35) File: C:/Users/kmbma/Documents/Arquitetura e MI/Final/Coprocessador_V5 Caio Menos Bugs/Coprocessador_V5/Coprocessador_V3 (SE DEUS QUISER A ULTIMA)/motor_sprite.v Line: 35
Info (10041): Inferred latch for "oam_y[22][0]" at motor_sprite.v(35) File: C:/Users/kmbma/Documents/Arquitetura e MI/Final/Coprocessador_V5 Caio Menos Bugs/Coprocessador_V5/Coprocessador_V3 (SE DEUS QUISER A ULTIMA)/motor_sprite.v Line: 35
Info (10041): Inferred latch for "oam_y[22][1]" at motor_sprite.v(35) File: C:/Users/kmbma/Documents/Arquitetura e MI/Final/Coprocessador_V5 Caio Menos Bugs/Coprocessador_V5/Coprocessador_V3 (SE DEUS QUISER A ULTIMA)/motor_sprite.v Line: 35
Info (10041): Inferred latch for "oam_y[22][2]" at motor_sprite.v(35) File: C:/Users/kmbma/Documents/Arquitetura e MI/Final/Coprocessador_V5 Caio Menos Bugs/Coprocessador_V5/Coprocessador_V3 (SE DEUS QUISER A ULTIMA)/motor_sprite.v Line: 35
Info (10041): Inferred latch for "oam_y[22][3]" at motor_sprite.v(35) File: C:/Users/kmbma/Documents/Arquitetura e MI/Final/Coprocessador_V5 Caio Menos Bugs/Coprocessador_V5/Coprocessador_V3 (SE DEUS QUISER A ULTIMA)/motor_sprite.v Line: 35
Info (10041): Inferred latch for "oam_y[22][4]" at motor_sprite.v(35) File: C:/Users/kmbma/Documents/Arquitetura e MI/Final/Coprocessador_V5 Caio Menos Bugs/Coprocessador_V5/Coprocessador_V3 (SE DEUS QUISER A ULTIMA)/motor_sprite.v Line: 35
Info (10041): Inferred latch for "oam_y[22][5]" at motor_sprite.v(35) File: C:/Users/kmbma/Documents/Arquitetura e MI/Final/Coprocessador_V5 Caio Menos Bugs/Coprocessador_V5/Coprocessador_V3 (SE DEUS QUISER A ULTIMA)/motor_sprite.v Line: 35
Info (10041): Inferred latch for "oam_y[22][6]" at motor_sprite.v(35) File: C:/Users/kmbma/Documents/Arquitetura e MI/Final/Coprocessador_V5 Caio Menos Bugs/Coprocessador_V5/Coprocessador_V3 (SE DEUS QUISER A ULTIMA)/motor_sprite.v Line: 35
Info (10041): Inferred latch for "oam_y[22][7]" at motor_sprite.v(35) File: C:/Users/kmbma/Documents/Arquitetura e MI/Final/Coprocessador_V5 Caio Menos Bugs/Coprocessador_V5/Coprocessador_V3 (SE DEUS QUISER A ULTIMA)/motor_sprite.v Line: 35
Info (10041): Inferred latch for "oam_y[21][0]" at motor_sprite.v(35) File: C:/Users/kmbma/Documents/Arquitetura e MI/Final/Coprocessador_V5 Caio Menos Bugs/Coprocessador_V5/Coprocessador_V3 (SE DEUS QUISER A ULTIMA)/motor_sprite.v Line: 35
Info (10041): Inferred latch for "oam_y[21][1]" at motor_sprite.v(35) File: C:/Users/kmbma/Documents/Arquitetura e MI/Final/Coprocessador_V5 Caio Menos Bugs/Coprocessador_V5/Coprocessador_V3 (SE DEUS QUISER A ULTIMA)/motor_sprite.v Line: 35
Info (10041): Inferred latch for "oam_y[21][2]" at motor_sprite.v(35) File: C:/Users/kmbma/Documents/Arquitetura e MI/Final/Coprocessador_V5 Caio Menos Bugs/Coprocessador_V5/Coprocessador_V3 (SE DEUS QUISER A ULTIMA)/motor_sprite.v Line: 35
Info (10041): Inferred latch for "oam_y[21][3]" at motor_sprite.v(35) File: C:/Users/kmbma/Documents/Arquitetura e MI/Final/Coprocessador_V5 Caio Menos Bugs/Coprocessador_V5/Coprocessador_V3 (SE DEUS QUISER A ULTIMA)/motor_sprite.v Line: 35
Info (10041): Inferred latch for "oam_y[21][4]" at motor_sprite.v(35) File: C:/Users/kmbma/Documents/Arquitetura e MI/Final/Coprocessador_V5 Caio Menos Bugs/Coprocessador_V5/Coprocessador_V3 (SE DEUS QUISER A ULTIMA)/motor_sprite.v Line: 35
Info (10041): Inferred latch for "oam_y[21][5]" at motor_sprite.v(35) File: C:/Users/kmbma/Documents/Arquitetura e MI/Final/Coprocessador_V5 Caio Menos Bugs/Coprocessador_V5/Coprocessador_V3 (SE DEUS QUISER A ULTIMA)/motor_sprite.v Line: 35
Info (10041): Inferred latch for "oam_y[21][6]" at motor_sprite.v(35) File: C:/Users/kmbma/Documents/Arquitetura e MI/Final/Coprocessador_V5 Caio Menos Bugs/Coprocessador_V5/Coprocessador_V3 (SE DEUS QUISER A ULTIMA)/motor_sprite.v Line: 35
Info (10041): Inferred latch for "oam_y[21][7]" at motor_sprite.v(35) File: C:/Users/kmbma/Documents/Arquitetura e MI/Final/Coprocessador_V5 Caio Menos Bugs/Coprocessador_V5/Coprocessador_V3 (SE DEUS QUISER A ULTIMA)/motor_sprite.v Line: 35
Info (10041): Inferred latch for "oam_y[20][0]" at motor_sprite.v(35) File: C:/Users/kmbma/Documents/Arquitetura e MI/Final/Coprocessador_V5 Caio Menos Bugs/Coprocessador_V5/Coprocessador_V3 (SE DEUS QUISER A ULTIMA)/motor_sprite.v Line: 35
Info (10041): Inferred latch for "oam_y[20][1]" at motor_sprite.v(35) File: C:/Users/kmbma/Documents/Arquitetura e MI/Final/Coprocessador_V5 Caio Menos Bugs/Coprocessador_V5/Coprocessador_V3 (SE DEUS QUISER A ULTIMA)/motor_sprite.v Line: 35
Info (10041): Inferred latch for "oam_y[20][2]" at motor_sprite.v(35) File: C:/Users/kmbma/Documents/Arquitetura e MI/Final/Coprocessador_V5 Caio Menos Bugs/Coprocessador_V5/Coprocessador_V3 (SE DEUS QUISER A ULTIMA)/motor_sprite.v Line: 35
Info (10041): Inferred latch for "oam_y[20][3]" at motor_sprite.v(35) File: C:/Users/kmbma/Documents/Arquitetura e MI/Final/Coprocessador_V5 Caio Menos Bugs/Coprocessador_V5/Coprocessador_V3 (SE DEUS QUISER A ULTIMA)/motor_sprite.v Line: 35
Info (10041): Inferred latch for "oam_y[20][4]" at motor_sprite.v(35) File: C:/Users/kmbma/Documents/Arquitetura e MI/Final/Coprocessador_V5 Caio Menos Bugs/Coprocessador_V5/Coprocessador_V3 (SE DEUS QUISER A ULTIMA)/motor_sprite.v Line: 35
Info (10041): Inferred latch for "oam_y[20][5]" at motor_sprite.v(35) File: C:/Users/kmbma/Documents/Arquitetura e MI/Final/Coprocessador_V5 Caio Menos Bugs/Coprocessador_V5/Coprocessador_V3 (SE DEUS QUISER A ULTIMA)/motor_sprite.v Line: 35
Info (10041): Inferred latch for "oam_y[20][6]" at motor_sprite.v(35) File: C:/Users/kmbma/Documents/Arquitetura e MI/Final/Coprocessador_V5 Caio Menos Bugs/Coprocessador_V5/Coprocessador_V3 (SE DEUS QUISER A ULTIMA)/motor_sprite.v Line: 35
Info (10041): Inferred latch for "oam_y[20][7]" at motor_sprite.v(35) File: C:/Users/kmbma/Documents/Arquitetura e MI/Final/Coprocessador_V5 Caio Menos Bugs/Coprocessador_V5/Coprocessador_V3 (SE DEUS QUISER A ULTIMA)/motor_sprite.v Line: 35
Info (10041): Inferred latch for "oam_y[19][0]" at motor_sprite.v(35) File: C:/Users/kmbma/Documents/Arquitetura e MI/Final/Coprocessador_V5 Caio Menos Bugs/Coprocessador_V5/Coprocessador_V3 (SE DEUS QUISER A ULTIMA)/motor_sprite.v Line: 35
Info (10041): Inferred latch for "oam_y[19][1]" at motor_sprite.v(35) File: C:/Users/kmbma/Documents/Arquitetura e MI/Final/Coprocessador_V5 Caio Menos Bugs/Coprocessador_V5/Coprocessador_V3 (SE DEUS QUISER A ULTIMA)/motor_sprite.v Line: 35
Info (10041): Inferred latch for "oam_y[19][2]" at motor_sprite.v(35) File: C:/Users/kmbma/Documents/Arquitetura e MI/Final/Coprocessador_V5 Caio Menos Bugs/Coprocessador_V5/Coprocessador_V3 (SE DEUS QUISER A ULTIMA)/motor_sprite.v Line: 35
Info (10041): Inferred latch for "oam_y[19][3]" at motor_sprite.v(35) File: C:/Users/kmbma/Documents/Arquitetura e MI/Final/Coprocessador_V5 Caio Menos Bugs/Coprocessador_V5/Coprocessador_V3 (SE DEUS QUISER A ULTIMA)/motor_sprite.v Line: 35
Info (10041): Inferred latch for "oam_y[19][4]" at motor_sprite.v(35) File: C:/Users/kmbma/Documents/Arquitetura e MI/Final/Coprocessador_V5 Caio Menos Bugs/Coprocessador_V5/Coprocessador_V3 (SE DEUS QUISER A ULTIMA)/motor_sprite.v Line: 35
Info (10041): Inferred latch for "oam_y[19][5]" at motor_sprite.v(35) File: C:/Users/kmbma/Documents/Arquitetura e MI/Final/Coprocessador_V5 Caio Menos Bugs/Coprocessador_V5/Coprocessador_V3 (SE DEUS QUISER A ULTIMA)/motor_sprite.v Line: 35
Info (10041): Inferred latch for "oam_y[19][6]" at motor_sprite.v(35) File: C:/Users/kmbma/Documents/Arquitetura e MI/Final/Coprocessador_V5 Caio Menos Bugs/Coprocessador_V5/Coprocessador_V3 (SE DEUS QUISER A ULTIMA)/motor_sprite.v Line: 35
Info (10041): Inferred latch for "oam_y[19][7]" at motor_sprite.v(35) File: C:/Users/kmbma/Documents/Arquitetura e MI/Final/Coprocessador_V5 Caio Menos Bugs/Coprocessador_V5/Coprocessador_V3 (SE DEUS QUISER A ULTIMA)/motor_sprite.v Line: 35
Info (10041): Inferred latch for "oam_y[18][0]" at motor_sprite.v(35) File: C:/Users/kmbma/Documents/Arquitetura e MI/Final/Coprocessador_V5 Caio Menos Bugs/Coprocessador_V5/Coprocessador_V3 (SE DEUS QUISER A ULTIMA)/motor_sprite.v Line: 35
Info (10041): Inferred latch for "oam_y[18][1]" at motor_sprite.v(35) File: C:/Users/kmbma/Documents/Arquitetura e MI/Final/Coprocessador_V5 Caio Menos Bugs/Coprocessador_V5/Coprocessador_V3 (SE DEUS QUISER A ULTIMA)/motor_sprite.v Line: 35
Info (10041): Inferred latch for "oam_y[18][2]" at motor_sprite.v(35) File: C:/Users/kmbma/Documents/Arquitetura e MI/Final/Coprocessador_V5 Caio Menos Bugs/Coprocessador_V5/Coprocessador_V3 (SE DEUS QUISER A ULTIMA)/motor_sprite.v Line: 35
Info (10041): Inferred latch for "oam_y[18][3]" at motor_sprite.v(35) File: C:/Users/kmbma/Documents/Arquitetura e MI/Final/Coprocessador_V5 Caio Menos Bugs/Coprocessador_V5/Coprocessador_V3 (SE DEUS QUISER A ULTIMA)/motor_sprite.v Line: 35
Info (10041): Inferred latch for "oam_y[18][4]" at motor_sprite.v(35) File: C:/Users/kmbma/Documents/Arquitetura e MI/Final/Coprocessador_V5 Caio Menos Bugs/Coprocessador_V5/Coprocessador_V3 (SE DEUS QUISER A ULTIMA)/motor_sprite.v Line: 35
Info (10041): Inferred latch for "oam_y[18][5]" at motor_sprite.v(35) File: C:/Users/kmbma/Documents/Arquitetura e MI/Final/Coprocessador_V5 Caio Menos Bugs/Coprocessador_V5/Coprocessador_V3 (SE DEUS QUISER A ULTIMA)/motor_sprite.v Line: 35
Info (10041): Inferred latch for "oam_y[18][6]" at motor_sprite.v(35) File: C:/Users/kmbma/Documents/Arquitetura e MI/Final/Coprocessador_V5 Caio Menos Bugs/Coprocessador_V5/Coprocessador_V3 (SE DEUS QUISER A ULTIMA)/motor_sprite.v Line: 35
Info (10041): Inferred latch for "oam_y[18][7]" at motor_sprite.v(35) File: C:/Users/kmbma/Documents/Arquitetura e MI/Final/Coprocessador_V5 Caio Menos Bugs/Coprocessador_V5/Coprocessador_V3 (SE DEUS QUISER A ULTIMA)/motor_sprite.v Line: 35
Info (10041): Inferred latch for "oam_y[17][0]" at motor_sprite.v(35) File: C:/Users/kmbma/Documents/Arquitetura e MI/Final/Coprocessador_V5 Caio Menos Bugs/Coprocessador_V5/Coprocessador_V3 (SE DEUS QUISER A ULTIMA)/motor_sprite.v Line: 35
Info (10041): Inferred latch for "oam_y[17][1]" at motor_sprite.v(35) File: C:/Users/kmbma/Documents/Arquitetura e MI/Final/Coprocessador_V5 Caio Menos Bugs/Coprocessador_V5/Coprocessador_V3 (SE DEUS QUISER A ULTIMA)/motor_sprite.v Line: 35
Info (10041): Inferred latch for "oam_y[17][2]" at motor_sprite.v(35) File: C:/Users/kmbma/Documents/Arquitetura e MI/Final/Coprocessador_V5 Caio Menos Bugs/Coprocessador_V5/Coprocessador_V3 (SE DEUS QUISER A ULTIMA)/motor_sprite.v Line: 35
Info (10041): Inferred latch for "oam_y[17][3]" at motor_sprite.v(35) File: C:/Users/kmbma/Documents/Arquitetura e MI/Final/Coprocessador_V5 Caio Menos Bugs/Coprocessador_V5/Coprocessador_V3 (SE DEUS QUISER A ULTIMA)/motor_sprite.v Line: 35
Info (10041): Inferred latch for "oam_y[17][4]" at motor_sprite.v(35) File: C:/Users/kmbma/Documents/Arquitetura e MI/Final/Coprocessador_V5 Caio Menos Bugs/Coprocessador_V5/Coprocessador_V3 (SE DEUS QUISER A ULTIMA)/motor_sprite.v Line: 35
Info (10041): Inferred latch for "oam_y[17][5]" at motor_sprite.v(35) File: C:/Users/kmbma/Documents/Arquitetura e MI/Final/Coprocessador_V5 Caio Menos Bugs/Coprocessador_V5/Coprocessador_V3 (SE DEUS QUISER A ULTIMA)/motor_sprite.v Line: 35
Info (10041): Inferred latch for "oam_y[17][6]" at motor_sprite.v(35) File: C:/Users/kmbma/Documents/Arquitetura e MI/Final/Coprocessador_V5 Caio Menos Bugs/Coprocessador_V5/Coprocessador_V3 (SE DEUS QUISER A ULTIMA)/motor_sprite.v Line: 35
Info (10041): Inferred latch for "oam_y[17][7]" at motor_sprite.v(35) File: C:/Users/kmbma/Documents/Arquitetura e MI/Final/Coprocessador_V5 Caio Menos Bugs/Coprocessador_V5/Coprocessador_V3 (SE DEUS QUISER A ULTIMA)/motor_sprite.v Line: 35
Info (10041): Inferred latch for "oam_y[16][0]" at motor_sprite.v(35) File: C:/Users/kmbma/Documents/Arquitetura e MI/Final/Coprocessador_V5 Caio Menos Bugs/Coprocessador_V5/Coprocessador_V3 (SE DEUS QUISER A ULTIMA)/motor_sprite.v Line: 35
Info (10041): Inferred latch for "oam_y[16][1]" at motor_sprite.v(35) File: C:/Users/kmbma/Documents/Arquitetura e MI/Final/Coprocessador_V5 Caio Menos Bugs/Coprocessador_V5/Coprocessador_V3 (SE DEUS QUISER A ULTIMA)/motor_sprite.v Line: 35
Info (10041): Inferred latch for "oam_y[16][2]" at motor_sprite.v(35) File: C:/Users/kmbma/Documents/Arquitetura e MI/Final/Coprocessador_V5 Caio Menos Bugs/Coprocessador_V5/Coprocessador_V3 (SE DEUS QUISER A ULTIMA)/motor_sprite.v Line: 35
Info (10041): Inferred latch for "oam_y[16][3]" at motor_sprite.v(35) File: C:/Users/kmbma/Documents/Arquitetura e MI/Final/Coprocessador_V5 Caio Menos Bugs/Coprocessador_V5/Coprocessador_V3 (SE DEUS QUISER A ULTIMA)/motor_sprite.v Line: 35
Info (10041): Inferred latch for "oam_y[16][4]" at motor_sprite.v(35) File: C:/Users/kmbma/Documents/Arquitetura e MI/Final/Coprocessador_V5 Caio Menos Bugs/Coprocessador_V5/Coprocessador_V3 (SE DEUS QUISER A ULTIMA)/motor_sprite.v Line: 35
Info (10041): Inferred latch for "oam_y[16][5]" at motor_sprite.v(35) File: C:/Users/kmbma/Documents/Arquitetura e MI/Final/Coprocessador_V5 Caio Menos Bugs/Coprocessador_V5/Coprocessador_V3 (SE DEUS QUISER A ULTIMA)/motor_sprite.v Line: 35
Info (10041): Inferred latch for "oam_y[16][6]" at motor_sprite.v(35) File: C:/Users/kmbma/Documents/Arquitetura e MI/Final/Coprocessador_V5 Caio Menos Bugs/Coprocessador_V5/Coprocessador_V3 (SE DEUS QUISER A ULTIMA)/motor_sprite.v Line: 35
Info (10041): Inferred latch for "oam_y[16][7]" at motor_sprite.v(35) File: C:/Users/kmbma/Documents/Arquitetura e MI/Final/Coprocessador_V5 Caio Menos Bugs/Coprocessador_V5/Coprocessador_V3 (SE DEUS QUISER A ULTIMA)/motor_sprite.v Line: 35
Info (10041): Inferred latch for "oam_y[15][0]" at motor_sprite.v(35) File: C:/Users/kmbma/Documents/Arquitetura e MI/Final/Coprocessador_V5 Caio Menos Bugs/Coprocessador_V5/Coprocessador_V3 (SE DEUS QUISER A ULTIMA)/motor_sprite.v Line: 35
Info (10041): Inferred latch for "oam_y[15][1]" at motor_sprite.v(35) File: C:/Users/kmbma/Documents/Arquitetura e MI/Final/Coprocessador_V5 Caio Menos Bugs/Coprocessador_V5/Coprocessador_V3 (SE DEUS QUISER A ULTIMA)/motor_sprite.v Line: 35
Info (10041): Inferred latch for "oam_y[15][2]" at motor_sprite.v(35) File: C:/Users/kmbma/Documents/Arquitetura e MI/Final/Coprocessador_V5 Caio Menos Bugs/Coprocessador_V5/Coprocessador_V3 (SE DEUS QUISER A ULTIMA)/motor_sprite.v Line: 35
Info (10041): Inferred latch for "oam_y[15][3]" at motor_sprite.v(35) File: C:/Users/kmbma/Documents/Arquitetura e MI/Final/Coprocessador_V5 Caio Menos Bugs/Coprocessador_V5/Coprocessador_V3 (SE DEUS QUISER A ULTIMA)/motor_sprite.v Line: 35
Info (10041): Inferred latch for "oam_y[15][4]" at motor_sprite.v(35) File: C:/Users/kmbma/Documents/Arquitetura e MI/Final/Coprocessador_V5 Caio Menos Bugs/Coprocessador_V5/Coprocessador_V3 (SE DEUS QUISER A ULTIMA)/motor_sprite.v Line: 35
Info (10041): Inferred latch for "oam_y[15][5]" at motor_sprite.v(35) File: C:/Users/kmbma/Documents/Arquitetura e MI/Final/Coprocessador_V5 Caio Menos Bugs/Coprocessador_V5/Coprocessador_V3 (SE DEUS QUISER A ULTIMA)/motor_sprite.v Line: 35
Info (10041): Inferred latch for "oam_y[15][6]" at motor_sprite.v(35) File: C:/Users/kmbma/Documents/Arquitetura e MI/Final/Coprocessador_V5 Caio Menos Bugs/Coprocessador_V5/Coprocessador_V3 (SE DEUS QUISER A ULTIMA)/motor_sprite.v Line: 35
Info (10041): Inferred latch for "oam_y[15][7]" at motor_sprite.v(35) File: C:/Users/kmbma/Documents/Arquitetura e MI/Final/Coprocessador_V5 Caio Menos Bugs/Coprocessador_V5/Coprocessador_V3 (SE DEUS QUISER A ULTIMA)/motor_sprite.v Line: 35
Info (10041): Inferred latch for "oam_y[14][0]" at motor_sprite.v(35) File: C:/Users/kmbma/Documents/Arquitetura e MI/Final/Coprocessador_V5 Caio Menos Bugs/Coprocessador_V5/Coprocessador_V3 (SE DEUS QUISER A ULTIMA)/motor_sprite.v Line: 35
Info (10041): Inferred latch for "oam_y[14][1]" at motor_sprite.v(35) File: C:/Users/kmbma/Documents/Arquitetura e MI/Final/Coprocessador_V5 Caio Menos Bugs/Coprocessador_V5/Coprocessador_V3 (SE DEUS QUISER A ULTIMA)/motor_sprite.v Line: 35
Info (10041): Inferred latch for "oam_y[14][2]" at motor_sprite.v(35) File: C:/Users/kmbma/Documents/Arquitetura e MI/Final/Coprocessador_V5 Caio Menos Bugs/Coprocessador_V5/Coprocessador_V3 (SE DEUS QUISER A ULTIMA)/motor_sprite.v Line: 35
Info (10041): Inferred latch for "oam_y[14][3]" at motor_sprite.v(35) File: C:/Users/kmbma/Documents/Arquitetura e MI/Final/Coprocessador_V5 Caio Menos Bugs/Coprocessador_V5/Coprocessador_V3 (SE DEUS QUISER A ULTIMA)/motor_sprite.v Line: 35
Info (10041): Inferred latch for "oam_y[14][4]" at motor_sprite.v(35) File: C:/Users/kmbma/Documents/Arquitetura e MI/Final/Coprocessador_V5 Caio Menos Bugs/Coprocessador_V5/Coprocessador_V3 (SE DEUS QUISER A ULTIMA)/motor_sprite.v Line: 35
Info (10041): Inferred latch for "oam_y[14][5]" at motor_sprite.v(35) File: C:/Users/kmbma/Documents/Arquitetura e MI/Final/Coprocessador_V5 Caio Menos Bugs/Coprocessador_V5/Coprocessador_V3 (SE DEUS QUISER A ULTIMA)/motor_sprite.v Line: 35
Info (10041): Inferred latch for "oam_y[14][6]" at motor_sprite.v(35) File: C:/Users/kmbma/Documents/Arquitetura e MI/Final/Coprocessador_V5 Caio Menos Bugs/Coprocessador_V5/Coprocessador_V3 (SE DEUS QUISER A ULTIMA)/motor_sprite.v Line: 35
Info (10041): Inferred latch for "oam_y[14][7]" at motor_sprite.v(35) File: C:/Users/kmbma/Documents/Arquitetura e MI/Final/Coprocessador_V5 Caio Menos Bugs/Coprocessador_V5/Coprocessador_V3 (SE DEUS QUISER A ULTIMA)/motor_sprite.v Line: 35
Info (10041): Inferred latch for "oam_y[13][0]" at motor_sprite.v(35) File: C:/Users/kmbma/Documents/Arquitetura e MI/Final/Coprocessador_V5 Caio Menos Bugs/Coprocessador_V5/Coprocessador_V3 (SE DEUS QUISER A ULTIMA)/motor_sprite.v Line: 35
Info (10041): Inferred latch for "oam_y[13][1]" at motor_sprite.v(35) File: C:/Users/kmbma/Documents/Arquitetura e MI/Final/Coprocessador_V5 Caio Menos Bugs/Coprocessador_V5/Coprocessador_V3 (SE DEUS QUISER A ULTIMA)/motor_sprite.v Line: 35
Info (10041): Inferred latch for "oam_y[13][2]" at motor_sprite.v(35) File: C:/Users/kmbma/Documents/Arquitetura e MI/Final/Coprocessador_V5 Caio Menos Bugs/Coprocessador_V5/Coprocessador_V3 (SE DEUS QUISER A ULTIMA)/motor_sprite.v Line: 35
Info (10041): Inferred latch for "oam_y[13][3]" at motor_sprite.v(35) File: C:/Users/kmbma/Documents/Arquitetura e MI/Final/Coprocessador_V5 Caio Menos Bugs/Coprocessador_V5/Coprocessador_V3 (SE DEUS QUISER A ULTIMA)/motor_sprite.v Line: 35
Info (10041): Inferred latch for "oam_y[13][4]" at motor_sprite.v(35) File: C:/Users/kmbma/Documents/Arquitetura e MI/Final/Coprocessador_V5 Caio Menos Bugs/Coprocessador_V5/Coprocessador_V3 (SE DEUS QUISER A ULTIMA)/motor_sprite.v Line: 35
Info (10041): Inferred latch for "oam_y[13][5]" at motor_sprite.v(35) File: C:/Users/kmbma/Documents/Arquitetura e MI/Final/Coprocessador_V5 Caio Menos Bugs/Coprocessador_V5/Coprocessador_V3 (SE DEUS QUISER A ULTIMA)/motor_sprite.v Line: 35
Info (10041): Inferred latch for "oam_y[13][6]" at motor_sprite.v(35) File: C:/Users/kmbma/Documents/Arquitetura e MI/Final/Coprocessador_V5 Caio Menos Bugs/Coprocessador_V5/Coprocessador_V3 (SE DEUS QUISER A ULTIMA)/motor_sprite.v Line: 35
Info (10041): Inferred latch for "oam_y[13][7]" at motor_sprite.v(35) File: C:/Users/kmbma/Documents/Arquitetura e MI/Final/Coprocessador_V5 Caio Menos Bugs/Coprocessador_V5/Coprocessador_V3 (SE DEUS QUISER A ULTIMA)/motor_sprite.v Line: 35
Info (10041): Inferred latch for "oam_y[12][0]" at motor_sprite.v(35) File: C:/Users/kmbma/Documents/Arquitetura e MI/Final/Coprocessador_V5 Caio Menos Bugs/Coprocessador_V5/Coprocessador_V3 (SE DEUS QUISER A ULTIMA)/motor_sprite.v Line: 35
Info (10041): Inferred latch for "oam_y[12][1]" at motor_sprite.v(35) File: C:/Users/kmbma/Documents/Arquitetura e MI/Final/Coprocessador_V5 Caio Menos Bugs/Coprocessador_V5/Coprocessador_V3 (SE DEUS QUISER A ULTIMA)/motor_sprite.v Line: 35
Info (10041): Inferred latch for "oam_y[12][2]" at motor_sprite.v(35) File: C:/Users/kmbma/Documents/Arquitetura e MI/Final/Coprocessador_V5 Caio Menos Bugs/Coprocessador_V5/Coprocessador_V3 (SE DEUS QUISER A ULTIMA)/motor_sprite.v Line: 35
Info (10041): Inferred latch for "oam_y[12][3]" at motor_sprite.v(35) File: C:/Users/kmbma/Documents/Arquitetura e MI/Final/Coprocessador_V5 Caio Menos Bugs/Coprocessador_V5/Coprocessador_V3 (SE DEUS QUISER A ULTIMA)/motor_sprite.v Line: 35
Info (10041): Inferred latch for "oam_y[12][4]" at motor_sprite.v(35) File: C:/Users/kmbma/Documents/Arquitetura e MI/Final/Coprocessador_V5 Caio Menos Bugs/Coprocessador_V5/Coprocessador_V3 (SE DEUS QUISER A ULTIMA)/motor_sprite.v Line: 35
Info (10041): Inferred latch for "oam_y[12][5]" at motor_sprite.v(35) File: C:/Users/kmbma/Documents/Arquitetura e MI/Final/Coprocessador_V5 Caio Menos Bugs/Coprocessador_V5/Coprocessador_V3 (SE DEUS QUISER A ULTIMA)/motor_sprite.v Line: 35
Info (10041): Inferred latch for "oam_y[12][6]" at motor_sprite.v(35) File: C:/Users/kmbma/Documents/Arquitetura e MI/Final/Coprocessador_V5 Caio Menos Bugs/Coprocessador_V5/Coprocessador_V3 (SE DEUS QUISER A ULTIMA)/motor_sprite.v Line: 35
Info (10041): Inferred latch for "oam_y[12][7]" at motor_sprite.v(35) File: C:/Users/kmbma/Documents/Arquitetura e MI/Final/Coprocessador_V5 Caio Menos Bugs/Coprocessador_V5/Coprocessador_V3 (SE DEUS QUISER A ULTIMA)/motor_sprite.v Line: 35
Info (10041): Inferred latch for "oam_y[11][0]" at motor_sprite.v(35) File: C:/Users/kmbma/Documents/Arquitetura e MI/Final/Coprocessador_V5 Caio Menos Bugs/Coprocessador_V5/Coprocessador_V3 (SE DEUS QUISER A ULTIMA)/motor_sprite.v Line: 35
Info (10041): Inferred latch for "oam_y[11][1]" at motor_sprite.v(35) File: C:/Users/kmbma/Documents/Arquitetura e MI/Final/Coprocessador_V5 Caio Menos Bugs/Coprocessador_V5/Coprocessador_V3 (SE DEUS QUISER A ULTIMA)/motor_sprite.v Line: 35
Info (10041): Inferred latch for "oam_y[11][2]" at motor_sprite.v(35) File: C:/Users/kmbma/Documents/Arquitetura e MI/Final/Coprocessador_V5 Caio Menos Bugs/Coprocessador_V5/Coprocessador_V3 (SE DEUS QUISER A ULTIMA)/motor_sprite.v Line: 35
Info (10041): Inferred latch for "oam_y[11][3]" at motor_sprite.v(35) File: C:/Users/kmbma/Documents/Arquitetura e MI/Final/Coprocessador_V5 Caio Menos Bugs/Coprocessador_V5/Coprocessador_V3 (SE DEUS QUISER A ULTIMA)/motor_sprite.v Line: 35
Info (10041): Inferred latch for "oam_y[11][4]" at motor_sprite.v(35) File: C:/Users/kmbma/Documents/Arquitetura e MI/Final/Coprocessador_V5 Caio Menos Bugs/Coprocessador_V5/Coprocessador_V3 (SE DEUS QUISER A ULTIMA)/motor_sprite.v Line: 35
Info (10041): Inferred latch for "oam_y[11][5]" at motor_sprite.v(35) File: C:/Users/kmbma/Documents/Arquitetura e MI/Final/Coprocessador_V5 Caio Menos Bugs/Coprocessador_V5/Coprocessador_V3 (SE DEUS QUISER A ULTIMA)/motor_sprite.v Line: 35
Info (10041): Inferred latch for "oam_y[11][6]" at motor_sprite.v(35) File: C:/Users/kmbma/Documents/Arquitetura e MI/Final/Coprocessador_V5 Caio Menos Bugs/Coprocessador_V5/Coprocessador_V3 (SE DEUS QUISER A ULTIMA)/motor_sprite.v Line: 35
Info (10041): Inferred latch for "oam_y[11][7]" at motor_sprite.v(35) File: C:/Users/kmbma/Documents/Arquitetura e MI/Final/Coprocessador_V5 Caio Menos Bugs/Coprocessador_V5/Coprocessador_V3 (SE DEUS QUISER A ULTIMA)/motor_sprite.v Line: 35
Info (10041): Inferred latch for "oam_y[10][0]" at motor_sprite.v(35) File: C:/Users/kmbma/Documents/Arquitetura e MI/Final/Coprocessador_V5 Caio Menos Bugs/Coprocessador_V5/Coprocessador_V3 (SE DEUS QUISER A ULTIMA)/motor_sprite.v Line: 35
Info (10041): Inferred latch for "oam_y[10][1]" at motor_sprite.v(35) File: C:/Users/kmbma/Documents/Arquitetura e MI/Final/Coprocessador_V5 Caio Menos Bugs/Coprocessador_V5/Coprocessador_V3 (SE DEUS QUISER A ULTIMA)/motor_sprite.v Line: 35
Info (10041): Inferred latch for "oam_y[10][2]" at motor_sprite.v(35) File: C:/Users/kmbma/Documents/Arquitetura e MI/Final/Coprocessador_V5 Caio Menos Bugs/Coprocessador_V5/Coprocessador_V3 (SE DEUS QUISER A ULTIMA)/motor_sprite.v Line: 35
Info (10041): Inferred latch for "oam_y[10][3]" at motor_sprite.v(35) File: C:/Users/kmbma/Documents/Arquitetura e MI/Final/Coprocessador_V5 Caio Menos Bugs/Coprocessador_V5/Coprocessador_V3 (SE DEUS QUISER A ULTIMA)/motor_sprite.v Line: 35
Info (10041): Inferred latch for "oam_y[10][4]" at motor_sprite.v(35) File: C:/Users/kmbma/Documents/Arquitetura e MI/Final/Coprocessador_V5 Caio Menos Bugs/Coprocessador_V5/Coprocessador_V3 (SE DEUS QUISER A ULTIMA)/motor_sprite.v Line: 35
Info (10041): Inferred latch for "oam_y[10][5]" at motor_sprite.v(35) File: C:/Users/kmbma/Documents/Arquitetura e MI/Final/Coprocessador_V5 Caio Menos Bugs/Coprocessador_V5/Coprocessador_V3 (SE DEUS QUISER A ULTIMA)/motor_sprite.v Line: 35
Info (10041): Inferred latch for "oam_y[10][6]" at motor_sprite.v(35) File: C:/Users/kmbma/Documents/Arquitetura e MI/Final/Coprocessador_V5 Caio Menos Bugs/Coprocessador_V5/Coprocessador_V3 (SE DEUS QUISER A ULTIMA)/motor_sprite.v Line: 35
Info (10041): Inferred latch for "oam_y[10][7]" at motor_sprite.v(35) File: C:/Users/kmbma/Documents/Arquitetura e MI/Final/Coprocessador_V5 Caio Menos Bugs/Coprocessador_V5/Coprocessador_V3 (SE DEUS QUISER A ULTIMA)/motor_sprite.v Line: 35
Info (10041): Inferred latch for "oam_y[9][0]" at motor_sprite.v(35) File: C:/Users/kmbma/Documents/Arquitetura e MI/Final/Coprocessador_V5 Caio Menos Bugs/Coprocessador_V5/Coprocessador_V3 (SE DEUS QUISER A ULTIMA)/motor_sprite.v Line: 35
Info (10041): Inferred latch for "oam_y[9][1]" at motor_sprite.v(35) File: C:/Users/kmbma/Documents/Arquitetura e MI/Final/Coprocessador_V5 Caio Menos Bugs/Coprocessador_V5/Coprocessador_V3 (SE DEUS QUISER A ULTIMA)/motor_sprite.v Line: 35
Info (10041): Inferred latch for "oam_y[9][2]" at motor_sprite.v(35) File: C:/Users/kmbma/Documents/Arquitetura e MI/Final/Coprocessador_V5 Caio Menos Bugs/Coprocessador_V5/Coprocessador_V3 (SE DEUS QUISER A ULTIMA)/motor_sprite.v Line: 35
Info (10041): Inferred latch for "oam_y[9][3]" at motor_sprite.v(35) File: C:/Users/kmbma/Documents/Arquitetura e MI/Final/Coprocessador_V5 Caio Menos Bugs/Coprocessador_V5/Coprocessador_V3 (SE DEUS QUISER A ULTIMA)/motor_sprite.v Line: 35
Info (10041): Inferred latch for "oam_y[9][4]" at motor_sprite.v(35) File: C:/Users/kmbma/Documents/Arquitetura e MI/Final/Coprocessador_V5 Caio Menos Bugs/Coprocessador_V5/Coprocessador_V3 (SE DEUS QUISER A ULTIMA)/motor_sprite.v Line: 35
Info (10041): Inferred latch for "oam_y[9][5]" at motor_sprite.v(35) File: C:/Users/kmbma/Documents/Arquitetura e MI/Final/Coprocessador_V5 Caio Menos Bugs/Coprocessador_V5/Coprocessador_V3 (SE DEUS QUISER A ULTIMA)/motor_sprite.v Line: 35
Info (10041): Inferred latch for "oam_y[9][6]" at motor_sprite.v(35) File: C:/Users/kmbma/Documents/Arquitetura e MI/Final/Coprocessador_V5 Caio Menos Bugs/Coprocessador_V5/Coprocessador_V3 (SE DEUS QUISER A ULTIMA)/motor_sprite.v Line: 35
Info (10041): Inferred latch for "oam_y[9][7]" at motor_sprite.v(35) File: C:/Users/kmbma/Documents/Arquitetura e MI/Final/Coprocessador_V5 Caio Menos Bugs/Coprocessador_V5/Coprocessador_V3 (SE DEUS QUISER A ULTIMA)/motor_sprite.v Line: 35
Info (10041): Inferred latch for "oam_y[8][0]" at motor_sprite.v(35) File: C:/Users/kmbma/Documents/Arquitetura e MI/Final/Coprocessador_V5 Caio Menos Bugs/Coprocessador_V5/Coprocessador_V3 (SE DEUS QUISER A ULTIMA)/motor_sprite.v Line: 35
Info (10041): Inferred latch for "oam_y[8][1]" at motor_sprite.v(35) File: C:/Users/kmbma/Documents/Arquitetura e MI/Final/Coprocessador_V5 Caio Menos Bugs/Coprocessador_V5/Coprocessador_V3 (SE DEUS QUISER A ULTIMA)/motor_sprite.v Line: 35
Info (10041): Inferred latch for "oam_y[8][2]" at motor_sprite.v(35) File: C:/Users/kmbma/Documents/Arquitetura e MI/Final/Coprocessador_V5 Caio Menos Bugs/Coprocessador_V5/Coprocessador_V3 (SE DEUS QUISER A ULTIMA)/motor_sprite.v Line: 35
Info (10041): Inferred latch for "oam_y[8][3]" at motor_sprite.v(35) File: C:/Users/kmbma/Documents/Arquitetura e MI/Final/Coprocessador_V5 Caio Menos Bugs/Coprocessador_V5/Coprocessador_V3 (SE DEUS QUISER A ULTIMA)/motor_sprite.v Line: 35
Info (10041): Inferred latch for "oam_y[8][4]" at motor_sprite.v(35) File: C:/Users/kmbma/Documents/Arquitetura e MI/Final/Coprocessador_V5 Caio Menos Bugs/Coprocessador_V5/Coprocessador_V3 (SE DEUS QUISER A ULTIMA)/motor_sprite.v Line: 35
Info (10041): Inferred latch for "oam_y[8][5]" at motor_sprite.v(35) File: C:/Users/kmbma/Documents/Arquitetura e MI/Final/Coprocessador_V5 Caio Menos Bugs/Coprocessador_V5/Coprocessador_V3 (SE DEUS QUISER A ULTIMA)/motor_sprite.v Line: 35
Info (10041): Inferred latch for "oam_y[8][6]" at motor_sprite.v(35) File: C:/Users/kmbma/Documents/Arquitetura e MI/Final/Coprocessador_V5 Caio Menos Bugs/Coprocessador_V5/Coprocessador_V3 (SE DEUS QUISER A ULTIMA)/motor_sprite.v Line: 35
Info (10041): Inferred latch for "oam_y[8][7]" at motor_sprite.v(35) File: C:/Users/kmbma/Documents/Arquitetura e MI/Final/Coprocessador_V5 Caio Menos Bugs/Coprocessador_V5/Coprocessador_V3 (SE DEUS QUISER A ULTIMA)/motor_sprite.v Line: 35
Info (10041): Inferred latch for "oam_y[7][0]" at motor_sprite.v(35) File: C:/Users/kmbma/Documents/Arquitetura e MI/Final/Coprocessador_V5 Caio Menos Bugs/Coprocessador_V5/Coprocessador_V3 (SE DEUS QUISER A ULTIMA)/motor_sprite.v Line: 35
Info (10041): Inferred latch for "oam_y[7][1]" at motor_sprite.v(35) File: C:/Users/kmbma/Documents/Arquitetura e MI/Final/Coprocessador_V5 Caio Menos Bugs/Coprocessador_V5/Coprocessador_V3 (SE DEUS QUISER A ULTIMA)/motor_sprite.v Line: 35
Info (10041): Inferred latch for "oam_y[7][2]" at motor_sprite.v(35) File: C:/Users/kmbma/Documents/Arquitetura e MI/Final/Coprocessador_V5 Caio Menos Bugs/Coprocessador_V5/Coprocessador_V3 (SE DEUS QUISER A ULTIMA)/motor_sprite.v Line: 35
Info (10041): Inferred latch for "oam_y[7][3]" at motor_sprite.v(35) File: C:/Users/kmbma/Documents/Arquitetura e MI/Final/Coprocessador_V5 Caio Menos Bugs/Coprocessador_V5/Coprocessador_V3 (SE DEUS QUISER A ULTIMA)/motor_sprite.v Line: 35
Info (10041): Inferred latch for "oam_y[7][4]" at motor_sprite.v(35) File: C:/Users/kmbma/Documents/Arquitetura e MI/Final/Coprocessador_V5 Caio Menos Bugs/Coprocessador_V5/Coprocessador_V3 (SE DEUS QUISER A ULTIMA)/motor_sprite.v Line: 35
Info (10041): Inferred latch for "oam_y[7][5]" at motor_sprite.v(35) File: C:/Users/kmbma/Documents/Arquitetura e MI/Final/Coprocessador_V5 Caio Menos Bugs/Coprocessador_V5/Coprocessador_V3 (SE DEUS QUISER A ULTIMA)/motor_sprite.v Line: 35
Info (10041): Inferred latch for "oam_y[7][6]" at motor_sprite.v(35) File: C:/Users/kmbma/Documents/Arquitetura e MI/Final/Coprocessador_V5 Caio Menos Bugs/Coprocessador_V5/Coprocessador_V3 (SE DEUS QUISER A ULTIMA)/motor_sprite.v Line: 35
Info (10041): Inferred latch for "oam_y[7][7]" at motor_sprite.v(35) File: C:/Users/kmbma/Documents/Arquitetura e MI/Final/Coprocessador_V5 Caio Menos Bugs/Coprocessador_V5/Coprocessador_V3 (SE DEUS QUISER A ULTIMA)/motor_sprite.v Line: 35
Info (10041): Inferred latch for "oam_y[6][0]" at motor_sprite.v(35) File: C:/Users/kmbma/Documents/Arquitetura e MI/Final/Coprocessador_V5 Caio Menos Bugs/Coprocessador_V5/Coprocessador_V3 (SE DEUS QUISER A ULTIMA)/motor_sprite.v Line: 35
Info (10041): Inferred latch for "oam_y[6][1]" at motor_sprite.v(35) File: C:/Users/kmbma/Documents/Arquitetura e MI/Final/Coprocessador_V5 Caio Menos Bugs/Coprocessador_V5/Coprocessador_V3 (SE DEUS QUISER A ULTIMA)/motor_sprite.v Line: 35
Info (10041): Inferred latch for "oam_y[6][2]" at motor_sprite.v(35) File: C:/Users/kmbma/Documents/Arquitetura e MI/Final/Coprocessador_V5 Caio Menos Bugs/Coprocessador_V5/Coprocessador_V3 (SE DEUS QUISER A ULTIMA)/motor_sprite.v Line: 35
Info (10041): Inferred latch for "oam_y[6][3]" at motor_sprite.v(35) File: C:/Users/kmbma/Documents/Arquitetura e MI/Final/Coprocessador_V5 Caio Menos Bugs/Coprocessador_V5/Coprocessador_V3 (SE DEUS QUISER A ULTIMA)/motor_sprite.v Line: 35
Info (10041): Inferred latch for "oam_y[6][4]" at motor_sprite.v(35) File: C:/Users/kmbma/Documents/Arquitetura e MI/Final/Coprocessador_V5 Caio Menos Bugs/Coprocessador_V5/Coprocessador_V3 (SE DEUS QUISER A ULTIMA)/motor_sprite.v Line: 35
Info (10041): Inferred latch for "oam_y[6][5]" at motor_sprite.v(35) File: C:/Users/kmbma/Documents/Arquitetura e MI/Final/Coprocessador_V5 Caio Menos Bugs/Coprocessador_V5/Coprocessador_V3 (SE DEUS QUISER A ULTIMA)/motor_sprite.v Line: 35
Info (10041): Inferred latch for "oam_y[6][6]" at motor_sprite.v(35) File: C:/Users/kmbma/Documents/Arquitetura e MI/Final/Coprocessador_V5 Caio Menos Bugs/Coprocessador_V5/Coprocessador_V3 (SE DEUS QUISER A ULTIMA)/motor_sprite.v Line: 35
Info (10041): Inferred latch for "oam_y[6][7]" at motor_sprite.v(35) File: C:/Users/kmbma/Documents/Arquitetura e MI/Final/Coprocessador_V5 Caio Menos Bugs/Coprocessador_V5/Coprocessador_V3 (SE DEUS QUISER A ULTIMA)/motor_sprite.v Line: 35
Info (10041): Inferred latch for "oam_y[5][0]" at motor_sprite.v(35) File: C:/Users/kmbma/Documents/Arquitetura e MI/Final/Coprocessador_V5 Caio Menos Bugs/Coprocessador_V5/Coprocessador_V3 (SE DEUS QUISER A ULTIMA)/motor_sprite.v Line: 35
Info (10041): Inferred latch for "oam_y[5][1]" at motor_sprite.v(35) File: C:/Users/kmbma/Documents/Arquitetura e MI/Final/Coprocessador_V5 Caio Menos Bugs/Coprocessador_V5/Coprocessador_V3 (SE DEUS QUISER A ULTIMA)/motor_sprite.v Line: 35
Info (10041): Inferred latch for "oam_y[5][2]" at motor_sprite.v(35) File: C:/Users/kmbma/Documents/Arquitetura e MI/Final/Coprocessador_V5 Caio Menos Bugs/Coprocessador_V5/Coprocessador_V3 (SE DEUS QUISER A ULTIMA)/motor_sprite.v Line: 35
Info (10041): Inferred latch for "oam_y[5][3]" at motor_sprite.v(35) File: C:/Users/kmbma/Documents/Arquitetura e MI/Final/Coprocessador_V5 Caio Menos Bugs/Coprocessador_V5/Coprocessador_V3 (SE DEUS QUISER A ULTIMA)/motor_sprite.v Line: 35
Info (10041): Inferred latch for "oam_y[5][4]" at motor_sprite.v(35) File: C:/Users/kmbma/Documents/Arquitetura e MI/Final/Coprocessador_V5 Caio Menos Bugs/Coprocessador_V5/Coprocessador_V3 (SE DEUS QUISER A ULTIMA)/motor_sprite.v Line: 35
Info (10041): Inferred latch for "oam_y[5][5]" at motor_sprite.v(35) File: C:/Users/kmbma/Documents/Arquitetura e MI/Final/Coprocessador_V5 Caio Menos Bugs/Coprocessador_V5/Coprocessador_V3 (SE DEUS QUISER A ULTIMA)/motor_sprite.v Line: 35
Info (10041): Inferred latch for "oam_y[5][6]" at motor_sprite.v(35) File: C:/Users/kmbma/Documents/Arquitetura e MI/Final/Coprocessador_V5 Caio Menos Bugs/Coprocessador_V5/Coprocessador_V3 (SE DEUS QUISER A ULTIMA)/motor_sprite.v Line: 35
Info (10041): Inferred latch for "oam_y[5][7]" at motor_sprite.v(35) File: C:/Users/kmbma/Documents/Arquitetura e MI/Final/Coprocessador_V5 Caio Menos Bugs/Coprocessador_V5/Coprocessador_V3 (SE DEUS QUISER A ULTIMA)/motor_sprite.v Line: 35
Info (10041): Inferred latch for "oam_y[4][0]" at motor_sprite.v(35) File: C:/Users/kmbma/Documents/Arquitetura e MI/Final/Coprocessador_V5 Caio Menos Bugs/Coprocessador_V5/Coprocessador_V3 (SE DEUS QUISER A ULTIMA)/motor_sprite.v Line: 35
Info (10041): Inferred latch for "oam_y[4][1]" at motor_sprite.v(35) File: C:/Users/kmbma/Documents/Arquitetura e MI/Final/Coprocessador_V5 Caio Menos Bugs/Coprocessador_V5/Coprocessador_V3 (SE DEUS QUISER A ULTIMA)/motor_sprite.v Line: 35
Info (10041): Inferred latch for "oam_y[4][2]" at motor_sprite.v(35) File: C:/Users/kmbma/Documents/Arquitetura e MI/Final/Coprocessador_V5 Caio Menos Bugs/Coprocessador_V5/Coprocessador_V3 (SE DEUS QUISER A ULTIMA)/motor_sprite.v Line: 35
Info (10041): Inferred latch for "oam_y[4][3]" at motor_sprite.v(35) File: C:/Users/kmbma/Documents/Arquitetura e MI/Final/Coprocessador_V5 Caio Menos Bugs/Coprocessador_V5/Coprocessador_V3 (SE DEUS QUISER A ULTIMA)/motor_sprite.v Line: 35
Info (10041): Inferred latch for "oam_y[4][4]" at motor_sprite.v(35) File: C:/Users/kmbma/Documents/Arquitetura e MI/Final/Coprocessador_V5 Caio Menos Bugs/Coprocessador_V5/Coprocessador_V3 (SE DEUS QUISER A ULTIMA)/motor_sprite.v Line: 35
Info (10041): Inferred latch for "oam_y[4][5]" at motor_sprite.v(35) File: C:/Users/kmbma/Documents/Arquitetura e MI/Final/Coprocessador_V5 Caio Menos Bugs/Coprocessador_V5/Coprocessador_V3 (SE DEUS QUISER A ULTIMA)/motor_sprite.v Line: 35
Info (10041): Inferred latch for "oam_y[4][6]" at motor_sprite.v(35) File: C:/Users/kmbma/Documents/Arquitetura e MI/Final/Coprocessador_V5 Caio Menos Bugs/Coprocessador_V5/Coprocessador_V3 (SE DEUS QUISER A ULTIMA)/motor_sprite.v Line: 35
Info (10041): Inferred latch for "oam_y[4][7]" at motor_sprite.v(35) File: C:/Users/kmbma/Documents/Arquitetura e MI/Final/Coprocessador_V5 Caio Menos Bugs/Coprocessador_V5/Coprocessador_V3 (SE DEUS QUISER A ULTIMA)/motor_sprite.v Line: 35
Info (10041): Inferred latch for "oam_y[3][0]" at motor_sprite.v(35) File: C:/Users/kmbma/Documents/Arquitetura e MI/Final/Coprocessador_V5 Caio Menos Bugs/Coprocessador_V5/Coprocessador_V3 (SE DEUS QUISER A ULTIMA)/motor_sprite.v Line: 35
Info (10041): Inferred latch for "oam_y[3][1]" at motor_sprite.v(35) File: C:/Users/kmbma/Documents/Arquitetura e MI/Final/Coprocessador_V5 Caio Menos Bugs/Coprocessador_V5/Coprocessador_V3 (SE DEUS QUISER A ULTIMA)/motor_sprite.v Line: 35
Info (10041): Inferred latch for "oam_y[3][2]" at motor_sprite.v(35) File: C:/Users/kmbma/Documents/Arquitetura e MI/Final/Coprocessador_V5 Caio Menos Bugs/Coprocessador_V5/Coprocessador_V3 (SE DEUS QUISER A ULTIMA)/motor_sprite.v Line: 35
Info (10041): Inferred latch for "oam_y[3][3]" at motor_sprite.v(35) File: C:/Users/kmbma/Documents/Arquitetura e MI/Final/Coprocessador_V5 Caio Menos Bugs/Coprocessador_V5/Coprocessador_V3 (SE DEUS QUISER A ULTIMA)/motor_sprite.v Line: 35
Info (10041): Inferred latch for "oam_y[3][4]" at motor_sprite.v(35) File: C:/Users/kmbma/Documents/Arquitetura e MI/Final/Coprocessador_V5 Caio Menos Bugs/Coprocessador_V5/Coprocessador_V3 (SE DEUS QUISER A ULTIMA)/motor_sprite.v Line: 35
Info (10041): Inferred latch for "oam_y[3][5]" at motor_sprite.v(35) File: C:/Users/kmbma/Documents/Arquitetura e MI/Final/Coprocessador_V5 Caio Menos Bugs/Coprocessador_V5/Coprocessador_V3 (SE DEUS QUISER A ULTIMA)/motor_sprite.v Line: 35
Info (10041): Inferred latch for "oam_y[3][6]" at motor_sprite.v(35) File: C:/Users/kmbma/Documents/Arquitetura e MI/Final/Coprocessador_V5 Caio Menos Bugs/Coprocessador_V5/Coprocessador_V3 (SE DEUS QUISER A ULTIMA)/motor_sprite.v Line: 35
Info (10041): Inferred latch for "oam_y[3][7]" at motor_sprite.v(35) File: C:/Users/kmbma/Documents/Arquitetura e MI/Final/Coprocessador_V5 Caio Menos Bugs/Coprocessador_V5/Coprocessador_V3 (SE DEUS QUISER A ULTIMA)/motor_sprite.v Line: 35
Info (10041): Inferred latch for "oam_y[2][0]" at motor_sprite.v(35) File: C:/Users/kmbma/Documents/Arquitetura e MI/Final/Coprocessador_V5 Caio Menos Bugs/Coprocessador_V5/Coprocessador_V3 (SE DEUS QUISER A ULTIMA)/motor_sprite.v Line: 35
Info (10041): Inferred latch for "oam_y[2][1]" at motor_sprite.v(35) File: C:/Users/kmbma/Documents/Arquitetura e MI/Final/Coprocessador_V5 Caio Menos Bugs/Coprocessador_V5/Coprocessador_V3 (SE DEUS QUISER A ULTIMA)/motor_sprite.v Line: 35
Info (10041): Inferred latch for "oam_y[2][2]" at motor_sprite.v(35) File: C:/Users/kmbma/Documents/Arquitetura e MI/Final/Coprocessador_V5 Caio Menos Bugs/Coprocessador_V5/Coprocessador_V3 (SE DEUS QUISER A ULTIMA)/motor_sprite.v Line: 35
Info (10041): Inferred latch for "oam_y[2][3]" at motor_sprite.v(35) File: C:/Users/kmbma/Documents/Arquitetura e MI/Final/Coprocessador_V5 Caio Menos Bugs/Coprocessador_V5/Coprocessador_V3 (SE DEUS QUISER A ULTIMA)/motor_sprite.v Line: 35
Info (10041): Inferred latch for "oam_y[2][4]" at motor_sprite.v(35) File: C:/Users/kmbma/Documents/Arquitetura e MI/Final/Coprocessador_V5 Caio Menos Bugs/Coprocessador_V5/Coprocessador_V3 (SE DEUS QUISER A ULTIMA)/motor_sprite.v Line: 35
Info (10041): Inferred latch for "oam_y[2][5]" at motor_sprite.v(35) File: C:/Users/kmbma/Documents/Arquitetura e MI/Final/Coprocessador_V5 Caio Menos Bugs/Coprocessador_V5/Coprocessador_V3 (SE DEUS QUISER A ULTIMA)/motor_sprite.v Line: 35
Info (10041): Inferred latch for "oam_y[2][6]" at motor_sprite.v(35) File: C:/Users/kmbma/Documents/Arquitetura e MI/Final/Coprocessador_V5 Caio Menos Bugs/Coprocessador_V5/Coprocessador_V3 (SE DEUS QUISER A ULTIMA)/motor_sprite.v Line: 35
Info (10041): Inferred latch for "oam_y[2][7]" at motor_sprite.v(35) File: C:/Users/kmbma/Documents/Arquitetura e MI/Final/Coprocessador_V5 Caio Menos Bugs/Coprocessador_V5/Coprocessador_V3 (SE DEUS QUISER A ULTIMA)/motor_sprite.v Line: 35
Info (10041): Inferred latch for "oam_y[1][0]" at motor_sprite.v(35) File: C:/Users/kmbma/Documents/Arquitetura e MI/Final/Coprocessador_V5 Caio Menos Bugs/Coprocessador_V5/Coprocessador_V3 (SE DEUS QUISER A ULTIMA)/motor_sprite.v Line: 35
Info (10041): Inferred latch for "oam_y[1][1]" at motor_sprite.v(35) File: C:/Users/kmbma/Documents/Arquitetura e MI/Final/Coprocessador_V5 Caio Menos Bugs/Coprocessador_V5/Coprocessador_V3 (SE DEUS QUISER A ULTIMA)/motor_sprite.v Line: 35
Info (10041): Inferred latch for "oam_y[1][2]" at motor_sprite.v(35) File: C:/Users/kmbma/Documents/Arquitetura e MI/Final/Coprocessador_V5 Caio Menos Bugs/Coprocessador_V5/Coprocessador_V3 (SE DEUS QUISER A ULTIMA)/motor_sprite.v Line: 35
Info (10041): Inferred latch for "oam_y[1][3]" at motor_sprite.v(35) File: C:/Users/kmbma/Documents/Arquitetura e MI/Final/Coprocessador_V5 Caio Menos Bugs/Coprocessador_V5/Coprocessador_V3 (SE DEUS QUISER A ULTIMA)/motor_sprite.v Line: 35
Info (10041): Inferred latch for "oam_y[1][4]" at motor_sprite.v(35) File: C:/Users/kmbma/Documents/Arquitetura e MI/Final/Coprocessador_V5 Caio Menos Bugs/Coprocessador_V5/Coprocessador_V3 (SE DEUS QUISER A ULTIMA)/motor_sprite.v Line: 35
Info (10041): Inferred latch for "oam_y[1][5]" at motor_sprite.v(35) File: C:/Users/kmbma/Documents/Arquitetura e MI/Final/Coprocessador_V5 Caio Menos Bugs/Coprocessador_V5/Coprocessador_V3 (SE DEUS QUISER A ULTIMA)/motor_sprite.v Line: 35
Info (10041): Inferred latch for "oam_y[1][6]" at motor_sprite.v(35) File: C:/Users/kmbma/Documents/Arquitetura e MI/Final/Coprocessador_V5 Caio Menos Bugs/Coprocessador_V5/Coprocessador_V3 (SE DEUS QUISER A ULTIMA)/motor_sprite.v Line: 35
Info (10041): Inferred latch for "oam_y[1][7]" at motor_sprite.v(35) File: C:/Users/kmbma/Documents/Arquitetura e MI/Final/Coprocessador_V5 Caio Menos Bugs/Coprocessador_V5/Coprocessador_V3 (SE DEUS QUISER A ULTIMA)/motor_sprite.v Line: 35
Info (10041): Inferred latch for "oam_x[31][0]" at motor_sprite.v(35) File: C:/Users/kmbma/Documents/Arquitetura e MI/Final/Coprocessador_V5 Caio Menos Bugs/Coprocessador_V5/Coprocessador_V3 (SE DEUS QUISER A ULTIMA)/motor_sprite.v Line: 35
Info (10041): Inferred latch for "oam_x[31][1]" at motor_sprite.v(35) File: C:/Users/kmbma/Documents/Arquitetura e MI/Final/Coprocessador_V5 Caio Menos Bugs/Coprocessador_V5/Coprocessador_V3 (SE DEUS QUISER A ULTIMA)/motor_sprite.v Line: 35
Info (10041): Inferred latch for "oam_x[31][2]" at motor_sprite.v(35) File: C:/Users/kmbma/Documents/Arquitetura e MI/Final/Coprocessador_V5 Caio Menos Bugs/Coprocessador_V5/Coprocessador_V3 (SE DEUS QUISER A ULTIMA)/motor_sprite.v Line: 35
Info (10041): Inferred latch for "oam_x[31][3]" at motor_sprite.v(35) File: C:/Users/kmbma/Documents/Arquitetura e MI/Final/Coprocessador_V5 Caio Menos Bugs/Coprocessador_V5/Coprocessador_V3 (SE DEUS QUISER A ULTIMA)/motor_sprite.v Line: 35
Info (10041): Inferred latch for "oam_x[31][4]" at motor_sprite.v(35) File: C:/Users/kmbma/Documents/Arquitetura e MI/Final/Coprocessador_V5 Caio Menos Bugs/Coprocessador_V5/Coprocessador_V3 (SE DEUS QUISER A ULTIMA)/motor_sprite.v Line: 35
Info (10041): Inferred latch for "oam_x[31][5]" at motor_sprite.v(35) File: C:/Users/kmbma/Documents/Arquitetura e MI/Final/Coprocessador_V5 Caio Menos Bugs/Coprocessador_V5/Coprocessador_V3 (SE DEUS QUISER A ULTIMA)/motor_sprite.v Line: 35
Info (10041): Inferred latch for "oam_x[31][6]" at motor_sprite.v(35) File: C:/Users/kmbma/Documents/Arquitetura e MI/Final/Coprocessador_V5 Caio Menos Bugs/Coprocessador_V5/Coprocessador_V3 (SE DEUS QUISER A ULTIMA)/motor_sprite.v Line: 35
Info (10041): Inferred latch for "oam_x[31][7]" at motor_sprite.v(35) File: C:/Users/kmbma/Documents/Arquitetura e MI/Final/Coprocessador_V5 Caio Menos Bugs/Coprocessador_V5/Coprocessador_V3 (SE DEUS QUISER A ULTIMA)/motor_sprite.v Line: 35
Info (10041): Inferred latch for "oam_x[31][8]" at motor_sprite.v(35) File: C:/Users/kmbma/Documents/Arquitetura e MI/Final/Coprocessador_V5 Caio Menos Bugs/Coprocessador_V5/Coprocessador_V3 (SE DEUS QUISER A ULTIMA)/motor_sprite.v Line: 35
Info (10041): Inferred latch for "oam_x[30][0]" at motor_sprite.v(35) File: C:/Users/kmbma/Documents/Arquitetura e MI/Final/Coprocessador_V5 Caio Menos Bugs/Coprocessador_V5/Coprocessador_V3 (SE DEUS QUISER A ULTIMA)/motor_sprite.v Line: 35
Info (10041): Inferred latch for "oam_x[30][1]" at motor_sprite.v(35) File: C:/Users/kmbma/Documents/Arquitetura e MI/Final/Coprocessador_V5 Caio Menos Bugs/Coprocessador_V5/Coprocessador_V3 (SE DEUS QUISER A ULTIMA)/motor_sprite.v Line: 35
Info (10041): Inferred latch for "oam_x[30][2]" at motor_sprite.v(35) File: C:/Users/kmbma/Documents/Arquitetura e MI/Final/Coprocessador_V5 Caio Menos Bugs/Coprocessador_V5/Coprocessador_V3 (SE DEUS QUISER A ULTIMA)/motor_sprite.v Line: 35
Info (10041): Inferred latch for "oam_x[30][3]" at motor_sprite.v(35) File: C:/Users/kmbma/Documents/Arquitetura e MI/Final/Coprocessador_V5 Caio Menos Bugs/Coprocessador_V5/Coprocessador_V3 (SE DEUS QUISER A ULTIMA)/motor_sprite.v Line: 35
Info (10041): Inferred latch for "oam_x[30][4]" at motor_sprite.v(35) File: C:/Users/kmbma/Documents/Arquitetura e MI/Final/Coprocessador_V5 Caio Menos Bugs/Coprocessador_V5/Coprocessador_V3 (SE DEUS QUISER A ULTIMA)/motor_sprite.v Line: 35
Info (10041): Inferred latch for "oam_x[30][5]" at motor_sprite.v(35) File: C:/Users/kmbma/Documents/Arquitetura e MI/Final/Coprocessador_V5 Caio Menos Bugs/Coprocessador_V5/Coprocessador_V3 (SE DEUS QUISER A ULTIMA)/motor_sprite.v Line: 35
Info (10041): Inferred latch for "oam_x[30][6]" at motor_sprite.v(35) File: C:/Users/kmbma/Documents/Arquitetura e MI/Final/Coprocessador_V5 Caio Menos Bugs/Coprocessador_V5/Coprocessador_V3 (SE DEUS QUISER A ULTIMA)/motor_sprite.v Line: 35
Info (10041): Inferred latch for "oam_x[30][7]" at motor_sprite.v(35) File: C:/Users/kmbma/Documents/Arquitetura e MI/Final/Coprocessador_V5 Caio Menos Bugs/Coprocessador_V5/Coprocessador_V3 (SE DEUS QUISER A ULTIMA)/motor_sprite.v Line: 35
Info (10041): Inferred latch for "oam_x[30][8]" at motor_sprite.v(35) File: C:/Users/kmbma/Documents/Arquitetura e MI/Final/Coprocessador_V5 Caio Menos Bugs/Coprocessador_V5/Coprocessador_V3 (SE DEUS QUISER A ULTIMA)/motor_sprite.v Line: 35
Info (10041): Inferred latch for "oam_x[29][0]" at motor_sprite.v(35) File: C:/Users/kmbma/Documents/Arquitetura e MI/Final/Coprocessador_V5 Caio Menos Bugs/Coprocessador_V5/Coprocessador_V3 (SE DEUS QUISER A ULTIMA)/motor_sprite.v Line: 35
Info (10041): Inferred latch for "oam_x[29][1]" at motor_sprite.v(35) File: C:/Users/kmbma/Documents/Arquitetura e MI/Final/Coprocessador_V5 Caio Menos Bugs/Coprocessador_V5/Coprocessador_V3 (SE DEUS QUISER A ULTIMA)/motor_sprite.v Line: 35
Info (10041): Inferred latch for "oam_x[29][2]" at motor_sprite.v(35) File: C:/Users/kmbma/Documents/Arquitetura e MI/Final/Coprocessador_V5 Caio Menos Bugs/Coprocessador_V5/Coprocessador_V3 (SE DEUS QUISER A ULTIMA)/motor_sprite.v Line: 35
Info (10041): Inferred latch for "oam_x[29][3]" at motor_sprite.v(35) File: C:/Users/kmbma/Documents/Arquitetura e MI/Final/Coprocessador_V5 Caio Menos Bugs/Coprocessador_V5/Coprocessador_V3 (SE DEUS QUISER A ULTIMA)/motor_sprite.v Line: 35
Info (10041): Inferred latch for "oam_x[29][4]" at motor_sprite.v(35) File: C:/Users/kmbma/Documents/Arquitetura e MI/Final/Coprocessador_V5 Caio Menos Bugs/Coprocessador_V5/Coprocessador_V3 (SE DEUS QUISER A ULTIMA)/motor_sprite.v Line: 35
Info (10041): Inferred latch for "oam_x[29][5]" at motor_sprite.v(35) File: C:/Users/kmbma/Documents/Arquitetura e MI/Final/Coprocessador_V5 Caio Menos Bugs/Coprocessador_V5/Coprocessador_V3 (SE DEUS QUISER A ULTIMA)/motor_sprite.v Line: 35
Info (10041): Inferred latch for "oam_x[29][6]" at motor_sprite.v(35) File: C:/Users/kmbma/Documents/Arquitetura e MI/Final/Coprocessador_V5 Caio Menos Bugs/Coprocessador_V5/Coprocessador_V3 (SE DEUS QUISER A ULTIMA)/motor_sprite.v Line: 35
Info (10041): Inferred latch for "oam_x[29][7]" at motor_sprite.v(35) File: C:/Users/kmbma/Documents/Arquitetura e MI/Final/Coprocessador_V5 Caio Menos Bugs/Coprocessador_V5/Coprocessador_V3 (SE DEUS QUISER A ULTIMA)/motor_sprite.v Line: 35
Info (10041): Inferred latch for "oam_x[29][8]" at motor_sprite.v(35) File: C:/Users/kmbma/Documents/Arquitetura e MI/Final/Coprocessador_V5 Caio Menos Bugs/Coprocessador_V5/Coprocessador_V3 (SE DEUS QUISER A ULTIMA)/motor_sprite.v Line: 35
Info (10041): Inferred latch for "oam_x[28][0]" at motor_sprite.v(35) File: C:/Users/kmbma/Documents/Arquitetura e MI/Final/Coprocessador_V5 Caio Menos Bugs/Coprocessador_V5/Coprocessador_V3 (SE DEUS QUISER A ULTIMA)/motor_sprite.v Line: 35
Info (10041): Inferred latch for "oam_x[28][1]" at motor_sprite.v(35) File: C:/Users/kmbma/Documents/Arquitetura e MI/Final/Coprocessador_V5 Caio Menos Bugs/Coprocessador_V5/Coprocessador_V3 (SE DEUS QUISER A ULTIMA)/motor_sprite.v Line: 35
Info (10041): Inferred latch for "oam_x[28][2]" at motor_sprite.v(35) File: C:/Users/kmbma/Documents/Arquitetura e MI/Final/Coprocessador_V5 Caio Menos Bugs/Coprocessador_V5/Coprocessador_V3 (SE DEUS QUISER A ULTIMA)/motor_sprite.v Line: 35
Info (10041): Inferred latch for "oam_x[28][3]" at motor_sprite.v(35) File: C:/Users/kmbma/Documents/Arquitetura e MI/Final/Coprocessador_V5 Caio Menos Bugs/Coprocessador_V5/Coprocessador_V3 (SE DEUS QUISER A ULTIMA)/motor_sprite.v Line: 35
Info (10041): Inferred latch for "oam_x[28][4]" at motor_sprite.v(35) File: C:/Users/kmbma/Documents/Arquitetura e MI/Final/Coprocessador_V5 Caio Menos Bugs/Coprocessador_V5/Coprocessador_V3 (SE DEUS QUISER A ULTIMA)/motor_sprite.v Line: 35
Info (10041): Inferred latch for "oam_x[28][5]" at motor_sprite.v(35) File: C:/Users/kmbma/Documents/Arquitetura e MI/Final/Coprocessador_V5 Caio Menos Bugs/Coprocessador_V5/Coprocessador_V3 (SE DEUS QUISER A ULTIMA)/motor_sprite.v Line: 35
Info (10041): Inferred latch for "oam_x[28][6]" at motor_sprite.v(35) File: C:/Users/kmbma/Documents/Arquitetura e MI/Final/Coprocessador_V5 Caio Menos Bugs/Coprocessador_V5/Coprocessador_V3 (SE DEUS QUISER A ULTIMA)/motor_sprite.v Line: 35
Info (10041): Inferred latch for "oam_x[28][7]" at motor_sprite.v(35) File: C:/Users/kmbma/Documents/Arquitetura e MI/Final/Coprocessador_V5 Caio Menos Bugs/Coprocessador_V5/Coprocessador_V3 (SE DEUS QUISER A ULTIMA)/motor_sprite.v Line: 35
Info (10041): Inferred latch for "oam_x[28][8]" at motor_sprite.v(35) File: C:/Users/kmbma/Documents/Arquitetura e MI/Final/Coprocessador_V5 Caio Menos Bugs/Coprocessador_V5/Coprocessador_V3 (SE DEUS QUISER A ULTIMA)/motor_sprite.v Line: 35
Info (10041): Inferred latch for "oam_x[27][0]" at motor_sprite.v(35) File: C:/Users/kmbma/Documents/Arquitetura e MI/Final/Coprocessador_V5 Caio Menos Bugs/Coprocessador_V5/Coprocessador_V3 (SE DEUS QUISER A ULTIMA)/motor_sprite.v Line: 35
Info (10041): Inferred latch for "oam_x[27][1]" at motor_sprite.v(35) File: C:/Users/kmbma/Documents/Arquitetura e MI/Final/Coprocessador_V5 Caio Menos Bugs/Coprocessador_V5/Coprocessador_V3 (SE DEUS QUISER A ULTIMA)/motor_sprite.v Line: 35
Info (10041): Inferred latch for "oam_x[27][2]" at motor_sprite.v(35) File: C:/Users/kmbma/Documents/Arquitetura e MI/Final/Coprocessador_V5 Caio Menos Bugs/Coprocessador_V5/Coprocessador_V3 (SE DEUS QUISER A ULTIMA)/motor_sprite.v Line: 35
Info (10041): Inferred latch for "oam_x[27][3]" at motor_sprite.v(35) File: C:/Users/kmbma/Documents/Arquitetura e MI/Final/Coprocessador_V5 Caio Menos Bugs/Coprocessador_V5/Coprocessador_V3 (SE DEUS QUISER A ULTIMA)/motor_sprite.v Line: 35
Info (10041): Inferred latch for "oam_x[27][4]" at motor_sprite.v(35) File: C:/Users/kmbma/Documents/Arquitetura e MI/Final/Coprocessador_V5 Caio Menos Bugs/Coprocessador_V5/Coprocessador_V3 (SE DEUS QUISER A ULTIMA)/motor_sprite.v Line: 35
Info (10041): Inferred latch for "oam_x[27][5]" at motor_sprite.v(35) File: C:/Users/kmbma/Documents/Arquitetura e MI/Final/Coprocessador_V5 Caio Menos Bugs/Coprocessador_V5/Coprocessador_V3 (SE DEUS QUISER A ULTIMA)/motor_sprite.v Line: 35
Info (10041): Inferred latch for "oam_x[27][6]" at motor_sprite.v(35) File: C:/Users/kmbma/Documents/Arquitetura e MI/Final/Coprocessador_V5 Caio Menos Bugs/Coprocessador_V5/Coprocessador_V3 (SE DEUS QUISER A ULTIMA)/motor_sprite.v Line: 35
Info (10041): Inferred latch for "oam_x[27][7]" at motor_sprite.v(35) File: C:/Users/kmbma/Documents/Arquitetura e MI/Final/Coprocessador_V5 Caio Menos Bugs/Coprocessador_V5/Coprocessador_V3 (SE DEUS QUISER A ULTIMA)/motor_sprite.v Line: 35
Info (10041): Inferred latch for "oam_x[27][8]" at motor_sprite.v(35) File: C:/Users/kmbma/Documents/Arquitetura e MI/Final/Coprocessador_V5 Caio Menos Bugs/Coprocessador_V5/Coprocessador_V3 (SE DEUS QUISER A ULTIMA)/motor_sprite.v Line: 35
Info (10041): Inferred latch for "oam_x[26][0]" at motor_sprite.v(35) File: C:/Users/kmbma/Documents/Arquitetura e MI/Final/Coprocessador_V5 Caio Menos Bugs/Coprocessador_V5/Coprocessador_V3 (SE DEUS QUISER A ULTIMA)/motor_sprite.v Line: 35
Info (10041): Inferred latch for "oam_x[26][1]" at motor_sprite.v(35) File: C:/Users/kmbma/Documents/Arquitetura e MI/Final/Coprocessador_V5 Caio Menos Bugs/Coprocessador_V5/Coprocessador_V3 (SE DEUS QUISER A ULTIMA)/motor_sprite.v Line: 35
Info (10041): Inferred latch for "oam_x[26][2]" at motor_sprite.v(35) File: C:/Users/kmbma/Documents/Arquitetura e MI/Final/Coprocessador_V5 Caio Menos Bugs/Coprocessador_V5/Coprocessador_V3 (SE DEUS QUISER A ULTIMA)/motor_sprite.v Line: 35
Info (10041): Inferred latch for "oam_x[26][3]" at motor_sprite.v(35) File: C:/Users/kmbma/Documents/Arquitetura e MI/Final/Coprocessador_V5 Caio Menos Bugs/Coprocessador_V5/Coprocessador_V3 (SE DEUS QUISER A ULTIMA)/motor_sprite.v Line: 35
Info (10041): Inferred latch for "oam_x[26][4]" at motor_sprite.v(35) File: C:/Users/kmbma/Documents/Arquitetura e MI/Final/Coprocessador_V5 Caio Menos Bugs/Coprocessador_V5/Coprocessador_V3 (SE DEUS QUISER A ULTIMA)/motor_sprite.v Line: 35
Info (10041): Inferred latch for "oam_x[26][5]" at motor_sprite.v(35) File: C:/Users/kmbma/Documents/Arquitetura e MI/Final/Coprocessador_V5 Caio Menos Bugs/Coprocessador_V5/Coprocessador_V3 (SE DEUS QUISER A ULTIMA)/motor_sprite.v Line: 35
Info (10041): Inferred latch for "oam_x[26][6]" at motor_sprite.v(35) File: C:/Users/kmbma/Documents/Arquitetura e MI/Final/Coprocessador_V5 Caio Menos Bugs/Coprocessador_V5/Coprocessador_V3 (SE DEUS QUISER A ULTIMA)/motor_sprite.v Line: 35
Info (10041): Inferred latch for "oam_x[26][7]" at motor_sprite.v(35) File: C:/Users/kmbma/Documents/Arquitetura e MI/Final/Coprocessador_V5 Caio Menos Bugs/Coprocessador_V5/Coprocessador_V3 (SE DEUS QUISER A ULTIMA)/motor_sprite.v Line: 35
Info (10041): Inferred latch for "oam_x[26][8]" at motor_sprite.v(35) File: C:/Users/kmbma/Documents/Arquitetura e MI/Final/Coprocessador_V5 Caio Menos Bugs/Coprocessador_V5/Coprocessador_V3 (SE DEUS QUISER A ULTIMA)/motor_sprite.v Line: 35
Info (10041): Inferred latch for "oam_x[25][0]" at motor_sprite.v(35) File: C:/Users/kmbma/Documents/Arquitetura e MI/Final/Coprocessador_V5 Caio Menos Bugs/Coprocessador_V5/Coprocessador_V3 (SE DEUS QUISER A ULTIMA)/motor_sprite.v Line: 35
Info (10041): Inferred latch for "oam_x[25][1]" at motor_sprite.v(35) File: C:/Users/kmbma/Documents/Arquitetura e MI/Final/Coprocessador_V5 Caio Menos Bugs/Coprocessador_V5/Coprocessador_V3 (SE DEUS QUISER A ULTIMA)/motor_sprite.v Line: 35
Info (10041): Inferred latch for "oam_x[25][2]" at motor_sprite.v(35) File: C:/Users/kmbma/Documents/Arquitetura e MI/Final/Coprocessador_V5 Caio Menos Bugs/Coprocessador_V5/Coprocessador_V3 (SE DEUS QUISER A ULTIMA)/motor_sprite.v Line: 35
Info (10041): Inferred latch for "oam_x[25][3]" at motor_sprite.v(35) File: C:/Users/kmbma/Documents/Arquitetura e MI/Final/Coprocessador_V5 Caio Menos Bugs/Coprocessador_V5/Coprocessador_V3 (SE DEUS QUISER A ULTIMA)/motor_sprite.v Line: 35
Info (10041): Inferred latch for "oam_x[25][4]" at motor_sprite.v(35) File: C:/Users/kmbma/Documents/Arquitetura e MI/Final/Coprocessador_V5 Caio Menos Bugs/Coprocessador_V5/Coprocessador_V3 (SE DEUS QUISER A ULTIMA)/motor_sprite.v Line: 35
Info (10041): Inferred latch for "oam_x[25][5]" at motor_sprite.v(35) File: C:/Users/kmbma/Documents/Arquitetura e MI/Final/Coprocessador_V5 Caio Menos Bugs/Coprocessador_V5/Coprocessador_V3 (SE DEUS QUISER A ULTIMA)/motor_sprite.v Line: 35
Info (10041): Inferred latch for "oam_x[25][6]" at motor_sprite.v(35) File: C:/Users/kmbma/Documents/Arquitetura e MI/Final/Coprocessador_V5 Caio Menos Bugs/Coprocessador_V5/Coprocessador_V3 (SE DEUS QUISER A ULTIMA)/motor_sprite.v Line: 35
Info (10041): Inferred latch for "oam_x[25][7]" at motor_sprite.v(35) File: C:/Users/kmbma/Documents/Arquitetura e MI/Final/Coprocessador_V5 Caio Menos Bugs/Coprocessador_V5/Coprocessador_V3 (SE DEUS QUISER A ULTIMA)/motor_sprite.v Line: 35
Info (10041): Inferred latch for "oam_x[25][8]" at motor_sprite.v(35) File: C:/Users/kmbma/Documents/Arquitetura e MI/Final/Coprocessador_V5 Caio Menos Bugs/Coprocessador_V5/Coprocessador_V3 (SE DEUS QUISER A ULTIMA)/motor_sprite.v Line: 35
Info (10041): Inferred latch for "oam_x[24][0]" at motor_sprite.v(35) File: C:/Users/kmbma/Documents/Arquitetura e MI/Final/Coprocessador_V5 Caio Menos Bugs/Coprocessador_V5/Coprocessador_V3 (SE DEUS QUISER A ULTIMA)/motor_sprite.v Line: 35
Info (10041): Inferred latch for "oam_x[24][1]" at motor_sprite.v(35) File: C:/Users/kmbma/Documents/Arquitetura e MI/Final/Coprocessador_V5 Caio Menos Bugs/Coprocessador_V5/Coprocessador_V3 (SE DEUS QUISER A ULTIMA)/motor_sprite.v Line: 35
Info (10041): Inferred latch for "oam_x[24][2]" at motor_sprite.v(35) File: C:/Users/kmbma/Documents/Arquitetura e MI/Final/Coprocessador_V5 Caio Menos Bugs/Coprocessador_V5/Coprocessador_V3 (SE DEUS QUISER A ULTIMA)/motor_sprite.v Line: 35
Info (10041): Inferred latch for "oam_x[24][3]" at motor_sprite.v(35) File: C:/Users/kmbma/Documents/Arquitetura e MI/Final/Coprocessador_V5 Caio Menos Bugs/Coprocessador_V5/Coprocessador_V3 (SE DEUS QUISER A ULTIMA)/motor_sprite.v Line: 35
Info (10041): Inferred latch for "oam_x[24][4]" at motor_sprite.v(35) File: C:/Users/kmbma/Documents/Arquitetura e MI/Final/Coprocessador_V5 Caio Menos Bugs/Coprocessador_V5/Coprocessador_V3 (SE DEUS QUISER A ULTIMA)/motor_sprite.v Line: 35
Info (10041): Inferred latch for "oam_x[24][5]" at motor_sprite.v(35) File: C:/Users/kmbma/Documents/Arquitetura e MI/Final/Coprocessador_V5 Caio Menos Bugs/Coprocessador_V5/Coprocessador_V3 (SE DEUS QUISER A ULTIMA)/motor_sprite.v Line: 35
Info (10041): Inferred latch for "oam_x[24][6]" at motor_sprite.v(35) File: C:/Users/kmbma/Documents/Arquitetura e MI/Final/Coprocessador_V5 Caio Menos Bugs/Coprocessador_V5/Coprocessador_V3 (SE DEUS QUISER A ULTIMA)/motor_sprite.v Line: 35
Info (10041): Inferred latch for "oam_x[24][7]" at motor_sprite.v(35) File: C:/Users/kmbma/Documents/Arquitetura e MI/Final/Coprocessador_V5 Caio Menos Bugs/Coprocessador_V5/Coprocessador_V3 (SE DEUS QUISER A ULTIMA)/motor_sprite.v Line: 35
Info (10041): Inferred latch for "oam_x[24][8]" at motor_sprite.v(35) File: C:/Users/kmbma/Documents/Arquitetura e MI/Final/Coprocessador_V5 Caio Menos Bugs/Coprocessador_V5/Coprocessador_V3 (SE DEUS QUISER A ULTIMA)/motor_sprite.v Line: 35
Info (10041): Inferred latch for "oam_x[23][0]" at motor_sprite.v(35) File: C:/Users/kmbma/Documents/Arquitetura e MI/Final/Coprocessador_V5 Caio Menos Bugs/Coprocessador_V5/Coprocessador_V3 (SE DEUS QUISER A ULTIMA)/motor_sprite.v Line: 35
Info (10041): Inferred latch for "oam_x[23][1]" at motor_sprite.v(35) File: C:/Users/kmbma/Documents/Arquitetura e MI/Final/Coprocessador_V5 Caio Menos Bugs/Coprocessador_V5/Coprocessador_V3 (SE DEUS QUISER A ULTIMA)/motor_sprite.v Line: 35
Info (10041): Inferred latch for "oam_x[23][2]" at motor_sprite.v(35) File: C:/Users/kmbma/Documents/Arquitetura e MI/Final/Coprocessador_V5 Caio Menos Bugs/Coprocessador_V5/Coprocessador_V3 (SE DEUS QUISER A ULTIMA)/motor_sprite.v Line: 35
Info (10041): Inferred latch for "oam_x[23][3]" at motor_sprite.v(35) File: C:/Users/kmbma/Documents/Arquitetura e MI/Final/Coprocessador_V5 Caio Menos Bugs/Coprocessador_V5/Coprocessador_V3 (SE DEUS QUISER A ULTIMA)/motor_sprite.v Line: 35
Info (10041): Inferred latch for "oam_x[23][4]" at motor_sprite.v(35) File: C:/Users/kmbma/Documents/Arquitetura e MI/Final/Coprocessador_V5 Caio Menos Bugs/Coprocessador_V5/Coprocessador_V3 (SE DEUS QUISER A ULTIMA)/motor_sprite.v Line: 35
Info (10041): Inferred latch for "oam_x[23][5]" at motor_sprite.v(35) File: C:/Users/kmbma/Documents/Arquitetura e MI/Final/Coprocessador_V5 Caio Menos Bugs/Coprocessador_V5/Coprocessador_V3 (SE DEUS QUISER A ULTIMA)/motor_sprite.v Line: 35
Info (10041): Inferred latch for "oam_x[23][6]" at motor_sprite.v(35) File: C:/Users/kmbma/Documents/Arquitetura e MI/Final/Coprocessador_V5 Caio Menos Bugs/Coprocessador_V5/Coprocessador_V3 (SE DEUS QUISER A ULTIMA)/motor_sprite.v Line: 35
Info (10041): Inferred latch for "oam_x[23][7]" at motor_sprite.v(35) File: C:/Users/kmbma/Documents/Arquitetura e MI/Final/Coprocessador_V5 Caio Menos Bugs/Coprocessador_V5/Coprocessador_V3 (SE DEUS QUISER A ULTIMA)/motor_sprite.v Line: 35
Info (10041): Inferred latch for "oam_x[23][8]" at motor_sprite.v(35) File: C:/Users/kmbma/Documents/Arquitetura e MI/Final/Coprocessador_V5 Caio Menos Bugs/Coprocessador_V5/Coprocessador_V3 (SE DEUS QUISER A ULTIMA)/motor_sprite.v Line: 35
Info (10041): Inferred latch for "oam_x[22][0]" at motor_sprite.v(35) File: C:/Users/kmbma/Documents/Arquitetura e MI/Final/Coprocessador_V5 Caio Menos Bugs/Coprocessador_V5/Coprocessador_V3 (SE DEUS QUISER A ULTIMA)/motor_sprite.v Line: 35
Info (10041): Inferred latch for "oam_x[22][1]" at motor_sprite.v(35) File: C:/Users/kmbma/Documents/Arquitetura e MI/Final/Coprocessador_V5 Caio Menos Bugs/Coprocessador_V5/Coprocessador_V3 (SE DEUS QUISER A ULTIMA)/motor_sprite.v Line: 35
Info (10041): Inferred latch for "oam_x[22][2]" at motor_sprite.v(35) File: C:/Users/kmbma/Documents/Arquitetura e MI/Final/Coprocessador_V5 Caio Menos Bugs/Coprocessador_V5/Coprocessador_V3 (SE DEUS QUISER A ULTIMA)/motor_sprite.v Line: 35
Info (10041): Inferred latch for "oam_x[22][3]" at motor_sprite.v(35) File: C:/Users/kmbma/Documents/Arquitetura e MI/Final/Coprocessador_V5 Caio Menos Bugs/Coprocessador_V5/Coprocessador_V3 (SE DEUS QUISER A ULTIMA)/motor_sprite.v Line: 35
Info (10041): Inferred latch for "oam_x[22][4]" at motor_sprite.v(35) File: C:/Users/kmbma/Documents/Arquitetura e MI/Final/Coprocessador_V5 Caio Menos Bugs/Coprocessador_V5/Coprocessador_V3 (SE DEUS QUISER A ULTIMA)/motor_sprite.v Line: 35
Info (10041): Inferred latch for "oam_x[22][5]" at motor_sprite.v(35) File: C:/Users/kmbma/Documents/Arquitetura e MI/Final/Coprocessador_V5 Caio Menos Bugs/Coprocessador_V5/Coprocessador_V3 (SE DEUS QUISER A ULTIMA)/motor_sprite.v Line: 35
Info (10041): Inferred latch for "oam_x[22][6]" at motor_sprite.v(35) File: C:/Users/kmbma/Documents/Arquitetura e MI/Final/Coprocessador_V5 Caio Menos Bugs/Coprocessador_V5/Coprocessador_V3 (SE DEUS QUISER A ULTIMA)/motor_sprite.v Line: 35
Info (10041): Inferred latch for "oam_x[22][7]" at motor_sprite.v(35) File: C:/Users/kmbma/Documents/Arquitetura e MI/Final/Coprocessador_V5 Caio Menos Bugs/Coprocessador_V5/Coprocessador_V3 (SE DEUS QUISER A ULTIMA)/motor_sprite.v Line: 35
Info (10041): Inferred latch for "oam_x[22][8]" at motor_sprite.v(35) File: C:/Users/kmbma/Documents/Arquitetura e MI/Final/Coprocessador_V5 Caio Menos Bugs/Coprocessador_V5/Coprocessador_V3 (SE DEUS QUISER A ULTIMA)/motor_sprite.v Line: 35
Info (10041): Inferred latch for "oam_x[21][0]" at motor_sprite.v(35) File: C:/Users/kmbma/Documents/Arquitetura e MI/Final/Coprocessador_V5 Caio Menos Bugs/Coprocessador_V5/Coprocessador_V3 (SE DEUS QUISER A ULTIMA)/motor_sprite.v Line: 35
Info (10041): Inferred latch for "oam_x[21][1]" at motor_sprite.v(35) File: C:/Users/kmbma/Documents/Arquitetura e MI/Final/Coprocessador_V5 Caio Menos Bugs/Coprocessador_V5/Coprocessador_V3 (SE DEUS QUISER A ULTIMA)/motor_sprite.v Line: 35
Info (10041): Inferred latch for "oam_x[21][2]" at motor_sprite.v(35) File: C:/Users/kmbma/Documents/Arquitetura e MI/Final/Coprocessador_V5 Caio Menos Bugs/Coprocessador_V5/Coprocessador_V3 (SE DEUS QUISER A ULTIMA)/motor_sprite.v Line: 35
Info (10041): Inferred latch for "oam_x[21][3]" at motor_sprite.v(35) File: C:/Users/kmbma/Documents/Arquitetura e MI/Final/Coprocessador_V5 Caio Menos Bugs/Coprocessador_V5/Coprocessador_V3 (SE DEUS QUISER A ULTIMA)/motor_sprite.v Line: 35
Info (10041): Inferred latch for "oam_x[21][4]" at motor_sprite.v(35) File: C:/Users/kmbma/Documents/Arquitetura e MI/Final/Coprocessador_V5 Caio Menos Bugs/Coprocessador_V5/Coprocessador_V3 (SE DEUS QUISER A ULTIMA)/motor_sprite.v Line: 35
Info (10041): Inferred latch for "oam_x[21][5]" at motor_sprite.v(35) File: C:/Users/kmbma/Documents/Arquitetura e MI/Final/Coprocessador_V5 Caio Menos Bugs/Coprocessador_V5/Coprocessador_V3 (SE DEUS QUISER A ULTIMA)/motor_sprite.v Line: 35
Info (10041): Inferred latch for "oam_x[21][6]" at motor_sprite.v(35) File: C:/Users/kmbma/Documents/Arquitetura e MI/Final/Coprocessador_V5 Caio Menos Bugs/Coprocessador_V5/Coprocessador_V3 (SE DEUS QUISER A ULTIMA)/motor_sprite.v Line: 35
Info (10041): Inferred latch for "oam_x[21][7]" at motor_sprite.v(35) File: C:/Users/kmbma/Documents/Arquitetura e MI/Final/Coprocessador_V5 Caio Menos Bugs/Coprocessador_V5/Coprocessador_V3 (SE DEUS QUISER A ULTIMA)/motor_sprite.v Line: 35
Info (10041): Inferred latch for "oam_x[21][8]" at motor_sprite.v(35) File: C:/Users/kmbma/Documents/Arquitetura e MI/Final/Coprocessador_V5 Caio Menos Bugs/Coprocessador_V5/Coprocessador_V3 (SE DEUS QUISER A ULTIMA)/motor_sprite.v Line: 35
Info (10041): Inferred latch for "oam_x[20][0]" at motor_sprite.v(35) File: C:/Users/kmbma/Documents/Arquitetura e MI/Final/Coprocessador_V5 Caio Menos Bugs/Coprocessador_V5/Coprocessador_V3 (SE DEUS QUISER A ULTIMA)/motor_sprite.v Line: 35
Info (10041): Inferred latch for "oam_x[20][1]" at motor_sprite.v(35) File: C:/Users/kmbma/Documents/Arquitetura e MI/Final/Coprocessador_V5 Caio Menos Bugs/Coprocessador_V5/Coprocessador_V3 (SE DEUS QUISER A ULTIMA)/motor_sprite.v Line: 35
Info (10041): Inferred latch for "oam_x[20][2]" at motor_sprite.v(35) File: C:/Users/kmbma/Documents/Arquitetura e MI/Final/Coprocessador_V5 Caio Menos Bugs/Coprocessador_V5/Coprocessador_V3 (SE DEUS QUISER A ULTIMA)/motor_sprite.v Line: 35
Info (10041): Inferred latch for "oam_x[20][3]" at motor_sprite.v(35) File: C:/Users/kmbma/Documents/Arquitetura e MI/Final/Coprocessador_V5 Caio Menos Bugs/Coprocessador_V5/Coprocessador_V3 (SE DEUS QUISER A ULTIMA)/motor_sprite.v Line: 35
Info (10041): Inferred latch for "oam_x[20][4]" at motor_sprite.v(35) File: C:/Users/kmbma/Documents/Arquitetura e MI/Final/Coprocessador_V5 Caio Menos Bugs/Coprocessador_V5/Coprocessador_V3 (SE DEUS QUISER A ULTIMA)/motor_sprite.v Line: 35
Info (10041): Inferred latch for "oam_x[20][5]" at motor_sprite.v(35) File: C:/Users/kmbma/Documents/Arquitetura e MI/Final/Coprocessador_V5 Caio Menos Bugs/Coprocessador_V5/Coprocessador_V3 (SE DEUS QUISER A ULTIMA)/motor_sprite.v Line: 35
Info (10041): Inferred latch for "oam_x[20][6]" at motor_sprite.v(35) File: C:/Users/kmbma/Documents/Arquitetura e MI/Final/Coprocessador_V5 Caio Menos Bugs/Coprocessador_V5/Coprocessador_V3 (SE DEUS QUISER A ULTIMA)/motor_sprite.v Line: 35
Info (10041): Inferred latch for "oam_x[20][7]" at motor_sprite.v(35) File: C:/Users/kmbma/Documents/Arquitetura e MI/Final/Coprocessador_V5 Caio Menos Bugs/Coprocessador_V5/Coprocessador_V3 (SE DEUS QUISER A ULTIMA)/motor_sprite.v Line: 35
Info (10041): Inferred latch for "oam_x[20][8]" at motor_sprite.v(35) File: C:/Users/kmbma/Documents/Arquitetura e MI/Final/Coprocessador_V5 Caio Menos Bugs/Coprocessador_V5/Coprocessador_V3 (SE DEUS QUISER A ULTIMA)/motor_sprite.v Line: 35
Info (10041): Inferred latch for "oam_x[19][0]" at motor_sprite.v(35) File: C:/Users/kmbma/Documents/Arquitetura e MI/Final/Coprocessador_V5 Caio Menos Bugs/Coprocessador_V5/Coprocessador_V3 (SE DEUS QUISER A ULTIMA)/motor_sprite.v Line: 35
Info (10041): Inferred latch for "oam_x[19][1]" at motor_sprite.v(35) File: C:/Users/kmbma/Documents/Arquitetura e MI/Final/Coprocessador_V5 Caio Menos Bugs/Coprocessador_V5/Coprocessador_V3 (SE DEUS QUISER A ULTIMA)/motor_sprite.v Line: 35
Info (10041): Inferred latch for "oam_x[19][2]" at motor_sprite.v(35) File: C:/Users/kmbma/Documents/Arquitetura e MI/Final/Coprocessador_V5 Caio Menos Bugs/Coprocessador_V5/Coprocessador_V3 (SE DEUS QUISER A ULTIMA)/motor_sprite.v Line: 35
Info (10041): Inferred latch for "oam_x[19][3]" at motor_sprite.v(35) File: C:/Users/kmbma/Documents/Arquitetura e MI/Final/Coprocessador_V5 Caio Menos Bugs/Coprocessador_V5/Coprocessador_V3 (SE DEUS QUISER A ULTIMA)/motor_sprite.v Line: 35
Info (10041): Inferred latch for "oam_x[19][4]" at motor_sprite.v(35) File: C:/Users/kmbma/Documents/Arquitetura e MI/Final/Coprocessador_V5 Caio Menos Bugs/Coprocessador_V5/Coprocessador_V3 (SE DEUS QUISER A ULTIMA)/motor_sprite.v Line: 35
Info (10041): Inferred latch for "oam_x[19][5]" at motor_sprite.v(35) File: C:/Users/kmbma/Documents/Arquitetura e MI/Final/Coprocessador_V5 Caio Menos Bugs/Coprocessador_V5/Coprocessador_V3 (SE DEUS QUISER A ULTIMA)/motor_sprite.v Line: 35
Info (10041): Inferred latch for "oam_x[19][6]" at motor_sprite.v(35) File: C:/Users/kmbma/Documents/Arquitetura e MI/Final/Coprocessador_V5 Caio Menos Bugs/Coprocessador_V5/Coprocessador_V3 (SE DEUS QUISER A ULTIMA)/motor_sprite.v Line: 35
Info (10041): Inferred latch for "oam_x[19][7]" at motor_sprite.v(35) File: C:/Users/kmbma/Documents/Arquitetura e MI/Final/Coprocessador_V5 Caio Menos Bugs/Coprocessador_V5/Coprocessador_V3 (SE DEUS QUISER A ULTIMA)/motor_sprite.v Line: 35
Info (10041): Inferred latch for "oam_x[19][8]" at motor_sprite.v(35) File: C:/Users/kmbma/Documents/Arquitetura e MI/Final/Coprocessador_V5 Caio Menos Bugs/Coprocessador_V5/Coprocessador_V3 (SE DEUS QUISER A ULTIMA)/motor_sprite.v Line: 35
Info (10041): Inferred latch for "oam_x[18][0]" at motor_sprite.v(35) File: C:/Users/kmbma/Documents/Arquitetura e MI/Final/Coprocessador_V5 Caio Menos Bugs/Coprocessador_V5/Coprocessador_V3 (SE DEUS QUISER A ULTIMA)/motor_sprite.v Line: 35
Info (10041): Inferred latch for "oam_x[18][1]" at motor_sprite.v(35) File: C:/Users/kmbma/Documents/Arquitetura e MI/Final/Coprocessador_V5 Caio Menos Bugs/Coprocessador_V5/Coprocessador_V3 (SE DEUS QUISER A ULTIMA)/motor_sprite.v Line: 35
Info (10041): Inferred latch for "oam_x[18][2]" at motor_sprite.v(35) File: C:/Users/kmbma/Documents/Arquitetura e MI/Final/Coprocessador_V5 Caio Menos Bugs/Coprocessador_V5/Coprocessador_V3 (SE DEUS QUISER A ULTIMA)/motor_sprite.v Line: 35
Info (10041): Inferred latch for "oam_x[18][3]" at motor_sprite.v(35) File: C:/Users/kmbma/Documents/Arquitetura e MI/Final/Coprocessador_V5 Caio Menos Bugs/Coprocessador_V5/Coprocessador_V3 (SE DEUS QUISER A ULTIMA)/motor_sprite.v Line: 35
Info (10041): Inferred latch for "oam_x[18][4]" at motor_sprite.v(35) File: C:/Users/kmbma/Documents/Arquitetura e MI/Final/Coprocessador_V5 Caio Menos Bugs/Coprocessador_V5/Coprocessador_V3 (SE DEUS QUISER A ULTIMA)/motor_sprite.v Line: 35
Info (10041): Inferred latch for "oam_x[18][5]" at motor_sprite.v(35) File: C:/Users/kmbma/Documents/Arquitetura e MI/Final/Coprocessador_V5 Caio Menos Bugs/Coprocessador_V5/Coprocessador_V3 (SE DEUS QUISER A ULTIMA)/motor_sprite.v Line: 35
Info (10041): Inferred latch for "oam_x[18][6]" at motor_sprite.v(35) File: C:/Users/kmbma/Documents/Arquitetura e MI/Final/Coprocessador_V5 Caio Menos Bugs/Coprocessador_V5/Coprocessador_V3 (SE DEUS QUISER A ULTIMA)/motor_sprite.v Line: 35
Info (10041): Inferred latch for "oam_x[18][7]" at motor_sprite.v(35) File: C:/Users/kmbma/Documents/Arquitetura e MI/Final/Coprocessador_V5 Caio Menos Bugs/Coprocessador_V5/Coprocessador_V3 (SE DEUS QUISER A ULTIMA)/motor_sprite.v Line: 35
Info (10041): Inferred latch for "oam_x[18][8]" at motor_sprite.v(35) File: C:/Users/kmbma/Documents/Arquitetura e MI/Final/Coprocessador_V5 Caio Menos Bugs/Coprocessador_V5/Coprocessador_V3 (SE DEUS QUISER A ULTIMA)/motor_sprite.v Line: 35
Info (10041): Inferred latch for "oam_x[17][0]" at motor_sprite.v(35) File: C:/Users/kmbma/Documents/Arquitetura e MI/Final/Coprocessador_V5 Caio Menos Bugs/Coprocessador_V5/Coprocessador_V3 (SE DEUS QUISER A ULTIMA)/motor_sprite.v Line: 35
Info (10041): Inferred latch for "oam_x[17][1]" at motor_sprite.v(35) File: C:/Users/kmbma/Documents/Arquitetura e MI/Final/Coprocessador_V5 Caio Menos Bugs/Coprocessador_V5/Coprocessador_V3 (SE DEUS QUISER A ULTIMA)/motor_sprite.v Line: 35
Info (10041): Inferred latch for "oam_x[17][2]" at motor_sprite.v(35) File: C:/Users/kmbma/Documents/Arquitetura e MI/Final/Coprocessador_V5 Caio Menos Bugs/Coprocessador_V5/Coprocessador_V3 (SE DEUS QUISER A ULTIMA)/motor_sprite.v Line: 35
Info (10041): Inferred latch for "oam_x[17][3]" at motor_sprite.v(35) File: C:/Users/kmbma/Documents/Arquitetura e MI/Final/Coprocessador_V5 Caio Menos Bugs/Coprocessador_V5/Coprocessador_V3 (SE DEUS QUISER A ULTIMA)/motor_sprite.v Line: 35
Info (10041): Inferred latch for "oam_x[17][4]" at motor_sprite.v(35) File: C:/Users/kmbma/Documents/Arquitetura e MI/Final/Coprocessador_V5 Caio Menos Bugs/Coprocessador_V5/Coprocessador_V3 (SE DEUS QUISER A ULTIMA)/motor_sprite.v Line: 35
Info (10041): Inferred latch for "oam_x[17][5]" at motor_sprite.v(35) File: C:/Users/kmbma/Documents/Arquitetura e MI/Final/Coprocessador_V5 Caio Menos Bugs/Coprocessador_V5/Coprocessador_V3 (SE DEUS QUISER A ULTIMA)/motor_sprite.v Line: 35
Info (10041): Inferred latch for "oam_x[17][6]" at motor_sprite.v(35) File: C:/Users/kmbma/Documents/Arquitetura e MI/Final/Coprocessador_V5 Caio Menos Bugs/Coprocessador_V5/Coprocessador_V3 (SE DEUS QUISER A ULTIMA)/motor_sprite.v Line: 35
Info (10041): Inferred latch for "oam_x[17][7]" at motor_sprite.v(35) File: C:/Users/kmbma/Documents/Arquitetura e MI/Final/Coprocessador_V5 Caio Menos Bugs/Coprocessador_V5/Coprocessador_V3 (SE DEUS QUISER A ULTIMA)/motor_sprite.v Line: 35
Info (10041): Inferred latch for "oam_x[17][8]" at motor_sprite.v(35) File: C:/Users/kmbma/Documents/Arquitetura e MI/Final/Coprocessador_V5 Caio Menos Bugs/Coprocessador_V5/Coprocessador_V3 (SE DEUS QUISER A ULTIMA)/motor_sprite.v Line: 35
Info (10041): Inferred latch for "oam_x[16][0]" at motor_sprite.v(35) File: C:/Users/kmbma/Documents/Arquitetura e MI/Final/Coprocessador_V5 Caio Menos Bugs/Coprocessador_V5/Coprocessador_V3 (SE DEUS QUISER A ULTIMA)/motor_sprite.v Line: 35
Info (10041): Inferred latch for "oam_x[16][1]" at motor_sprite.v(35) File: C:/Users/kmbma/Documents/Arquitetura e MI/Final/Coprocessador_V5 Caio Menos Bugs/Coprocessador_V5/Coprocessador_V3 (SE DEUS QUISER A ULTIMA)/motor_sprite.v Line: 35
Info (10041): Inferred latch for "oam_x[16][2]" at motor_sprite.v(35) File: C:/Users/kmbma/Documents/Arquitetura e MI/Final/Coprocessador_V5 Caio Menos Bugs/Coprocessador_V5/Coprocessador_V3 (SE DEUS QUISER A ULTIMA)/motor_sprite.v Line: 35
Info (10041): Inferred latch for "oam_x[16][3]" at motor_sprite.v(35) File: C:/Users/kmbma/Documents/Arquitetura e MI/Final/Coprocessador_V5 Caio Menos Bugs/Coprocessador_V5/Coprocessador_V3 (SE DEUS QUISER A ULTIMA)/motor_sprite.v Line: 35
Info (10041): Inferred latch for "oam_x[16][4]" at motor_sprite.v(35) File: C:/Users/kmbma/Documents/Arquitetura e MI/Final/Coprocessador_V5 Caio Menos Bugs/Coprocessador_V5/Coprocessador_V3 (SE DEUS QUISER A ULTIMA)/motor_sprite.v Line: 35
Info (10041): Inferred latch for "oam_x[16][5]" at motor_sprite.v(35) File: C:/Users/kmbma/Documents/Arquitetura e MI/Final/Coprocessador_V5 Caio Menos Bugs/Coprocessador_V5/Coprocessador_V3 (SE DEUS QUISER A ULTIMA)/motor_sprite.v Line: 35
Info (10041): Inferred latch for "oam_x[16][6]" at motor_sprite.v(35) File: C:/Users/kmbma/Documents/Arquitetura e MI/Final/Coprocessador_V5 Caio Menos Bugs/Coprocessador_V5/Coprocessador_V3 (SE DEUS QUISER A ULTIMA)/motor_sprite.v Line: 35
Info (10041): Inferred latch for "oam_x[16][7]" at motor_sprite.v(35) File: C:/Users/kmbma/Documents/Arquitetura e MI/Final/Coprocessador_V5 Caio Menos Bugs/Coprocessador_V5/Coprocessador_V3 (SE DEUS QUISER A ULTIMA)/motor_sprite.v Line: 35
Info (10041): Inferred latch for "oam_x[16][8]" at motor_sprite.v(35) File: C:/Users/kmbma/Documents/Arquitetura e MI/Final/Coprocessador_V5 Caio Menos Bugs/Coprocessador_V5/Coprocessador_V3 (SE DEUS QUISER A ULTIMA)/motor_sprite.v Line: 35
Info (10041): Inferred latch for "oam_x[15][0]" at motor_sprite.v(35) File: C:/Users/kmbma/Documents/Arquitetura e MI/Final/Coprocessador_V5 Caio Menos Bugs/Coprocessador_V5/Coprocessador_V3 (SE DEUS QUISER A ULTIMA)/motor_sprite.v Line: 35
Info (10041): Inferred latch for "oam_x[15][1]" at motor_sprite.v(35) File: C:/Users/kmbma/Documents/Arquitetura e MI/Final/Coprocessador_V5 Caio Menos Bugs/Coprocessador_V5/Coprocessador_V3 (SE DEUS QUISER A ULTIMA)/motor_sprite.v Line: 35
Info (10041): Inferred latch for "oam_x[15][2]" at motor_sprite.v(35) File: C:/Users/kmbma/Documents/Arquitetura e MI/Final/Coprocessador_V5 Caio Menos Bugs/Coprocessador_V5/Coprocessador_V3 (SE DEUS QUISER A ULTIMA)/motor_sprite.v Line: 35
Info (10041): Inferred latch for "oam_x[15][3]" at motor_sprite.v(35) File: C:/Users/kmbma/Documents/Arquitetura e MI/Final/Coprocessador_V5 Caio Menos Bugs/Coprocessador_V5/Coprocessador_V3 (SE DEUS QUISER A ULTIMA)/motor_sprite.v Line: 35
Info (10041): Inferred latch for "oam_x[15][4]" at motor_sprite.v(35) File: C:/Users/kmbma/Documents/Arquitetura e MI/Final/Coprocessador_V5 Caio Menos Bugs/Coprocessador_V5/Coprocessador_V3 (SE DEUS QUISER A ULTIMA)/motor_sprite.v Line: 35
Info (10041): Inferred latch for "oam_x[15][5]" at motor_sprite.v(35) File: C:/Users/kmbma/Documents/Arquitetura e MI/Final/Coprocessador_V5 Caio Menos Bugs/Coprocessador_V5/Coprocessador_V3 (SE DEUS QUISER A ULTIMA)/motor_sprite.v Line: 35
Info (10041): Inferred latch for "oam_x[15][6]" at motor_sprite.v(35) File: C:/Users/kmbma/Documents/Arquitetura e MI/Final/Coprocessador_V5 Caio Menos Bugs/Coprocessador_V5/Coprocessador_V3 (SE DEUS QUISER A ULTIMA)/motor_sprite.v Line: 35
Info (10041): Inferred latch for "oam_x[15][7]" at motor_sprite.v(35) File: C:/Users/kmbma/Documents/Arquitetura e MI/Final/Coprocessador_V5 Caio Menos Bugs/Coprocessador_V5/Coprocessador_V3 (SE DEUS QUISER A ULTIMA)/motor_sprite.v Line: 35
Info (10041): Inferred latch for "oam_x[15][8]" at motor_sprite.v(35) File: C:/Users/kmbma/Documents/Arquitetura e MI/Final/Coprocessador_V5 Caio Menos Bugs/Coprocessador_V5/Coprocessador_V3 (SE DEUS QUISER A ULTIMA)/motor_sprite.v Line: 35
Info (10041): Inferred latch for "oam_x[14][0]" at motor_sprite.v(35) File: C:/Users/kmbma/Documents/Arquitetura e MI/Final/Coprocessador_V5 Caio Menos Bugs/Coprocessador_V5/Coprocessador_V3 (SE DEUS QUISER A ULTIMA)/motor_sprite.v Line: 35
Info (10041): Inferred latch for "oam_x[14][1]" at motor_sprite.v(35) File: C:/Users/kmbma/Documents/Arquitetura e MI/Final/Coprocessador_V5 Caio Menos Bugs/Coprocessador_V5/Coprocessador_V3 (SE DEUS QUISER A ULTIMA)/motor_sprite.v Line: 35
Info (10041): Inferred latch for "oam_x[14][2]" at motor_sprite.v(35) File: C:/Users/kmbma/Documents/Arquitetura e MI/Final/Coprocessador_V5 Caio Menos Bugs/Coprocessador_V5/Coprocessador_V3 (SE DEUS QUISER A ULTIMA)/motor_sprite.v Line: 35
Info (10041): Inferred latch for "oam_x[14][3]" at motor_sprite.v(35) File: C:/Users/kmbma/Documents/Arquitetura e MI/Final/Coprocessador_V5 Caio Menos Bugs/Coprocessador_V5/Coprocessador_V3 (SE DEUS QUISER A ULTIMA)/motor_sprite.v Line: 35
Info (10041): Inferred latch for "oam_x[14][4]" at motor_sprite.v(35) File: C:/Users/kmbma/Documents/Arquitetura e MI/Final/Coprocessador_V5 Caio Menos Bugs/Coprocessador_V5/Coprocessador_V3 (SE DEUS QUISER A ULTIMA)/motor_sprite.v Line: 35
Info (10041): Inferred latch for "oam_x[14][5]" at motor_sprite.v(35) File: C:/Users/kmbma/Documents/Arquitetura e MI/Final/Coprocessador_V5 Caio Menos Bugs/Coprocessador_V5/Coprocessador_V3 (SE DEUS QUISER A ULTIMA)/motor_sprite.v Line: 35
Info (10041): Inferred latch for "oam_x[14][6]" at motor_sprite.v(35) File: C:/Users/kmbma/Documents/Arquitetura e MI/Final/Coprocessador_V5 Caio Menos Bugs/Coprocessador_V5/Coprocessador_V3 (SE DEUS QUISER A ULTIMA)/motor_sprite.v Line: 35
Info (10041): Inferred latch for "oam_x[14][7]" at motor_sprite.v(35) File: C:/Users/kmbma/Documents/Arquitetura e MI/Final/Coprocessador_V5 Caio Menos Bugs/Coprocessador_V5/Coprocessador_V3 (SE DEUS QUISER A ULTIMA)/motor_sprite.v Line: 35
Info (10041): Inferred latch for "oam_x[14][8]" at motor_sprite.v(35) File: C:/Users/kmbma/Documents/Arquitetura e MI/Final/Coprocessador_V5 Caio Menos Bugs/Coprocessador_V5/Coprocessador_V3 (SE DEUS QUISER A ULTIMA)/motor_sprite.v Line: 35
Info (10041): Inferred latch for "oam_x[13][0]" at motor_sprite.v(35) File: C:/Users/kmbma/Documents/Arquitetura e MI/Final/Coprocessador_V5 Caio Menos Bugs/Coprocessador_V5/Coprocessador_V3 (SE DEUS QUISER A ULTIMA)/motor_sprite.v Line: 35
Info (10041): Inferred latch for "oam_x[13][1]" at motor_sprite.v(35) File: C:/Users/kmbma/Documents/Arquitetura e MI/Final/Coprocessador_V5 Caio Menos Bugs/Coprocessador_V5/Coprocessador_V3 (SE DEUS QUISER A ULTIMA)/motor_sprite.v Line: 35
Info (10041): Inferred latch for "oam_x[13][2]" at motor_sprite.v(35) File: C:/Users/kmbma/Documents/Arquitetura e MI/Final/Coprocessador_V5 Caio Menos Bugs/Coprocessador_V5/Coprocessador_V3 (SE DEUS QUISER A ULTIMA)/motor_sprite.v Line: 35
Info (10041): Inferred latch for "oam_x[13][3]" at motor_sprite.v(35) File: C:/Users/kmbma/Documents/Arquitetura e MI/Final/Coprocessador_V5 Caio Menos Bugs/Coprocessador_V5/Coprocessador_V3 (SE DEUS QUISER A ULTIMA)/motor_sprite.v Line: 35
Info (10041): Inferred latch for "oam_x[13][4]" at motor_sprite.v(35) File: C:/Users/kmbma/Documents/Arquitetura e MI/Final/Coprocessador_V5 Caio Menos Bugs/Coprocessador_V5/Coprocessador_V3 (SE DEUS QUISER A ULTIMA)/motor_sprite.v Line: 35
Info (10041): Inferred latch for "oam_x[13][5]" at motor_sprite.v(35) File: C:/Users/kmbma/Documents/Arquitetura e MI/Final/Coprocessador_V5 Caio Menos Bugs/Coprocessador_V5/Coprocessador_V3 (SE DEUS QUISER A ULTIMA)/motor_sprite.v Line: 35
Info (10041): Inferred latch for "oam_x[13][6]" at motor_sprite.v(35) File: C:/Users/kmbma/Documents/Arquitetura e MI/Final/Coprocessador_V5 Caio Menos Bugs/Coprocessador_V5/Coprocessador_V3 (SE DEUS QUISER A ULTIMA)/motor_sprite.v Line: 35
Info (10041): Inferred latch for "oam_x[13][7]" at motor_sprite.v(35) File: C:/Users/kmbma/Documents/Arquitetura e MI/Final/Coprocessador_V5 Caio Menos Bugs/Coprocessador_V5/Coprocessador_V3 (SE DEUS QUISER A ULTIMA)/motor_sprite.v Line: 35
Info (10041): Inferred latch for "oam_x[13][8]" at motor_sprite.v(35) File: C:/Users/kmbma/Documents/Arquitetura e MI/Final/Coprocessador_V5 Caio Menos Bugs/Coprocessador_V5/Coprocessador_V3 (SE DEUS QUISER A ULTIMA)/motor_sprite.v Line: 35
Info (10041): Inferred latch for "oam_x[12][0]" at motor_sprite.v(35) File: C:/Users/kmbma/Documents/Arquitetura e MI/Final/Coprocessador_V5 Caio Menos Bugs/Coprocessador_V5/Coprocessador_V3 (SE DEUS QUISER A ULTIMA)/motor_sprite.v Line: 35
Info (10041): Inferred latch for "oam_x[12][1]" at motor_sprite.v(35) File: C:/Users/kmbma/Documents/Arquitetura e MI/Final/Coprocessador_V5 Caio Menos Bugs/Coprocessador_V5/Coprocessador_V3 (SE DEUS QUISER A ULTIMA)/motor_sprite.v Line: 35
Info (10041): Inferred latch for "oam_x[12][2]" at motor_sprite.v(35) File: C:/Users/kmbma/Documents/Arquitetura e MI/Final/Coprocessador_V5 Caio Menos Bugs/Coprocessador_V5/Coprocessador_V3 (SE DEUS QUISER A ULTIMA)/motor_sprite.v Line: 35
Info (10041): Inferred latch for "oam_x[12][3]" at motor_sprite.v(35) File: C:/Users/kmbma/Documents/Arquitetura e MI/Final/Coprocessador_V5 Caio Menos Bugs/Coprocessador_V5/Coprocessador_V3 (SE DEUS QUISER A ULTIMA)/motor_sprite.v Line: 35
Info (10041): Inferred latch for "oam_x[12][4]" at motor_sprite.v(35) File: C:/Users/kmbma/Documents/Arquitetura e MI/Final/Coprocessador_V5 Caio Menos Bugs/Coprocessador_V5/Coprocessador_V3 (SE DEUS QUISER A ULTIMA)/motor_sprite.v Line: 35
Info (10041): Inferred latch for "oam_x[12][5]" at motor_sprite.v(35) File: C:/Users/kmbma/Documents/Arquitetura e MI/Final/Coprocessador_V5 Caio Menos Bugs/Coprocessador_V5/Coprocessador_V3 (SE DEUS QUISER A ULTIMA)/motor_sprite.v Line: 35
Info (10041): Inferred latch for "oam_x[12][6]" at motor_sprite.v(35) File: C:/Users/kmbma/Documents/Arquitetura e MI/Final/Coprocessador_V5 Caio Menos Bugs/Coprocessador_V5/Coprocessador_V3 (SE DEUS QUISER A ULTIMA)/motor_sprite.v Line: 35
Info (10041): Inferred latch for "oam_x[12][7]" at motor_sprite.v(35) File: C:/Users/kmbma/Documents/Arquitetura e MI/Final/Coprocessador_V5 Caio Menos Bugs/Coprocessador_V5/Coprocessador_V3 (SE DEUS QUISER A ULTIMA)/motor_sprite.v Line: 35
Info (10041): Inferred latch for "oam_x[12][8]" at motor_sprite.v(35) File: C:/Users/kmbma/Documents/Arquitetura e MI/Final/Coprocessador_V5 Caio Menos Bugs/Coprocessador_V5/Coprocessador_V3 (SE DEUS QUISER A ULTIMA)/motor_sprite.v Line: 35
Info (10041): Inferred latch for "oam_x[11][0]" at motor_sprite.v(35) File: C:/Users/kmbma/Documents/Arquitetura e MI/Final/Coprocessador_V5 Caio Menos Bugs/Coprocessador_V5/Coprocessador_V3 (SE DEUS QUISER A ULTIMA)/motor_sprite.v Line: 35
Info (10041): Inferred latch for "oam_x[11][1]" at motor_sprite.v(35) File: C:/Users/kmbma/Documents/Arquitetura e MI/Final/Coprocessador_V5 Caio Menos Bugs/Coprocessador_V5/Coprocessador_V3 (SE DEUS QUISER A ULTIMA)/motor_sprite.v Line: 35
Info (10041): Inferred latch for "oam_x[11][2]" at motor_sprite.v(35) File: C:/Users/kmbma/Documents/Arquitetura e MI/Final/Coprocessador_V5 Caio Menos Bugs/Coprocessador_V5/Coprocessador_V3 (SE DEUS QUISER A ULTIMA)/motor_sprite.v Line: 35
Info (10041): Inferred latch for "oam_x[11][3]" at motor_sprite.v(35) File: C:/Users/kmbma/Documents/Arquitetura e MI/Final/Coprocessador_V5 Caio Menos Bugs/Coprocessador_V5/Coprocessador_V3 (SE DEUS QUISER A ULTIMA)/motor_sprite.v Line: 35
Info (10041): Inferred latch for "oam_x[11][4]" at motor_sprite.v(35) File: C:/Users/kmbma/Documents/Arquitetura e MI/Final/Coprocessador_V5 Caio Menos Bugs/Coprocessador_V5/Coprocessador_V3 (SE DEUS QUISER A ULTIMA)/motor_sprite.v Line: 35
Info (10041): Inferred latch for "oam_x[11][5]" at motor_sprite.v(35) File: C:/Users/kmbma/Documents/Arquitetura e MI/Final/Coprocessador_V5 Caio Menos Bugs/Coprocessador_V5/Coprocessador_V3 (SE DEUS QUISER A ULTIMA)/motor_sprite.v Line: 35
Info (10041): Inferred latch for "oam_x[11][6]" at motor_sprite.v(35) File: C:/Users/kmbma/Documents/Arquitetura e MI/Final/Coprocessador_V5 Caio Menos Bugs/Coprocessador_V5/Coprocessador_V3 (SE DEUS QUISER A ULTIMA)/motor_sprite.v Line: 35
Info (10041): Inferred latch for "oam_x[11][7]" at motor_sprite.v(35) File: C:/Users/kmbma/Documents/Arquitetura e MI/Final/Coprocessador_V5 Caio Menos Bugs/Coprocessador_V5/Coprocessador_V3 (SE DEUS QUISER A ULTIMA)/motor_sprite.v Line: 35
Info (10041): Inferred latch for "oam_x[11][8]" at motor_sprite.v(35) File: C:/Users/kmbma/Documents/Arquitetura e MI/Final/Coprocessador_V5 Caio Menos Bugs/Coprocessador_V5/Coprocessador_V3 (SE DEUS QUISER A ULTIMA)/motor_sprite.v Line: 35
Info (10041): Inferred latch for "oam_x[10][0]" at motor_sprite.v(35) File: C:/Users/kmbma/Documents/Arquitetura e MI/Final/Coprocessador_V5 Caio Menos Bugs/Coprocessador_V5/Coprocessador_V3 (SE DEUS QUISER A ULTIMA)/motor_sprite.v Line: 35
Info (10041): Inferred latch for "oam_x[10][1]" at motor_sprite.v(35) File: C:/Users/kmbma/Documents/Arquitetura e MI/Final/Coprocessador_V5 Caio Menos Bugs/Coprocessador_V5/Coprocessador_V3 (SE DEUS QUISER A ULTIMA)/motor_sprite.v Line: 35
Info (10041): Inferred latch for "oam_x[10][2]" at motor_sprite.v(35) File: C:/Users/kmbma/Documents/Arquitetura e MI/Final/Coprocessador_V5 Caio Menos Bugs/Coprocessador_V5/Coprocessador_V3 (SE DEUS QUISER A ULTIMA)/motor_sprite.v Line: 35
Info (10041): Inferred latch for "oam_x[10][3]" at motor_sprite.v(35) File: C:/Users/kmbma/Documents/Arquitetura e MI/Final/Coprocessador_V5 Caio Menos Bugs/Coprocessador_V5/Coprocessador_V3 (SE DEUS QUISER A ULTIMA)/motor_sprite.v Line: 35
Info (10041): Inferred latch for "oam_x[10][4]" at motor_sprite.v(35) File: C:/Users/kmbma/Documents/Arquitetura e MI/Final/Coprocessador_V5 Caio Menos Bugs/Coprocessador_V5/Coprocessador_V3 (SE DEUS QUISER A ULTIMA)/motor_sprite.v Line: 35
Info (10041): Inferred latch for "oam_x[10][5]" at motor_sprite.v(35) File: C:/Users/kmbma/Documents/Arquitetura e MI/Final/Coprocessador_V5 Caio Menos Bugs/Coprocessador_V5/Coprocessador_V3 (SE DEUS QUISER A ULTIMA)/motor_sprite.v Line: 35
Info (10041): Inferred latch for "oam_x[10][6]" at motor_sprite.v(35) File: C:/Users/kmbma/Documents/Arquitetura e MI/Final/Coprocessador_V5 Caio Menos Bugs/Coprocessador_V5/Coprocessador_V3 (SE DEUS QUISER A ULTIMA)/motor_sprite.v Line: 35
Info (10041): Inferred latch for "oam_x[10][7]" at motor_sprite.v(35) File: C:/Users/kmbma/Documents/Arquitetura e MI/Final/Coprocessador_V5 Caio Menos Bugs/Coprocessador_V5/Coprocessador_V3 (SE DEUS QUISER A ULTIMA)/motor_sprite.v Line: 35
Info (10041): Inferred latch for "oam_x[10][8]" at motor_sprite.v(35) File: C:/Users/kmbma/Documents/Arquitetura e MI/Final/Coprocessador_V5 Caio Menos Bugs/Coprocessador_V5/Coprocessador_V3 (SE DEUS QUISER A ULTIMA)/motor_sprite.v Line: 35
Info (10041): Inferred latch for "oam_x[9][0]" at motor_sprite.v(35) File: C:/Users/kmbma/Documents/Arquitetura e MI/Final/Coprocessador_V5 Caio Menos Bugs/Coprocessador_V5/Coprocessador_V3 (SE DEUS QUISER A ULTIMA)/motor_sprite.v Line: 35
Info (10041): Inferred latch for "oam_x[9][1]" at motor_sprite.v(35) File: C:/Users/kmbma/Documents/Arquitetura e MI/Final/Coprocessador_V5 Caio Menos Bugs/Coprocessador_V5/Coprocessador_V3 (SE DEUS QUISER A ULTIMA)/motor_sprite.v Line: 35
Info (10041): Inferred latch for "oam_x[9][2]" at motor_sprite.v(35) File: C:/Users/kmbma/Documents/Arquitetura e MI/Final/Coprocessador_V5 Caio Menos Bugs/Coprocessador_V5/Coprocessador_V3 (SE DEUS QUISER A ULTIMA)/motor_sprite.v Line: 35
Info (10041): Inferred latch for "oam_x[9][3]" at motor_sprite.v(35) File: C:/Users/kmbma/Documents/Arquitetura e MI/Final/Coprocessador_V5 Caio Menos Bugs/Coprocessador_V5/Coprocessador_V3 (SE DEUS QUISER A ULTIMA)/motor_sprite.v Line: 35
Info (10041): Inferred latch for "oam_x[9][4]" at motor_sprite.v(35) File: C:/Users/kmbma/Documents/Arquitetura e MI/Final/Coprocessador_V5 Caio Menos Bugs/Coprocessador_V5/Coprocessador_V3 (SE DEUS QUISER A ULTIMA)/motor_sprite.v Line: 35
Info (10041): Inferred latch for "oam_x[9][5]" at motor_sprite.v(35) File: C:/Users/kmbma/Documents/Arquitetura e MI/Final/Coprocessador_V5 Caio Menos Bugs/Coprocessador_V5/Coprocessador_V3 (SE DEUS QUISER A ULTIMA)/motor_sprite.v Line: 35
Info (10041): Inferred latch for "oam_x[9][6]" at motor_sprite.v(35) File: C:/Users/kmbma/Documents/Arquitetura e MI/Final/Coprocessador_V5 Caio Menos Bugs/Coprocessador_V5/Coprocessador_V3 (SE DEUS QUISER A ULTIMA)/motor_sprite.v Line: 35
Info (10041): Inferred latch for "oam_x[9][7]" at motor_sprite.v(35) File: C:/Users/kmbma/Documents/Arquitetura e MI/Final/Coprocessador_V5 Caio Menos Bugs/Coprocessador_V5/Coprocessador_V3 (SE DEUS QUISER A ULTIMA)/motor_sprite.v Line: 35
Info (10041): Inferred latch for "oam_x[9][8]" at motor_sprite.v(35) File: C:/Users/kmbma/Documents/Arquitetura e MI/Final/Coprocessador_V5 Caio Menos Bugs/Coprocessador_V5/Coprocessador_V3 (SE DEUS QUISER A ULTIMA)/motor_sprite.v Line: 35
Info (10041): Inferred latch for "oam_x[8][0]" at motor_sprite.v(35) File: C:/Users/kmbma/Documents/Arquitetura e MI/Final/Coprocessador_V5 Caio Menos Bugs/Coprocessador_V5/Coprocessador_V3 (SE DEUS QUISER A ULTIMA)/motor_sprite.v Line: 35
Info (10041): Inferred latch for "oam_x[8][1]" at motor_sprite.v(35) File: C:/Users/kmbma/Documents/Arquitetura e MI/Final/Coprocessador_V5 Caio Menos Bugs/Coprocessador_V5/Coprocessador_V3 (SE DEUS QUISER A ULTIMA)/motor_sprite.v Line: 35
Info (10041): Inferred latch for "oam_x[8][2]" at motor_sprite.v(35) File: C:/Users/kmbma/Documents/Arquitetura e MI/Final/Coprocessador_V5 Caio Menos Bugs/Coprocessador_V5/Coprocessador_V3 (SE DEUS QUISER A ULTIMA)/motor_sprite.v Line: 35
Info (10041): Inferred latch for "oam_x[8][3]" at motor_sprite.v(35) File: C:/Users/kmbma/Documents/Arquitetura e MI/Final/Coprocessador_V5 Caio Menos Bugs/Coprocessador_V5/Coprocessador_V3 (SE DEUS QUISER A ULTIMA)/motor_sprite.v Line: 35
Info (10041): Inferred latch for "oam_x[8][4]" at motor_sprite.v(35) File: C:/Users/kmbma/Documents/Arquitetura e MI/Final/Coprocessador_V5 Caio Menos Bugs/Coprocessador_V5/Coprocessador_V3 (SE DEUS QUISER A ULTIMA)/motor_sprite.v Line: 35
Info (10041): Inferred latch for "oam_x[8][5]" at motor_sprite.v(35) File: C:/Users/kmbma/Documents/Arquitetura e MI/Final/Coprocessador_V5 Caio Menos Bugs/Coprocessador_V5/Coprocessador_V3 (SE DEUS QUISER A ULTIMA)/motor_sprite.v Line: 35
Info (10041): Inferred latch for "oam_x[8][6]" at motor_sprite.v(35) File: C:/Users/kmbma/Documents/Arquitetura e MI/Final/Coprocessador_V5 Caio Menos Bugs/Coprocessador_V5/Coprocessador_V3 (SE DEUS QUISER A ULTIMA)/motor_sprite.v Line: 35
Info (10041): Inferred latch for "oam_x[8][7]" at motor_sprite.v(35) File: C:/Users/kmbma/Documents/Arquitetura e MI/Final/Coprocessador_V5 Caio Menos Bugs/Coprocessador_V5/Coprocessador_V3 (SE DEUS QUISER A ULTIMA)/motor_sprite.v Line: 35
Info (10041): Inferred latch for "oam_x[8][8]" at motor_sprite.v(35) File: C:/Users/kmbma/Documents/Arquitetura e MI/Final/Coprocessador_V5 Caio Menos Bugs/Coprocessador_V5/Coprocessador_V3 (SE DEUS QUISER A ULTIMA)/motor_sprite.v Line: 35
Info (10041): Inferred latch for "oam_x[7][0]" at motor_sprite.v(35) File: C:/Users/kmbma/Documents/Arquitetura e MI/Final/Coprocessador_V5 Caio Menos Bugs/Coprocessador_V5/Coprocessador_V3 (SE DEUS QUISER A ULTIMA)/motor_sprite.v Line: 35
Info (10041): Inferred latch for "oam_x[7][1]" at motor_sprite.v(35) File: C:/Users/kmbma/Documents/Arquitetura e MI/Final/Coprocessador_V5 Caio Menos Bugs/Coprocessador_V5/Coprocessador_V3 (SE DEUS QUISER A ULTIMA)/motor_sprite.v Line: 35
Info (10041): Inferred latch for "oam_x[7][2]" at motor_sprite.v(35) File: C:/Users/kmbma/Documents/Arquitetura e MI/Final/Coprocessador_V5 Caio Menos Bugs/Coprocessador_V5/Coprocessador_V3 (SE DEUS QUISER A ULTIMA)/motor_sprite.v Line: 35
Info (10041): Inferred latch for "oam_x[7][3]" at motor_sprite.v(35) File: C:/Users/kmbma/Documents/Arquitetura e MI/Final/Coprocessador_V5 Caio Menos Bugs/Coprocessador_V5/Coprocessador_V3 (SE DEUS QUISER A ULTIMA)/motor_sprite.v Line: 35
Info (10041): Inferred latch for "oam_x[7][4]" at motor_sprite.v(35) File: C:/Users/kmbma/Documents/Arquitetura e MI/Final/Coprocessador_V5 Caio Menos Bugs/Coprocessador_V5/Coprocessador_V3 (SE DEUS QUISER A ULTIMA)/motor_sprite.v Line: 35
Info (10041): Inferred latch for "oam_x[7][5]" at motor_sprite.v(35) File: C:/Users/kmbma/Documents/Arquitetura e MI/Final/Coprocessador_V5 Caio Menos Bugs/Coprocessador_V5/Coprocessador_V3 (SE DEUS QUISER A ULTIMA)/motor_sprite.v Line: 35
Info (10041): Inferred latch for "oam_x[7][6]" at motor_sprite.v(35) File: C:/Users/kmbma/Documents/Arquitetura e MI/Final/Coprocessador_V5 Caio Menos Bugs/Coprocessador_V5/Coprocessador_V3 (SE DEUS QUISER A ULTIMA)/motor_sprite.v Line: 35
Info (10041): Inferred latch for "oam_x[7][7]" at motor_sprite.v(35) File: C:/Users/kmbma/Documents/Arquitetura e MI/Final/Coprocessador_V5 Caio Menos Bugs/Coprocessador_V5/Coprocessador_V3 (SE DEUS QUISER A ULTIMA)/motor_sprite.v Line: 35
Info (10041): Inferred latch for "oam_x[7][8]" at motor_sprite.v(35) File: C:/Users/kmbma/Documents/Arquitetura e MI/Final/Coprocessador_V5 Caio Menos Bugs/Coprocessador_V5/Coprocessador_V3 (SE DEUS QUISER A ULTIMA)/motor_sprite.v Line: 35
Info (10041): Inferred latch for "oam_x[6][0]" at motor_sprite.v(35) File: C:/Users/kmbma/Documents/Arquitetura e MI/Final/Coprocessador_V5 Caio Menos Bugs/Coprocessador_V5/Coprocessador_V3 (SE DEUS QUISER A ULTIMA)/motor_sprite.v Line: 35
Info (10041): Inferred latch for "oam_x[6][1]" at motor_sprite.v(35) File: C:/Users/kmbma/Documents/Arquitetura e MI/Final/Coprocessador_V5 Caio Menos Bugs/Coprocessador_V5/Coprocessador_V3 (SE DEUS QUISER A ULTIMA)/motor_sprite.v Line: 35
Info (10041): Inferred latch for "oam_x[6][2]" at motor_sprite.v(35) File: C:/Users/kmbma/Documents/Arquitetura e MI/Final/Coprocessador_V5 Caio Menos Bugs/Coprocessador_V5/Coprocessador_V3 (SE DEUS QUISER A ULTIMA)/motor_sprite.v Line: 35
Info (10041): Inferred latch for "oam_x[6][3]" at motor_sprite.v(35) File: C:/Users/kmbma/Documents/Arquitetura e MI/Final/Coprocessador_V5 Caio Menos Bugs/Coprocessador_V5/Coprocessador_V3 (SE DEUS QUISER A ULTIMA)/motor_sprite.v Line: 35
Info (10041): Inferred latch for "oam_x[6][4]" at motor_sprite.v(35) File: C:/Users/kmbma/Documents/Arquitetura e MI/Final/Coprocessador_V5 Caio Menos Bugs/Coprocessador_V5/Coprocessador_V3 (SE DEUS QUISER A ULTIMA)/motor_sprite.v Line: 35
Info (10041): Inferred latch for "oam_x[6][5]" at motor_sprite.v(35) File: C:/Users/kmbma/Documents/Arquitetura e MI/Final/Coprocessador_V5 Caio Menos Bugs/Coprocessador_V5/Coprocessador_V3 (SE DEUS QUISER A ULTIMA)/motor_sprite.v Line: 35
Info (10041): Inferred latch for "oam_x[6][6]" at motor_sprite.v(35) File: C:/Users/kmbma/Documents/Arquitetura e MI/Final/Coprocessador_V5 Caio Menos Bugs/Coprocessador_V5/Coprocessador_V3 (SE DEUS QUISER A ULTIMA)/motor_sprite.v Line: 35
Info (10041): Inferred latch for "oam_x[6][7]" at motor_sprite.v(35) File: C:/Users/kmbma/Documents/Arquitetura e MI/Final/Coprocessador_V5 Caio Menos Bugs/Coprocessador_V5/Coprocessador_V3 (SE DEUS QUISER A ULTIMA)/motor_sprite.v Line: 35
Info (10041): Inferred latch for "oam_x[6][8]" at motor_sprite.v(35) File: C:/Users/kmbma/Documents/Arquitetura e MI/Final/Coprocessador_V5 Caio Menos Bugs/Coprocessador_V5/Coprocessador_V3 (SE DEUS QUISER A ULTIMA)/motor_sprite.v Line: 35
Info (10041): Inferred latch for "oam_x[5][0]" at motor_sprite.v(35) File: C:/Users/kmbma/Documents/Arquitetura e MI/Final/Coprocessador_V5 Caio Menos Bugs/Coprocessador_V5/Coprocessador_V3 (SE DEUS QUISER A ULTIMA)/motor_sprite.v Line: 35
Info (10041): Inferred latch for "oam_x[5][1]" at motor_sprite.v(35) File: C:/Users/kmbma/Documents/Arquitetura e MI/Final/Coprocessador_V5 Caio Menos Bugs/Coprocessador_V5/Coprocessador_V3 (SE DEUS QUISER A ULTIMA)/motor_sprite.v Line: 35
Info (10041): Inferred latch for "oam_x[5][2]" at motor_sprite.v(35) File: C:/Users/kmbma/Documents/Arquitetura e MI/Final/Coprocessador_V5 Caio Menos Bugs/Coprocessador_V5/Coprocessador_V3 (SE DEUS QUISER A ULTIMA)/motor_sprite.v Line: 35
Info (10041): Inferred latch for "oam_x[5][3]" at motor_sprite.v(35) File: C:/Users/kmbma/Documents/Arquitetura e MI/Final/Coprocessador_V5 Caio Menos Bugs/Coprocessador_V5/Coprocessador_V3 (SE DEUS QUISER A ULTIMA)/motor_sprite.v Line: 35
Info (10041): Inferred latch for "oam_x[5][4]" at motor_sprite.v(35) File: C:/Users/kmbma/Documents/Arquitetura e MI/Final/Coprocessador_V5 Caio Menos Bugs/Coprocessador_V5/Coprocessador_V3 (SE DEUS QUISER A ULTIMA)/motor_sprite.v Line: 35
Info (10041): Inferred latch for "oam_x[5][5]" at motor_sprite.v(35) File: C:/Users/kmbma/Documents/Arquitetura e MI/Final/Coprocessador_V5 Caio Menos Bugs/Coprocessador_V5/Coprocessador_V3 (SE DEUS QUISER A ULTIMA)/motor_sprite.v Line: 35
Info (10041): Inferred latch for "oam_x[5][6]" at motor_sprite.v(35) File: C:/Users/kmbma/Documents/Arquitetura e MI/Final/Coprocessador_V5 Caio Menos Bugs/Coprocessador_V5/Coprocessador_V3 (SE DEUS QUISER A ULTIMA)/motor_sprite.v Line: 35
Info (10041): Inferred latch for "oam_x[5][7]" at motor_sprite.v(35) File: C:/Users/kmbma/Documents/Arquitetura e MI/Final/Coprocessador_V5 Caio Menos Bugs/Coprocessador_V5/Coprocessador_V3 (SE DEUS QUISER A ULTIMA)/motor_sprite.v Line: 35
Info (10041): Inferred latch for "oam_x[5][8]" at motor_sprite.v(35) File: C:/Users/kmbma/Documents/Arquitetura e MI/Final/Coprocessador_V5 Caio Menos Bugs/Coprocessador_V5/Coprocessador_V3 (SE DEUS QUISER A ULTIMA)/motor_sprite.v Line: 35
Info (10041): Inferred latch for "oam_x[4][0]" at motor_sprite.v(35) File: C:/Users/kmbma/Documents/Arquitetura e MI/Final/Coprocessador_V5 Caio Menos Bugs/Coprocessador_V5/Coprocessador_V3 (SE DEUS QUISER A ULTIMA)/motor_sprite.v Line: 35
Info (10041): Inferred latch for "oam_x[4][1]" at motor_sprite.v(35) File: C:/Users/kmbma/Documents/Arquitetura e MI/Final/Coprocessador_V5 Caio Menos Bugs/Coprocessador_V5/Coprocessador_V3 (SE DEUS QUISER A ULTIMA)/motor_sprite.v Line: 35
Info (10041): Inferred latch for "oam_x[4][2]" at motor_sprite.v(35) File: C:/Users/kmbma/Documents/Arquitetura e MI/Final/Coprocessador_V5 Caio Menos Bugs/Coprocessador_V5/Coprocessador_V3 (SE DEUS QUISER A ULTIMA)/motor_sprite.v Line: 35
Info (10041): Inferred latch for "oam_x[4][3]" at motor_sprite.v(35) File: C:/Users/kmbma/Documents/Arquitetura e MI/Final/Coprocessador_V5 Caio Menos Bugs/Coprocessador_V5/Coprocessador_V3 (SE DEUS QUISER A ULTIMA)/motor_sprite.v Line: 35
Info (10041): Inferred latch for "oam_x[4][4]" at motor_sprite.v(35) File: C:/Users/kmbma/Documents/Arquitetura e MI/Final/Coprocessador_V5 Caio Menos Bugs/Coprocessador_V5/Coprocessador_V3 (SE DEUS QUISER A ULTIMA)/motor_sprite.v Line: 35
Info (10041): Inferred latch for "oam_x[4][5]" at motor_sprite.v(35) File: C:/Users/kmbma/Documents/Arquitetura e MI/Final/Coprocessador_V5 Caio Menos Bugs/Coprocessador_V5/Coprocessador_V3 (SE DEUS QUISER A ULTIMA)/motor_sprite.v Line: 35
Info (10041): Inferred latch for "oam_x[4][6]" at motor_sprite.v(35) File: C:/Users/kmbma/Documents/Arquitetura e MI/Final/Coprocessador_V5 Caio Menos Bugs/Coprocessador_V5/Coprocessador_V3 (SE DEUS QUISER A ULTIMA)/motor_sprite.v Line: 35
Info (10041): Inferred latch for "oam_x[4][7]" at motor_sprite.v(35) File: C:/Users/kmbma/Documents/Arquitetura e MI/Final/Coprocessador_V5 Caio Menos Bugs/Coprocessador_V5/Coprocessador_V3 (SE DEUS QUISER A ULTIMA)/motor_sprite.v Line: 35
Info (10041): Inferred latch for "oam_x[4][8]" at motor_sprite.v(35) File: C:/Users/kmbma/Documents/Arquitetura e MI/Final/Coprocessador_V5 Caio Menos Bugs/Coprocessador_V5/Coprocessador_V3 (SE DEUS QUISER A ULTIMA)/motor_sprite.v Line: 35
Info (10041): Inferred latch for "oam_x[3][0]" at motor_sprite.v(35) File: C:/Users/kmbma/Documents/Arquitetura e MI/Final/Coprocessador_V5 Caio Menos Bugs/Coprocessador_V5/Coprocessador_V3 (SE DEUS QUISER A ULTIMA)/motor_sprite.v Line: 35
Info (10041): Inferred latch for "oam_x[3][1]" at motor_sprite.v(35) File: C:/Users/kmbma/Documents/Arquitetura e MI/Final/Coprocessador_V5 Caio Menos Bugs/Coprocessador_V5/Coprocessador_V3 (SE DEUS QUISER A ULTIMA)/motor_sprite.v Line: 35
Info (10041): Inferred latch for "oam_x[3][2]" at motor_sprite.v(35) File: C:/Users/kmbma/Documents/Arquitetura e MI/Final/Coprocessador_V5 Caio Menos Bugs/Coprocessador_V5/Coprocessador_V3 (SE DEUS QUISER A ULTIMA)/motor_sprite.v Line: 35
Info (10041): Inferred latch for "oam_x[3][3]" at motor_sprite.v(35) File: C:/Users/kmbma/Documents/Arquitetura e MI/Final/Coprocessador_V5 Caio Menos Bugs/Coprocessador_V5/Coprocessador_V3 (SE DEUS QUISER A ULTIMA)/motor_sprite.v Line: 35
Info (10041): Inferred latch for "oam_x[3][4]" at motor_sprite.v(35) File: C:/Users/kmbma/Documents/Arquitetura e MI/Final/Coprocessador_V5 Caio Menos Bugs/Coprocessador_V5/Coprocessador_V3 (SE DEUS QUISER A ULTIMA)/motor_sprite.v Line: 35
Info (10041): Inferred latch for "oam_x[3][5]" at motor_sprite.v(35) File: C:/Users/kmbma/Documents/Arquitetura e MI/Final/Coprocessador_V5 Caio Menos Bugs/Coprocessador_V5/Coprocessador_V3 (SE DEUS QUISER A ULTIMA)/motor_sprite.v Line: 35
Info (10041): Inferred latch for "oam_x[3][6]" at motor_sprite.v(35) File: C:/Users/kmbma/Documents/Arquitetura e MI/Final/Coprocessador_V5 Caio Menos Bugs/Coprocessador_V5/Coprocessador_V3 (SE DEUS QUISER A ULTIMA)/motor_sprite.v Line: 35
Info (10041): Inferred latch for "oam_x[3][7]" at motor_sprite.v(35) File: C:/Users/kmbma/Documents/Arquitetura e MI/Final/Coprocessador_V5 Caio Menos Bugs/Coprocessador_V5/Coprocessador_V3 (SE DEUS QUISER A ULTIMA)/motor_sprite.v Line: 35
Info (10041): Inferred latch for "oam_x[3][8]" at motor_sprite.v(35) File: C:/Users/kmbma/Documents/Arquitetura e MI/Final/Coprocessador_V5 Caio Menos Bugs/Coprocessador_V5/Coprocessador_V3 (SE DEUS QUISER A ULTIMA)/motor_sprite.v Line: 35
Info (10041): Inferred latch for "oam_x[2][0]" at motor_sprite.v(35) File: C:/Users/kmbma/Documents/Arquitetura e MI/Final/Coprocessador_V5 Caio Menos Bugs/Coprocessador_V5/Coprocessador_V3 (SE DEUS QUISER A ULTIMA)/motor_sprite.v Line: 35
Info (10041): Inferred latch for "oam_x[2][1]" at motor_sprite.v(35) File: C:/Users/kmbma/Documents/Arquitetura e MI/Final/Coprocessador_V5 Caio Menos Bugs/Coprocessador_V5/Coprocessador_V3 (SE DEUS QUISER A ULTIMA)/motor_sprite.v Line: 35
Info (10041): Inferred latch for "oam_x[2][2]" at motor_sprite.v(35) File: C:/Users/kmbma/Documents/Arquitetura e MI/Final/Coprocessador_V5 Caio Menos Bugs/Coprocessador_V5/Coprocessador_V3 (SE DEUS QUISER A ULTIMA)/motor_sprite.v Line: 35
Info (10041): Inferred latch for "oam_x[2][3]" at motor_sprite.v(35) File: C:/Users/kmbma/Documents/Arquitetura e MI/Final/Coprocessador_V5 Caio Menos Bugs/Coprocessador_V5/Coprocessador_V3 (SE DEUS QUISER A ULTIMA)/motor_sprite.v Line: 35
Info (10041): Inferred latch for "oam_x[2][4]" at motor_sprite.v(35) File: C:/Users/kmbma/Documents/Arquitetura e MI/Final/Coprocessador_V5 Caio Menos Bugs/Coprocessador_V5/Coprocessador_V3 (SE DEUS QUISER A ULTIMA)/motor_sprite.v Line: 35
Info (10041): Inferred latch for "oam_x[2][5]" at motor_sprite.v(35) File: C:/Users/kmbma/Documents/Arquitetura e MI/Final/Coprocessador_V5 Caio Menos Bugs/Coprocessador_V5/Coprocessador_V3 (SE DEUS QUISER A ULTIMA)/motor_sprite.v Line: 35
Info (10041): Inferred latch for "oam_x[2][6]" at motor_sprite.v(35) File: C:/Users/kmbma/Documents/Arquitetura e MI/Final/Coprocessador_V5 Caio Menos Bugs/Coprocessador_V5/Coprocessador_V3 (SE DEUS QUISER A ULTIMA)/motor_sprite.v Line: 35
Info (10041): Inferred latch for "oam_x[2][7]" at motor_sprite.v(35) File: C:/Users/kmbma/Documents/Arquitetura e MI/Final/Coprocessador_V5 Caio Menos Bugs/Coprocessador_V5/Coprocessador_V3 (SE DEUS QUISER A ULTIMA)/motor_sprite.v Line: 35
Info (10041): Inferred latch for "oam_x[2][8]" at motor_sprite.v(35) File: C:/Users/kmbma/Documents/Arquitetura e MI/Final/Coprocessador_V5 Caio Menos Bugs/Coprocessador_V5/Coprocessador_V3 (SE DEUS QUISER A ULTIMA)/motor_sprite.v Line: 35
Info (10041): Inferred latch for "oam_x[1][0]" at motor_sprite.v(35) File: C:/Users/kmbma/Documents/Arquitetura e MI/Final/Coprocessador_V5 Caio Menos Bugs/Coprocessador_V5/Coprocessador_V3 (SE DEUS QUISER A ULTIMA)/motor_sprite.v Line: 35
Info (10041): Inferred latch for "oam_x[1][1]" at motor_sprite.v(35) File: C:/Users/kmbma/Documents/Arquitetura e MI/Final/Coprocessador_V5 Caio Menos Bugs/Coprocessador_V5/Coprocessador_V3 (SE DEUS QUISER A ULTIMA)/motor_sprite.v Line: 35
Info (10041): Inferred latch for "oam_x[1][2]" at motor_sprite.v(35) File: C:/Users/kmbma/Documents/Arquitetura e MI/Final/Coprocessador_V5 Caio Menos Bugs/Coprocessador_V5/Coprocessador_V3 (SE DEUS QUISER A ULTIMA)/motor_sprite.v Line: 35
Info (10041): Inferred latch for "oam_x[1][3]" at motor_sprite.v(35) File: C:/Users/kmbma/Documents/Arquitetura e MI/Final/Coprocessador_V5 Caio Menos Bugs/Coprocessador_V5/Coprocessador_V3 (SE DEUS QUISER A ULTIMA)/motor_sprite.v Line: 35
Info (10041): Inferred latch for "oam_x[1][4]" at motor_sprite.v(35) File: C:/Users/kmbma/Documents/Arquitetura e MI/Final/Coprocessador_V5 Caio Menos Bugs/Coprocessador_V5/Coprocessador_V3 (SE DEUS QUISER A ULTIMA)/motor_sprite.v Line: 35
Info (10041): Inferred latch for "oam_x[1][5]" at motor_sprite.v(35) File: C:/Users/kmbma/Documents/Arquitetura e MI/Final/Coprocessador_V5 Caio Menos Bugs/Coprocessador_V5/Coprocessador_V3 (SE DEUS QUISER A ULTIMA)/motor_sprite.v Line: 35
Info (10041): Inferred latch for "oam_x[1][6]" at motor_sprite.v(35) File: C:/Users/kmbma/Documents/Arquitetura e MI/Final/Coprocessador_V5 Caio Menos Bugs/Coprocessador_V5/Coprocessador_V3 (SE DEUS QUISER A ULTIMA)/motor_sprite.v Line: 35
Info (10041): Inferred latch for "oam_x[1][7]" at motor_sprite.v(35) File: C:/Users/kmbma/Documents/Arquitetura e MI/Final/Coprocessador_V5 Caio Menos Bugs/Coprocessador_V5/Coprocessador_V3 (SE DEUS QUISER A ULTIMA)/motor_sprite.v Line: 35
Info (10041): Inferred latch for "oam_x[1][8]" at motor_sprite.v(35) File: C:/Users/kmbma/Documents/Arquitetura e MI/Final/Coprocessador_V5 Caio Menos Bugs/Coprocessador_V5/Coprocessador_V3 (SE DEUS QUISER A ULTIMA)/motor_sprite.v Line: 35
Info (12128): Elaborating entity "rasterizador_poligonos" for hierarchy "top_coprocessador:meu_nucleo_grafico|rasterizador_poligonos:u_poly_raster" File: C:/Users/kmbma/Documents/Arquitetura e MI/Final/Coprocessador_V5 Caio Menos Bugs/Coprocessador_V5/Coprocessador_V3 (SE DEUS QUISER A ULTIMA)/top_coprocessador.v Line: 185
Warning (14284): Synthesized away the following node(s):
    Warning (14285): Synthesized away the following RAM node(s):
        Warning (14320): Synthesized away node "top_coprocessador:meu_nucleo_grafico|rom_memoria2:u_sprites_rom|altsyncram:altsyncram_component|altsyncram_vga2:auto_generated|ram_block1a8" File: C:/Users/kmbma/Documents/Arquitetura e MI/Final/Coprocessador_V5 Caio Menos Bugs/Coprocessador_V5/Coprocessador_V3 (SE DEUS QUISER A ULTIMA)/db/altsyncram_vga2.tdf Line: 349
        Warning (14320): Synthesized away node "top_coprocessador:meu_nucleo_grafico|rom_memoria2:u_sprites_rom|altsyncram:altsyncram_component|altsyncram_vga2:auto_generated|ram_block1a9" File: C:/Users/kmbma/Documents/Arquitetura e MI/Final/Coprocessador_V5 Caio Menos Bugs/Coprocessador_V5/Coprocessador_V3 (SE DEUS QUISER A ULTIMA)/db/altsyncram_vga2.tdf Line: 386
        Warning (14320): Synthesized away node "top_coprocessador:meu_nucleo_grafico|rom_memoria2:u_sprites_rom|altsyncram:altsyncram_component|altsyncram_vga2:auto_generated|ram_block1a10" File: C:/Users/kmbma/Documents/Arquitetura e MI/Final/Coprocessador_V5 Caio Menos Bugs/Coprocessador_V5/Coprocessador_V3 (SE DEUS QUISER A ULTIMA)/db/altsyncram_vga2.tdf Line: 423
        Warning (14320): Synthesized away node "top_coprocessador:meu_nucleo_grafico|rom_memoria2:u_sprites_rom|altsyncram:altsyncram_component|altsyncram_vga2:auto_generated|ram_block1a11" File: C:/Users/kmbma/Documents/Arquitetura e MI/Final/Coprocessador_V5 Caio Menos Bugs/Coprocessador_V5/Coprocessador_V3 (SE DEUS QUISER A ULTIMA)/db/altsyncram_vga2.tdf Line: 460
        Warning (14320): Synthesized away node "top_coprocessador:meu_nucleo_grafico|rom_memoria2:u_sprites_rom|altsyncram:altsyncram_component|altsyncram_vga2:auto_generated|ram_block1a12" File: C:/Users/kmbma/Documents/Arquitetura e MI/Final/Coprocessador_V5 Caio Menos Bugs/Coprocessador_V5/Coprocessador_V3 (SE DEUS QUISER A ULTIMA)/db/altsyncram_vga2.tdf Line: 497
        Warning (14320): Synthesized away node "top_coprocessador:meu_nucleo_grafico|rom_memoria2:u_sprites_rom|altsyncram:altsyncram_component|altsyncram_vga2:auto_generated|ram_block1a13" File: C:/Users/kmbma/Documents/Arquitetura e MI/Final/Coprocessador_V5 Caio Menos Bugs/Coprocessador_V5/Coprocessador_V3 (SE DEUS QUISER A ULTIMA)/db/altsyncram_vga2.tdf Line: 534
        Warning (14320): Synthesized away node "top_coprocessador:meu_nucleo_grafico|rom_memoria2:u_sprites_rom|altsyncram:altsyncram_component|altsyncram_vga2:auto_generated|ram_block1a14" File: C:/Users/kmbma/Documents/Arquitetura e MI/Final/Coprocessador_V5 Caio Menos Bugs/Coprocessador_V5/Coprocessador_V3 (SE DEUS QUISER A ULTIMA)/db/altsyncram_vga2.tdf Line: 571
        Warning (14320): Synthesized away node "top_coprocessador:meu_nucleo_grafico|rom_memoria2:u_sprites_rom|altsyncram:altsyncram_component|altsyncram_vga2:auto_generated|ram_block1a15" File: C:/Users/kmbma/Documents/Arquitetura e MI/Final/Coprocessador_V5 Caio Menos Bugs/Coprocessador_V5/Coprocessador_V3 (SE DEUS QUISER A ULTIMA)/db/altsyncram_vga2.tdf Line: 608
Warning (13039): The following bidirectional pins have no drivers
    Warning (13040): bidirectional pin "AUD_ADCLRCK" has no driver File: C:/Users/kmbma/Documents/Arquitetura e MI/Final/Coprocessador_V5 Caio Menos Bugs/Coprocessador_V5/Coprocessador_V3 (SE DEUS QUISER A ULTIMA)/DE1_SOC_golden_top.v Line: 70
    Warning (13040): bidirectional pin "AUD_BCLK" has no driver File: C:/Users/kmbma/Documents/Arquitetura e MI/Final/Coprocessador_V5 Caio Menos Bugs/Coprocessador_V5/Coprocessador_V3 (SE DEUS QUISER A ULTIMA)/DE1_SOC_golden_top.v Line: 71
    Warning (13040): bidirectional pin "AUD_DACLRCK" has no driver File: C:/Users/kmbma/Documents/Arquitetura e MI/Final/Coprocessador_V5 Caio Menos Bugs/Coprocessador_V5/Coprocessador_V3 (SE DEUS QUISER A ULTIMA)/DE1_SOC_golden_top.v Line: 73
    Warning (13040): bidirectional pin "DRAM_DQ[0]" has no driver File: C:/Users/kmbma/Documents/Arquitetura e MI/Final/Coprocessador_V5 Caio Menos Bugs/Coprocessador_V5/Coprocessador_V3 (SE DEUS QUISER A ULTIMA)/DE1_SOC_golden_top.v Line: 106
    Warning (13040): bidirectional pin "DRAM_DQ[1]" has no driver File: C:/Users/kmbma/Documents/Arquitetura e MI/Final/Coprocessador_V5 Caio Menos Bugs/Coprocessador_V5/Coprocessador_V3 (SE DEUS QUISER A ULTIMA)/DE1_SOC_golden_top.v Line: 106
    Warning (13040): bidirectional pin "DRAM_DQ[2]" has no driver File: C:/Users/kmbma/Documents/Arquitetura e MI/Final/Coprocessador_V5 Caio Menos Bugs/Coprocessador_V5/Coprocessador_V3 (SE DEUS QUISER A ULTIMA)/DE1_SOC_golden_top.v Line: 106
    Warning (13040): bidirectional pin "DRAM_DQ[3]" has no driver File: C:/Users/kmbma/Documents/Arquitetura e MI/Final/Coprocessador_V5 Caio Menos Bugs/Coprocessador_V5/Coprocessador_V3 (SE DEUS QUISER A ULTIMA)/DE1_SOC_golden_top.v Line: 106
    Warning (13040): bidirectional pin "DRAM_DQ[4]" has no driver File: C:/Users/kmbma/Documents/Arquitetura e MI/Final/Coprocessador_V5 Caio Menos Bugs/Coprocessador_V5/Coprocessador_V3 (SE DEUS QUISER A ULTIMA)/DE1_SOC_golden_top.v Line: 106
    Warning (13040): bidirectional pin "DRAM_DQ[5]" has no driver File: C:/Users/kmbma/Documents/Arquitetura e MI/Final/Coprocessador_V5 Caio Menos Bugs/Coprocessador_V5/Coprocessador_V3 (SE DEUS QUISER A ULTIMA)/DE1_SOC_golden_top.v Line: 106
    Warning (13040): bidirectional pin "DRAM_DQ[6]" has no driver File: C:/Users/kmbma/Documents/Arquitetura e MI/Final/Coprocessador_V5 Caio Menos Bugs/Coprocessador_V5/Coprocessador_V3 (SE DEUS QUISER A ULTIMA)/DE1_SOC_golden_top.v Line: 106
    Warning (13040): bidirectional pin "DRAM_DQ[7]" has no driver File: C:/Users/kmbma/Documents/Arquitetura e MI/Final/Coprocessador_V5 Caio Menos Bugs/Coprocessador_V5/Coprocessador_V3 (SE DEUS QUISER A ULTIMA)/DE1_SOC_golden_top.v Line: 106
    Warning (13040): bidirectional pin "DRAM_DQ[8]" has no driver File: C:/Users/kmbma/Documents/Arquitetura e MI/Final/Coprocessador_V5 Caio Menos Bugs/Coprocessador_V5/Coprocessador_V3 (SE DEUS QUISER A ULTIMA)/DE1_SOC_golden_top.v Line: 106
    Warning (13040): bidirectional pin "DRAM_DQ[9]" has no driver File: C:/Users/kmbma/Documents/Arquitetura e MI/Final/Coprocessador_V5 Caio Menos Bugs/Coprocessador_V5/Coprocessador_V3 (SE DEUS QUISER A ULTIMA)/DE1_SOC_golden_top.v Line: 106
    Warning (13040): bidirectional pin "DRAM_DQ[10]" has no driver File: C:/Users/kmbma/Documents/Arquitetura e MI/Final/Coprocessador_V5 Caio Menos Bugs/Coprocessador_V5/Coprocessador_V3 (SE DEUS QUISER A ULTIMA)/DE1_SOC_golden_top.v Line: 106
    Warning (13040): bidirectional pin "DRAM_DQ[11]" has no driver File: C:/Users/kmbma/Documents/Arquitetura e MI/Final/Coprocessador_V5 Caio Menos Bugs/Coprocessador_V5/Coprocessador_V3 (SE DEUS QUISER A ULTIMA)/DE1_SOC_golden_top.v Line: 106
    Warning (13040): bidirectional pin "DRAM_DQ[12]" has no driver File: C:/Users/kmbma/Documents/Arquitetura e MI/Final/Coprocessador_V5 Caio Menos Bugs/Coprocessador_V5/Coprocessador_V3 (SE DEUS QUISER A ULTIMA)/DE1_SOC_golden_top.v Line: 106
    Warning (13040): bidirectional pin "DRAM_DQ[13]" has no driver File: C:/Users/kmbma/Documents/Arquitetura e MI/Final/Coprocessador_V5 Caio Menos Bugs/Coprocessador_V5/Coprocessador_V3 (SE DEUS QUISER A ULTIMA)/DE1_SOC_golden_top.v Line: 106
    Warning (13040): bidirectional pin "DRAM_DQ[14]" has no driver File: C:/Users/kmbma/Documents/Arquitetura e MI/Final/Coprocessador_V5 Caio Menos Bugs/Coprocessador_V5/Coprocessador_V3 (SE DEUS QUISER A ULTIMA)/DE1_SOC_golden_top.v Line: 106
    Warning (13040): bidirectional pin "DRAM_DQ[15]" has no driver File: C:/Users/kmbma/Documents/Arquitetura e MI/Final/Coprocessador_V5 Caio Menos Bugs/Coprocessador_V5/Coprocessador_V3 (SE DEUS QUISER A ULTIMA)/DE1_SOC_golden_top.v Line: 106
    Warning (13040): bidirectional pin "FPGA_I2C_SDAT" has no driver File: C:/Users/kmbma/Documents/Arquitetura e MI/Final/Coprocessador_V5 Caio Menos Bugs/Coprocessador_V5/Coprocessador_V3 (SE DEUS QUISER A ULTIMA)/DE1_SOC_golden_top.v Line: 121
    Warning (13040): bidirectional pin "GPIO_0[0]" has no driver File: C:/Users/kmbma/Documents/Arquitetura e MI/Final/Coprocessador_V5 Caio Menos Bugs/Coprocessador_V5/Coprocessador_V3 (SE DEUS QUISER A ULTIMA)/DE1_SOC_golden_top.v Line: 126
    Warning (13040): bidirectional pin "GPIO_0[1]" has no driver File: C:/Users/kmbma/Documents/Arquitetura e MI/Final/Coprocessador_V5 Caio Menos Bugs/Coprocessador_V5/Coprocessador_V3 (SE DEUS QUISER A ULTIMA)/DE1_SOC_golden_top.v Line: 126
    Warning (13040): bidirectional pin "GPIO_0[2]" has no driver File: C:/Users/kmbma/Documents/Arquitetura e MI/Final/Coprocessador_V5 Caio Menos Bugs/Coprocessador_V5/Coprocessador_V3 (SE DEUS QUISER A ULTIMA)/DE1_SOC_golden_top.v Line: 126
    Warning (13040): bidirectional pin "GPIO_0[3]" has no driver File: C:/Users/kmbma/Documents/Arquitetura e MI/Final/Coprocessador_V5 Caio Menos Bugs/Coprocessador_V5/Coprocessador_V3 (SE DEUS QUISER A ULTIMA)/DE1_SOC_golden_top.v Line: 126
    Warning (13040): bidirectional pin "GPIO_0[4]" has no driver File: C:/Users/kmbma/Documents/Arquitetura e MI/Final/Coprocessador_V5 Caio Menos Bugs/Coprocessador_V5/Coprocessador_V3 (SE DEUS QUISER A ULTIMA)/DE1_SOC_golden_top.v Line: 126
    Warning (13040): bidirectional pin "GPIO_0[5]" has no driver File: C:/Users/kmbma/Documents/Arquitetura e MI/Final/Coprocessador_V5 Caio Menos Bugs/Coprocessador_V5/Coprocessador_V3 (SE DEUS QUISER A ULTIMA)/DE1_SOC_golden_top.v Line: 126
    Warning (13040): bidirectional pin "GPIO_0[6]" has no driver File: C:/Users/kmbma/Documents/Arquitetura e MI/Final/Coprocessador_V5 Caio Menos Bugs/Coprocessador_V5/Coprocessador_V3 (SE DEUS QUISER A ULTIMA)/DE1_SOC_golden_top.v Line: 126
    Warning (13040): bidirectional pin "GPIO_0[7]" has no driver File: C:/Users/kmbma/Documents/Arquitetura e MI/Final/Coprocessador_V5 Caio Menos Bugs/Coprocessador_V5/Coprocessador_V3 (SE DEUS QUISER A ULTIMA)/DE1_SOC_golden_top.v Line: 126
    Warning (13040): bidirectional pin "GPIO_0[8]" has no driver File: C:/Users/kmbma/Documents/Arquitetura e MI/Final/Coprocessador_V5 Caio Menos Bugs/Coprocessador_V5/Coprocessador_V3 (SE DEUS QUISER A ULTIMA)/DE1_SOC_golden_top.v Line: 126
    Warning (13040): bidirectional pin "GPIO_0[9]" has no driver File: C:/Users/kmbma/Documents/Arquitetura e MI/Final/Coprocessador_V5 Caio Menos Bugs/Coprocessador_V5/Coprocessador_V3 (SE DEUS QUISER A ULTIMA)/DE1_SOC_golden_top.v Line: 126
    Warning (13040): bidirectional pin "GPIO_0[10]" has no driver File: C:/Users/kmbma/Documents/Arquitetura e MI/Final/Coprocessador_V5 Caio Menos Bugs/Coprocessador_V5/Coprocessador_V3 (SE DEUS QUISER A ULTIMA)/DE1_SOC_golden_top.v Line: 126
    Warning (13040): bidirectional pin "GPIO_0[11]" has no driver File: C:/Users/kmbma/Documents/Arquitetura e MI/Final/Coprocessador_V5 Caio Menos Bugs/Coprocessador_V5/Coprocessador_V3 (SE DEUS QUISER A ULTIMA)/DE1_SOC_golden_top.v Line: 126
    Warning (13040): bidirectional pin "GPIO_0[12]" has no driver File: C:/Users/kmbma/Documents/Arquitetura e MI/Final/Coprocessador_V5 Caio Menos Bugs/Coprocessador_V5/Coprocessador_V3 (SE DEUS QUISER A ULTIMA)/DE1_SOC_golden_top.v Line: 126
    Warning (13040): bidirectional pin "GPIO_0[13]" has no driver File: C:/Users/kmbma/Documents/Arquitetura e MI/Final/Coprocessador_V5 Caio Menos Bugs/Coprocessador_V5/Coprocessador_V3 (SE DEUS QUISER A ULTIMA)/DE1_SOC_golden_top.v Line: 126
    Warning (13040): bidirectional pin "GPIO_0[14]" has no driver File: C:/Users/kmbma/Documents/Arquitetura e MI/Final/Coprocessador_V5 Caio Menos Bugs/Coprocessador_V5/Coprocessador_V3 (SE DEUS QUISER A ULTIMA)/DE1_SOC_golden_top.v Line: 126
    Warning (13040): bidirectional pin "GPIO_0[15]" has no driver File: C:/Users/kmbma/Documents/Arquitetura e MI/Final/Coprocessador_V5 Caio Menos Bugs/Coprocessador_V5/Coprocessador_V3 (SE DEUS QUISER A ULTIMA)/DE1_SOC_golden_top.v Line: 126
    Warning (13040): bidirectional pin "GPIO_0[16]" has no driver File: C:/Users/kmbma/Documents/Arquitetura e MI/Final/Coprocessador_V5 Caio Menos Bugs/Coprocessador_V5/Coprocessador_V3 (SE DEUS QUISER A ULTIMA)/DE1_SOC_golden_top.v Line: 126
    Warning (13040): bidirectional pin "GPIO_0[17]" has no driver File: C:/Users/kmbma/Documents/Arquitetura e MI/Final/Coprocessador_V5 Caio Menos Bugs/Coprocessador_V5/Coprocessador_V3 (SE DEUS QUISER A ULTIMA)/DE1_SOC_golden_top.v Line: 126
    Warning (13040): bidirectional pin "GPIO_0[18]" has no driver File: C:/Users/kmbma/Documents/Arquitetura e MI/Final/Coprocessador_V5 Caio Menos Bugs/Coprocessador_V5/Coprocessador_V3 (SE DEUS QUISER A ULTIMA)/DE1_SOC_golden_top.v Line: 126
    Warning (13040): bidirectional pin "GPIO_0[19]" has no driver File: C:/Users/kmbma/Documents/Arquitetura e MI/Final/Coprocessador_V5 Caio Menos Bugs/Coprocessador_V5/Coprocessador_V3 (SE DEUS QUISER A ULTIMA)/DE1_SOC_golden_top.v Line: 126
    Warning (13040): bidirectional pin "GPIO_0[20]" has no driver File: C:/Users/kmbma/Documents/Arquitetura e MI/Final/Coprocessador_V5 Caio Menos Bugs/Coprocessador_V5/Coprocessador_V3 (SE DEUS QUISER A ULTIMA)/DE1_SOC_golden_top.v Line: 126
    Warning (13040): bidirectional pin "GPIO_0[21]" has no driver File: C:/Users/kmbma/Documents/Arquitetura e MI/Final/Coprocessador_V5 Caio Menos Bugs/Coprocessador_V5/Coprocessador_V3 (SE DEUS QUISER A ULTIMA)/DE1_SOC_golden_top.v Line: 126
    Warning (13040): bidirectional pin "GPIO_0[22]" has no driver File: C:/Users/kmbma/Documents/Arquitetura e MI/Final/Coprocessador_V5 Caio Menos Bugs/Coprocessador_V5/Coprocessador_V3 (SE DEUS QUISER A ULTIMA)/DE1_SOC_golden_top.v Line: 126
    Warning (13040): bidirectional pin "GPIO_0[23]" has no driver File: C:/Users/kmbma/Documents/Arquitetura e MI/Final/Coprocessador_V5 Caio Menos Bugs/Coprocessador_V5/Coprocessador_V3 (SE DEUS QUISER A ULTIMA)/DE1_SOC_golden_top.v Line: 126
    Warning (13040): bidirectional pin "GPIO_0[24]" has no driver File: C:/Users/kmbma/Documents/Arquitetura e MI/Final/Coprocessador_V5 Caio Menos Bugs/Coprocessador_V5/Coprocessador_V3 (SE DEUS QUISER A ULTIMA)/DE1_SOC_golden_top.v Line: 126
    Warning (13040): bidirectional pin "GPIO_0[25]" has no driver File: C:/Users/kmbma/Documents/Arquitetura e MI/Final/Coprocessador_V5 Caio Menos Bugs/Coprocessador_V5/Coprocessador_V3 (SE DEUS QUISER A ULTIMA)/DE1_SOC_golden_top.v Line: 126
    Warning (13040): bidirectional pin "GPIO_0[26]" has no driver File: C:/Users/kmbma/Documents/Arquitetura e MI/Final/Coprocessador_V5 Caio Menos Bugs/Coprocessador_V5/Coprocessador_V3 (SE DEUS QUISER A ULTIMA)/DE1_SOC_golden_top.v Line: 126
    Warning (13040): bidirectional pin "GPIO_0[27]" has no driver File: C:/Users/kmbma/Documents/Arquitetura e MI/Final/Coprocessador_V5 Caio Menos Bugs/Coprocessador_V5/Coprocessador_V3 (SE DEUS QUISER A ULTIMA)/DE1_SOC_golden_top.v Line: 126
    Warning (13040): bidirectional pin "GPIO_0[28]" has no driver File: C:/Users/kmbma/Documents/Arquitetura e MI/Final/Coprocessador_V5 Caio Menos Bugs/Coprocessador_V5/Coprocessador_V3 (SE DEUS QUISER A ULTIMA)/DE1_SOC_golden_top.v Line: 126
    Warning (13040): bidirectional pin "GPIO_0[29]" has no driver File: C:/Users/kmbma/Documents/Arquitetura e MI/Final/Coprocessador_V5 Caio Menos Bugs/Coprocessador_V5/Coprocessador_V3 (SE DEUS QUISER A ULTIMA)/DE1_SOC_golden_top.v Line: 126
    Warning (13040): bidirectional pin "GPIO_0[30]" has no driver File: C:/Users/kmbma/Documents/Arquitetura e MI/Final/Coprocessador_V5 Caio Menos Bugs/Coprocessador_V5/Coprocessador_V3 (SE DEUS QUISER A ULTIMA)/DE1_SOC_golden_top.v Line: 126
    Warning (13040): bidirectional pin "GPIO_0[31]" has no driver File: C:/Users/kmbma/Documents/Arquitetura e MI/Final/Coprocessador_V5 Caio Menos Bugs/Coprocessador_V5/Coprocessador_V3 (SE DEUS QUISER A ULTIMA)/DE1_SOC_golden_top.v Line: 126
    Warning (13040): bidirectional pin "GPIO_0[32]" has no driver File: C:/Users/kmbma/Documents/Arquitetura e MI/Final/Coprocessador_V5 Caio Menos Bugs/Coprocessador_V5/Coprocessador_V3 (SE DEUS QUISER A ULTIMA)/DE1_SOC_golden_top.v Line: 126
    Warning (13040): bidirectional pin "GPIO_0[33]" has no driver File: C:/Users/kmbma/Documents/Arquitetura e MI/Final/Coprocessador_V5 Caio Menos Bugs/Coprocessador_V5/Coprocessador_V3 (SE DEUS QUISER A ULTIMA)/DE1_SOC_golden_top.v Line: 126
    Warning (13040): bidirectional pin "GPIO_0[34]" has no driver File: C:/Users/kmbma/Documents/Arquitetura e MI/Final/Coprocessador_V5 Caio Menos Bugs/Coprocessador_V5/Coprocessador_V3 (SE DEUS QUISER A ULTIMA)/DE1_SOC_golden_top.v Line: 126
    Warning (13040): bidirectional pin "GPIO_0[35]" has no driver File: C:/Users/kmbma/Documents/Arquitetura e MI/Final/Coprocessador_V5 Caio Menos Bugs/Coprocessador_V5/Coprocessador_V3 (SE DEUS QUISER A ULTIMA)/DE1_SOC_golden_top.v Line: 126
    Warning (13040): bidirectional pin "GPIO_1[0]" has no driver File: C:/Users/kmbma/Documents/Arquitetura e MI/Final/Coprocessador_V5 Caio Menos Bugs/Coprocessador_V5/Coprocessador_V3 (SE DEUS QUISER A ULTIMA)/DE1_SOC_golden_top.v Line: 127
    Warning (13040): bidirectional pin "GPIO_1[1]" has no driver File: C:/Users/kmbma/Documents/Arquitetura e MI/Final/Coprocessador_V5 Caio Menos Bugs/Coprocessador_V5/Coprocessador_V3 (SE DEUS QUISER A ULTIMA)/DE1_SOC_golden_top.v Line: 127
    Warning (13040): bidirectional pin "GPIO_1[2]" has no driver File: C:/Users/kmbma/Documents/Arquitetura e MI/Final/Coprocessador_V5 Caio Menos Bugs/Coprocessador_V5/Coprocessador_V3 (SE DEUS QUISER A ULTIMA)/DE1_SOC_golden_top.v Line: 127
    Warning (13040): bidirectional pin "GPIO_1[3]" has no driver File: C:/Users/kmbma/Documents/Arquitetura e MI/Final/Coprocessador_V5 Caio Menos Bugs/Coprocessador_V5/Coprocessador_V3 (SE DEUS QUISER A ULTIMA)/DE1_SOC_golden_top.v Line: 127
    Warning (13040): bidirectional pin "GPIO_1[4]" has no driver File: C:/Users/kmbma/Documents/Arquitetura e MI/Final/Coprocessador_V5 Caio Menos Bugs/Coprocessador_V5/Coprocessador_V3 (SE DEUS QUISER A ULTIMA)/DE1_SOC_golden_top.v Line: 127
    Warning (13040): bidirectional pin "GPIO_1[5]" has no driver File: C:/Users/kmbma/Documents/Arquitetura e MI/Final/Coprocessador_V5 Caio Menos Bugs/Coprocessador_V5/Coprocessador_V3 (SE DEUS QUISER A ULTIMA)/DE1_SOC_golden_top.v Line: 127
    Warning (13040): bidirectional pin "GPIO_1[6]" has no driver File: C:/Users/kmbma/Documents/Arquitetura e MI/Final/Coprocessador_V5 Caio Menos Bugs/Coprocessador_V5/Coprocessador_V3 (SE DEUS QUISER A ULTIMA)/DE1_SOC_golden_top.v Line: 127
    Warning (13040): bidirectional pin "GPIO_1[7]" has no driver File: C:/Users/kmbma/Documents/Arquitetura e MI/Final/Coprocessador_V5 Caio Menos Bugs/Coprocessador_V5/Coprocessador_V3 (SE DEUS QUISER A ULTIMA)/DE1_SOC_golden_top.v Line: 127
    Warning (13040): bidirectional pin "GPIO_1[8]" has no driver File: C:/Users/kmbma/Documents/Arquitetura e MI/Final/Coprocessador_V5 Caio Menos Bugs/Coprocessador_V5/Coprocessador_V3 (SE DEUS QUISER A ULTIMA)/DE1_SOC_golden_top.v Line: 127
    Warning (13040): bidirectional pin "GPIO_1[9]" has no driver File: C:/Users/kmbma/Documents/Arquitetura e MI/Final/Coprocessador_V5 Caio Menos Bugs/Coprocessador_V5/Coprocessador_V3 (SE DEUS QUISER A ULTIMA)/DE1_SOC_golden_top.v Line: 127
    Warning (13040): bidirectional pin "GPIO_1[10]" has no driver File: C:/Users/kmbma/Documents/Arquitetura e MI/Final/Coprocessador_V5 Caio Menos Bugs/Coprocessador_V5/Coprocessador_V3 (SE DEUS QUISER A ULTIMA)/DE1_SOC_golden_top.v Line: 127
    Warning (13040): bidirectional pin "GPIO_1[11]" has no driver File: C:/Users/kmbma/Documents/Arquitetura e MI/Final/Coprocessador_V5 Caio Menos Bugs/Coprocessador_V5/Coprocessador_V3 (SE DEUS QUISER A ULTIMA)/DE1_SOC_golden_top.v Line: 127
    Warning (13040): bidirectional pin "GPIO_1[12]" has no driver File: C:/Users/kmbma/Documents/Arquitetura e MI/Final/Coprocessador_V5 Caio Menos Bugs/Coprocessador_V5/Coprocessador_V3 (SE DEUS QUISER A ULTIMA)/DE1_SOC_golden_top.v Line: 127
    Warning (13040): bidirectional pin "GPIO_1[13]" has no driver File: C:/Users/kmbma/Documents/Arquitetura e MI/Final/Coprocessador_V5 Caio Menos Bugs/Coprocessador_V5/Coprocessador_V3 (SE DEUS QUISER A ULTIMA)/DE1_SOC_golden_top.v Line: 127
    Warning (13040): bidirectional pin "GPIO_1[14]" has no driver File: C:/Users/kmbma/Documents/Arquitetura e MI/Final/Coprocessador_V5 Caio Menos Bugs/Coprocessador_V5/Coprocessador_V3 (SE DEUS QUISER A ULTIMA)/DE1_SOC_golden_top.v Line: 127
    Warning (13040): bidirectional pin "GPIO_1[15]" has no driver File: C:/Users/kmbma/Documents/Arquitetura e MI/Final/Coprocessador_V5 Caio Menos Bugs/Coprocessador_V5/Coprocessador_V3 (SE DEUS QUISER A ULTIMA)/DE1_SOC_golden_top.v Line: 127
    Warning (13040): bidirectional pin "GPIO_1[16]" has no driver File: C:/Users/kmbma/Documents/Arquitetura e MI/Final/Coprocessador_V5 Caio Menos Bugs/Coprocessador_V5/Coprocessador_V3 (SE DEUS QUISER A ULTIMA)/DE1_SOC_golden_top.v Line: 127
    Warning (13040): bidirectional pin "GPIO_1[17]" has no driver File: C:/Users/kmbma/Documents/Arquitetura e MI/Final/Coprocessador_V5 Caio Menos Bugs/Coprocessador_V5/Coprocessador_V3 (SE DEUS QUISER A ULTIMA)/DE1_SOC_golden_top.v Line: 127
    Warning (13040): bidirectional pin "GPIO_1[18]" has no driver File: C:/Users/kmbma/Documents/Arquitetura e MI/Final/Coprocessador_V5 Caio Menos Bugs/Coprocessador_V5/Coprocessador_V3 (SE DEUS QUISER A ULTIMA)/DE1_SOC_golden_top.v Line: 127
    Warning (13040): bidirectional pin "GPIO_1[19]" has no driver File: C:/Users/kmbma/Documents/Arquitetura e MI/Final/Coprocessador_V5 Caio Menos Bugs/Coprocessador_V5/Coprocessador_V3 (SE DEUS QUISER A ULTIMA)/DE1_SOC_golden_top.v Line: 127
    Warning (13040): bidirectional pin "GPIO_1[20]" has no driver File: C:/Users/kmbma/Documents/Arquitetura e MI/Final/Coprocessador_V5 Caio Menos Bugs/Coprocessador_V5/Coprocessador_V3 (SE DEUS QUISER A ULTIMA)/DE1_SOC_golden_top.v Line: 127
    Warning (13040): bidirectional pin "GPIO_1[21]" has no driver File: C:/Users/kmbma/Documents/Arquitetura e MI/Final/Coprocessador_V5 Caio Menos Bugs/Coprocessador_V5/Coprocessador_V3 (SE DEUS QUISER A ULTIMA)/DE1_SOC_golden_top.v Line: 127
    Warning (13040): bidirectional pin "GPIO_1[22]" has no driver File: C:/Users/kmbma/Documents/Arquitetura e MI/Final/Coprocessador_V5 Caio Menos Bugs/Coprocessador_V5/Coprocessador_V3 (SE DEUS QUISER A ULTIMA)/DE1_SOC_golden_top.v Line: 127
    Warning (13040): bidirectional pin "GPIO_1[23]" has no driver File: C:/Users/kmbma/Documents/Arquitetura e MI/Final/Coprocessador_V5 Caio Menos Bugs/Coprocessador_V5/Coprocessador_V3 (SE DEUS QUISER A ULTIMA)/DE1_SOC_golden_top.v Line: 127
    Warning (13040): bidirectional pin "GPIO_1[24]" has no driver File: C:/Users/kmbma/Documents/Arquitetura e MI/Final/Coprocessador_V5 Caio Menos Bugs/Coprocessador_V5/Coprocessador_V3 (SE DEUS QUISER A ULTIMA)/DE1_SOC_golden_top.v Line: 127
    Warning (13040): bidirectional pin "GPIO_1[25]" has no driver File: C:/Users/kmbma/Documents/Arquitetura e MI/Final/Coprocessador_V5 Caio Menos Bugs/Coprocessador_V5/Coprocessador_V3 (SE DEUS QUISER A ULTIMA)/DE1_SOC_golden_top.v Line: 127
    Warning (13040): bidirectional pin "GPIO_1[26]" has no driver File: C:/Users/kmbma/Documents/Arquitetura e MI/Final/Coprocessador_V5 Caio Menos Bugs/Coprocessador_V5/Coprocessador_V3 (SE DEUS QUISER A ULTIMA)/DE1_SOC_golden_top.v Line: 127
    Warning (13040): bidirectional pin "GPIO_1[27]" has no driver File: C:/Users/kmbma/Documents/Arquitetura e MI/Final/Coprocessador_V5 Caio Menos Bugs/Coprocessador_V5/Coprocessador_V3 (SE DEUS QUISER A ULTIMA)/DE1_SOC_golden_top.v Line: 127
    Warning (13040): bidirectional pin "GPIO_1[28]" has no driver File: C:/Users/kmbma/Documents/Arquitetura e MI/Final/Coprocessador_V5 Caio Menos Bugs/Coprocessador_V5/Coprocessador_V3 (SE DEUS QUISER A ULTIMA)/DE1_SOC_golden_top.v Line: 127
    Warning (13040): bidirectional pin "GPIO_1[29]" has no driver File: C:/Users/kmbma/Documents/Arquitetura e MI/Final/Coprocessador_V5 Caio Menos Bugs/Coprocessador_V5/Coprocessador_V3 (SE DEUS QUISER A ULTIMA)/DE1_SOC_golden_top.v Line: 127
    Warning (13040): bidirectional pin "GPIO_1[30]" has no driver File: C:/Users/kmbma/Documents/Arquitetura e MI/Final/Coprocessador_V5 Caio Menos Bugs/Coprocessador_V5/Coprocessador_V3 (SE DEUS QUISER A ULTIMA)/DE1_SOC_golden_top.v Line: 127
    Warning (13040): bidirectional pin "GPIO_1[31]" has no driver File: C:/Users/kmbma/Documents/Arquitetura e MI/Final/Coprocessador_V5 Caio Menos Bugs/Coprocessador_V5/Coprocessador_V3 (SE DEUS QUISER A ULTIMA)/DE1_SOC_golden_top.v Line: 127
    Warning (13040): bidirectional pin "GPIO_1[32]" has no driver File: C:/Users/kmbma/Documents/Arquitetura e MI/Final/Coprocessador_V5 Caio Menos Bugs/Coprocessador_V5/Coprocessador_V3 (SE DEUS QUISER A ULTIMA)/DE1_SOC_golden_top.v Line: 127
    Warning (13040): bidirectional pin "GPIO_1[33]" has no driver File: C:/Users/kmbma/Documents/Arquitetura e MI/Final/Coprocessador_V5 Caio Menos Bugs/Coprocessador_V5/Coprocessador_V3 (SE DEUS QUISER A ULTIMA)/DE1_SOC_golden_top.v Line: 127
    Warning (13040): bidirectional pin "GPIO_1[34]" has no driver File: C:/Users/kmbma/Documents/Arquitetura e MI/Final/Coprocessador_V5 Caio Menos Bugs/Coprocessador_V5/Coprocessador_V3 (SE DEUS QUISER A ULTIMA)/DE1_SOC_golden_top.v Line: 127
    Warning (13040): bidirectional pin "GPIO_1[35]" has no driver File: C:/Users/kmbma/Documents/Arquitetura e MI/Final/Coprocessador_V5 Caio Menos Bugs/Coprocessador_V5/Coprocessador_V3 (SE DEUS QUISER A ULTIMA)/DE1_SOC_golden_top.v Line: 127
    Warning (13040): bidirectional pin "PS2_CLK" has no driver File: C:/Users/kmbma/Documents/Arquitetura e MI/Final/Coprocessador_V5 Caio Menos Bugs/Coprocessador_V5/Coprocessador_V3 (SE DEUS QUISER A ULTIMA)/DE1_SOC_golden_top.v Line: 215
    Warning (13040): bidirectional pin "PS2_CLK2" has no driver File: C:/Users/kmbma/Documents/Arquitetura e MI/Final/Coprocessador_V5 Caio Menos Bugs/Coprocessador_V5/Coprocessador_V3 (SE DEUS QUISER A ULTIMA)/DE1_SOC_golden_top.v Line: 216
    Warning (13040): bidirectional pin "PS2_DAT" has no driver File: C:/Users/kmbma/Documents/Arquitetura e MI/Final/Coprocessador_V5 Caio Menos Bugs/Coprocessador_V5/Coprocessador_V3 (SE DEUS QUISER A ULTIMA)/DE1_SOC_golden_top.v Line: 217
    Warning (13040): bidirectional pin "PS2_DAT2" has no driver File: C:/Users/kmbma/Documents/Arquitetura e MI/Final/Coprocessador_V5 Caio Menos Bugs/Coprocessador_V5/Coprocessador_V3 (SE DEUS QUISER A ULTIMA)/DE1_SOC_golden_top.v Line: 218
Warning (13024): Output pins are stuck at VCC or GND
    Warning (13410): Pin "ADC_CONVST" is stuck at GND File: C:/Users/kmbma/Documents/Arquitetura e MI/Final/Coprocessador_V5 Caio Menos Bugs/Coprocessador_V5/Coprocessador_V3 (SE DEUS QUISER A ULTIMA)/DE1_SOC_golden_top.v Line: 59
    Warning (13410): Pin "ADC_DIN" is stuck at GND File: C:/Users/kmbma/Documents/Arquitetura e MI/Final/Coprocessador_V5 Caio Menos Bugs/Coprocessador_V5/Coprocessador_V3 (SE DEUS QUISER A ULTIMA)/DE1_SOC_golden_top.v Line: 60
    Warning (13410): Pin "ADC_SCLK" is stuck at GND File: C:/Users/kmbma/Documents/Arquitetura e MI/Final/Coprocessador_V5 Caio Menos Bugs/Coprocessador_V5/Coprocessador_V3 (SE DEUS QUISER A ULTIMA)/DE1_SOC_golden_top.v Line: 62
    Warning (13410): Pin "AUD_DACDAT" is stuck at GND File: C:/Users/kmbma/Documents/Arquitetura e MI/Final/Coprocessador_V5 Caio Menos Bugs/Coprocessador_V5/Coprocessador_V3 (SE DEUS QUISER A ULTIMA)/DE1_SOC_golden_top.v Line: 72
    Warning (13410): Pin "AUD_XCK" is stuck at GND File: C:/Users/kmbma/Documents/Arquitetura e MI/Final/Coprocessador_V5 Caio Menos Bugs/Coprocessador_V5/Coprocessador_V3 (SE DEUS QUISER A ULTIMA)/DE1_SOC_golden_top.v Line: 74
    Warning (13410): Pin "DRAM_ADDR[0]" is stuck at GND File: C:/Users/kmbma/Documents/Arquitetura e MI/Final/Coprocessador_V5 Caio Menos Bugs/Coprocessador_V5/Coprocessador_V3 (SE DEUS QUISER A ULTIMA)/DE1_SOC_golden_top.v Line: 100
    Warning (13410): Pin "DRAM_ADDR[1]" is stuck at GND File: C:/Users/kmbma/Documents/Arquitetura e MI/Final/Coprocessador_V5 Caio Menos Bugs/Coprocessador_V5/Coprocessador_V3 (SE DEUS QUISER A ULTIMA)/DE1_SOC_golden_top.v Line: 100
    Warning (13410): Pin "DRAM_ADDR[2]" is stuck at GND File: C:/Users/kmbma/Documents/Arquitetura e MI/Final/Coprocessador_V5 Caio Menos Bugs/Coprocessador_V5/Coprocessador_V3 (SE DEUS QUISER A ULTIMA)/DE1_SOC_golden_top.v Line: 100
    Warning (13410): Pin "DRAM_ADDR[3]" is stuck at GND File: C:/Users/kmbma/Documents/Arquitetura e MI/Final/Coprocessador_V5 Caio Menos Bugs/Coprocessador_V5/Coprocessador_V3 (SE DEUS QUISER A ULTIMA)/DE1_SOC_golden_top.v Line: 100
    Warning (13410): Pin "DRAM_ADDR[4]" is stuck at GND File: C:/Users/kmbma/Documents/Arquitetura e MI/Final/Coprocessador_V5 Caio Menos Bugs/Coprocessador_V5/Coprocessador_V3 (SE DEUS QUISER A ULTIMA)/DE1_SOC_golden_top.v Line: 100
    Warning (13410): Pin "DRAM_ADDR[5]" is stuck at GND File: C:/Users/kmbma/Documents/Arquitetura e MI/Final/Coprocessador_V5 Caio Menos Bugs/Coprocessador_V5/Coprocessador_V3 (SE DEUS QUISER A ULTIMA)/DE1_SOC_golden_top.v Line: 100
    Warning (13410): Pin "DRAM_ADDR[6]" is stuck at GND File: C:/Users/kmbma/Documents/Arquitetura e MI/Final/Coprocessador_V5 Caio Menos Bugs/Coprocessador_V5/Coprocessador_V3 (SE DEUS QUISER A ULTIMA)/DE1_SOC_golden_top.v Line: 100
    Warning (13410): Pin "DRAM_ADDR[7]" is stuck at GND File: C:/Users/kmbma/Documents/Arquitetura e MI/Final/Coprocessador_V5 Caio Menos Bugs/Coprocessador_V5/Coprocessador_V3 (SE DEUS QUISER A ULTIMA)/DE1_SOC_golden_top.v Line: 100
    Warning (13410): Pin "DRAM_ADDR[8]" is stuck at GND File: C:/Users/kmbma/Documents/Arquitetura e MI/Final/Coprocessador_V5 Caio Menos Bugs/Coprocessador_V5/Coprocessador_V3 (SE DEUS QUISER A ULTIMA)/DE1_SOC_golden_top.v Line: 100
    Warning (13410): Pin "DRAM_ADDR[9]" is stuck at GND File: C:/Users/kmbma/Documents/Arquitetura e MI/Final/Coprocessador_V5 Caio Menos Bugs/Coprocessador_V5/Coprocessador_V3 (SE DEUS QUISER A ULTIMA)/DE1_SOC_golden_top.v Line: 100
    Warning (13410): Pin "DRAM_ADDR[10]" is stuck at GND File: C:/Users/kmbma/Documents/Arquitetura e MI/Final/Coprocessador_V5 Caio Menos Bugs/Coprocessador_V5/Coprocessador_V3 (SE DEUS QUISER A ULTIMA)/DE1_SOC_golden_top.v Line: 100
    Warning (13410): Pin "DRAM_ADDR[11]" is stuck at GND File: C:/Users/kmbma/Documents/Arquitetura e MI/Final/Coprocessador_V5 Caio Menos Bugs/Coprocessador_V5/Coprocessador_V3 (SE DEUS QUISER A ULTIMA)/DE1_SOC_golden_top.v Line: 100
    Warning (13410): Pin "DRAM_ADDR[12]" is stuck at GND File: C:/Users/kmbma/Documents/Arquitetura e MI/Final/Coprocessador_V5 Caio Menos Bugs/Coprocessador_V5/Coprocessador_V3 (SE DEUS QUISER A ULTIMA)/DE1_SOC_golden_top.v Line: 100
    Warning (13410): Pin "DRAM_BA[0]" is stuck at GND File: C:/Users/kmbma/Documents/Arquitetura e MI/Final/Coprocessador_V5 Caio Menos Bugs/Coprocessador_V5/Coprocessador_V3 (SE DEUS QUISER A ULTIMA)/DE1_SOC_golden_top.v Line: 101
    Warning (13410): Pin "DRAM_BA[1]" is stuck at GND File: C:/Users/kmbma/Documents/Arquitetura e MI/Final/Coprocessador_V5 Caio Menos Bugs/Coprocessador_V5/Coprocessador_V3 (SE DEUS QUISER A ULTIMA)/DE1_SOC_golden_top.v Line: 101
    Warning (13410): Pin "DRAM_CAS_N" is stuck at GND File: C:/Users/kmbma/Documents/Arquitetura e MI/Final/Coprocessador_V5 Caio Menos Bugs/Coprocessador_V5/Coprocessador_V3 (SE DEUS QUISER A ULTIMA)/DE1_SOC_golden_top.v Line: 102
    Warning (13410): Pin "DRAM_CKE" is stuck at GND File: C:/Users/kmbma/Documents/Arquitetura e MI/Final/Coprocessador_V5 Caio Menos Bugs/Coprocessador_V5/Coprocessador_V3 (SE DEUS QUISER A ULTIMA)/DE1_SOC_golden_top.v Line: 103
    Warning (13410): Pin "DRAM_CLK" is stuck at GND File: C:/Users/kmbma/Documents/Arquitetura e MI/Final/Coprocessador_V5 Caio Menos Bugs/Coprocessador_V5/Coprocessador_V3 (SE DEUS QUISER A ULTIMA)/DE1_SOC_golden_top.v Line: 104
    Warning (13410): Pin "DRAM_CS_N" is stuck at GND File: C:/Users/kmbma/Documents/Arquitetura e MI/Final/Coprocessador_V5 Caio Menos Bugs/Coprocessador_V5/Coprocessador_V3 (SE DEUS QUISER A ULTIMA)/DE1_SOC_golden_top.v Line: 105
    Warning (13410): Pin "DRAM_LDQM" is stuck at GND File: C:/Users/kmbma/Documents/Arquitetura e MI/Final/Coprocessador_V5 Caio Menos Bugs/Coprocessador_V5/Coprocessador_V3 (SE DEUS QUISER A ULTIMA)/DE1_SOC_golden_top.v Line: 107
    Warning (13410): Pin "DRAM_RAS_N" is stuck at GND File: C:/Users/kmbma/Documents/Arquitetura e MI/Final/Coprocessador_V5 Caio Menos Bugs/Coprocessador_V5/Coprocessador_V3 (SE DEUS QUISER A ULTIMA)/DE1_SOC_golden_top.v Line: 108
    Warning (13410): Pin "DRAM_UDQM" is stuck at GND File: C:/Users/kmbma/Documents/Arquitetura e MI/Final/Coprocessador_V5 Caio Menos Bugs/Coprocessador_V5/Coprocessador_V3 (SE DEUS QUISER A ULTIMA)/DE1_SOC_golden_top.v Line: 109
    Warning (13410): Pin "DRAM_WE_N" is stuck at GND File: C:/Users/kmbma/Documents/Arquitetura e MI/Final/Coprocessador_V5 Caio Menos Bugs/Coprocessador_V5/Coprocessador_V3 (SE DEUS QUISER A ULTIMA)/DE1_SOC_golden_top.v Line: 110
    Warning (13410): Pin "FAN_CTRL" is stuck at GND File: C:/Users/kmbma/Documents/Arquitetura e MI/Final/Coprocessador_V5 Caio Menos Bugs/Coprocessador_V5/Coprocessador_V3 (SE DEUS QUISER A ULTIMA)/DE1_SOC_golden_top.v Line: 115
    Warning (13410): Pin "FPGA_I2C_SCLK" is stuck at GND File: C:/Users/kmbma/Documents/Arquitetura e MI/Final/Coprocessador_V5 Caio Menos Bugs/Coprocessador_V5/Coprocessador_V3 (SE DEUS QUISER A ULTIMA)/DE1_SOC_golden_top.v Line: 120
    Warning (13410): Pin "HEX0[0]" is stuck at GND File: C:/Users/kmbma/Documents/Arquitetura e MI/Final/Coprocessador_V5 Caio Menos Bugs/Coprocessador_V5/Coprocessador_V3 (SE DEUS QUISER A ULTIMA)/DE1_SOC_golden_top.v Line: 133
    Warning (13410): Pin "HEX0[1]" is stuck at GND File: C:/Users/kmbma/Documents/Arquitetura e MI/Final/Coprocessador_V5 Caio Menos Bugs/Coprocessador_V5/Coprocessador_V3 (SE DEUS QUISER A ULTIMA)/DE1_SOC_golden_top.v Line: 133
    Warning (13410): Pin "HEX0[2]" is stuck at GND File: C:/Users/kmbma/Documents/Arquitetura e MI/Final/Coprocessador_V5 Caio Menos Bugs/Coprocessador_V5/Coprocessador_V3 (SE DEUS QUISER A ULTIMA)/DE1_SOC_golden_top.v Line: 133
    Warning (13410): Pin "HEX0[3]" is stuck at GND File: C:/Users/kmbma/Documents/Arquitetura e MI/Final/Coprocessador_V5 Caio Menos Bugs/Coprocessador_V5/Coprocessador_V3 (SE DEUS QUISER A ULTIMA)/DE1_SOC_golden_top.v Line: 133
    Warning (13410): Pin "HEX0[4]" is stuck at GND File: C:/Users/kmbma/Documents/Arquitetura e MI/Final/Coprocessador_V5 Caio Menos Bugs/Coprocessador_V5/Coprocessador_V3 (SE DEUS QUISER A ULTIMA)/DE1_SOC_golden_top.v Line: 133
    Warning (13410): Pin "HEX0[5]" is stuck at GND File: C:/Users/kmbma/Documents/Arquitetura e MI/Final/Coprocessador_V5 Caio Menos Bugs/Coprocessador_V5/Coprocessador_V3 (SE DEUS QUISER A ULTIMA)/DE1_SOC_golden_top.v Line: 133
    Warning (13410): Pin "HEX0[6]" is stuck at GND File: C:/Users/kmbma/Documents/Arquitetura e MI/Final/Coprocessador_V5 Caio Menos Bugs/Coprocessador_V5/Coprocessador_V3 (SE DEUS QUISER A ULTIMA)/DE1_SOC_golden_top.v Line: 133
    Warning (13410): Pin "HEX1[0]" is stuck at GND File: C:/Users/kmbma/Documents/Arquitetura e MI/Final/Coprocessador_V5 Caio Menos Bugs/Coprocessador_V5/Coprocessador_V3 (SE DEUS QUISER A ULTIMA)/DE1_SOC_golden_top.v Line: 134
    Warning (13410): Pin "HEX1[1]" is stuck at GND File: C:/Users/kmbma/Documents/Arquitetura e MI/Final/Coprocessador_V5 Caio Menos Bugs/Coprocessador_V5/Coprocessador_V3 (SE DEUS QUISER A ULTIMA)/DE1_SOC_golden_top.v Line: 134
    Warning (13410): Pin "HEX1[2]" is stuck at GND File: C:/Users/kmbma/Documents/Arquitetura e MI/Final/Coprocessador_V5 Caio Menos Bugs/Coprocessador_V5/Coprocessador_V3 (SE DEUS QUISER A ULTIMA)/DE1_SOC_golden_top.v Line: 134
    Warning (13410): Pin "HEX1[3]" is stuck at GND File: C:/Users/kmbma/Documents/Arquitetura e MI/Final/Coprocessador_V5 Caio Menos Bugs/Coprocessador_V5/Coprocessador_V3 (SE DEUS QUISER A ULTIMA)/DE1_SOC_golden_top.v Line: 134
    Warning (13410): Pin "HEX1[4]" is stuck at GND File: C:/Users/kmbma/Documents/Arquitetura e MI/Final/Coprocessador_V5 Caio Menos Bugs/Coprocessador_V5/Coprocessador_V3 (SE DEUS QUISER A ULTIMA)/DE1_SOC_golden_top.v Line: 134
    Warning (13410): Pin "HEX1[5]" is stuck at GND File: C:/Users/kmbma/Documents/Arquitetura e MI/Final/Coprocessador_V5 Caio Menos Bugs/Coprocessador_V5/Coprocessador_V3 (SE DEUS QUISER A ULTIMA)/DE1_SOC_golden_top.v Line: 134
    Warning (13410): Pin "HEX1[6]" is stuck at GND File: C:/Users/kmbma/Documents/Arquitetura e MI/Final/Coprocessador_V5 Caio Menos Bugs/Coprocessador_V5/Coprocessador_V3 (SE DEUS QUISER A ULTIMA)/DE1_SOC_golden_top.v Line: 134
    Warning (13410): Pin "HEX2[0]" is stuck at GND File: C:/Users/kmbma/Documents/Arquitetura e MI/Final/Coprocessador_V5 Caio Menos Bugs/Coprocessador_V5/Coprocessador_V3 (SE DEUS QUISER A ULTIMA)/DE1_SOC_golden_top.v Line: 135
    Warning (13410): Pin "HEX2[1]" is stuck at GND File: C:/Users/kmbma/Documents/Arquitetura e MI/Final/Coprocessador_V5 Caio Menos Bugs/Coprocessador_V5/Coprocessador_V3 (SE DEUS QUISER A ULTIMA)/DE1_SOC_golden_top.v Line: 135
    Warning (13410): Pin "HEX2[2]" is stuck at GND File: C:/Users/kmbma/Documents/Arquitetura e MI/Final/Coprocessador_V5 Caio Menos Bugs/Coprocessador_V5/Coprocessador_V3 (SE DEUS QUISER A ULTIMA)/DE1_SOC_golden_top.v Line: 135
    Warning (13410): Pin "HEX2[3]" is stuck at GND File: C:/Users/kmbma/Documents/Arquitetura e MI/Final/Coprocessador_V5 Caio Menos Bugs/Coprocessador_V5/Coprocessador_V3 (SE DEUS QUISER A ULTIMA)/DE1_SOC_golden_top.v Line: 135
    Warning (13410): Pin "HEX2[4]" is stuck at GND File: C:/Users/kmbma/Documents/Arquitetura e MI/Final/Coprocessador_V5 Caio Menos Bugs/Coprocessador_V5/Coprocessador_V3 (SE DEUS QUISER A ULTIMA)/DE1_SOC_golden_top.v Line: 135
    Warning (13410): Pin "HEX2[5]" is stuck at GND File: C:/Users/kmbma/Documents/Arquitetura e MI/Final/Coprocessador_V5 Caio Menos Bugs/Coprocessador_V5/Coprocessador_V3 (SE DEUS QUISER A ULTIMA)/DE1_SOC_golden_top.v Line: 135
    Warning (13410): Pin "HEX2[6]" is stuck at GND File: C:/Users/kmbma/Documents/Arquitetura e MI/Final/Coprocessador_V5 Caio Menos Bugs/Coprocessador_V5/Coprocessador_V3 (SE DEUS QUISER A ULTIMA)/DE1_SOC_golden_top.v Line: 135
    Warning (13410): Pin "HEX3[0]" is stuck at GND File: C:/Users/kmbma/Documents/Arquitetura e MI/Final/Coprocessador_V5 Caio Menos Bugs/Coprocessador_V5/Coprocessador_V3 (SE DEUS QUISER A ULTIMA)/DE1_SOC_golden_top.v Line: 136
    Warning (13410): Pin "HEX3[1]" is stuck at GND File: C:/Users/kmbma/Documents/Arquitetura e MI/Final/Coprocessador_V5 Caio Menos Bugs/Coprocessador_V5/Coprocessador_V3 (SE DEUS QUISER A ULTIMA)/DE1_SOC_golden_top.v Line: 136
    Warning (13410): Pin "HEX3[2]" is stuck at GND File: C:/Users/kmbma/Documents/Arquitetura e MI/Final/Coprocessador_V5 Caio Menos Bugs/Coprocessador_V5/Coprocessador_V3 (SE DEUS QUISER A ULTIMA)/DE1_SOC_golden_top.v Line: 136
    Warning (13410): Pin "HEX3[3]" is stuck at GND File: C:/Users/kmbma/Documents/Arquitetura e MI/Final/Coprocessador_V5 Caio Menos Bugs/Coprocessador_V5/Coprocessador_V3 (SE DEUS QUISER A ULTIMA)/DE1_SOC_golden_top.v Line: 136
    Warning (13410): Pin "HEX3[4]" is stuck at GND File: C:/Users/kmbma/Documents/Arquitetura e MI/Final/Coprocessador_V5 Caio Menos Bugs/Coprocessador_V5/Coprocessador_V3 (SE DEUS QUISER A ULTIMA)/DE1_SOC_golden_top.v Line: 136
    Warning (13410): Pin "HEX3[5]" is stuck at GND File: C:/Users/kmbma/Documents/Arquitetura e MI/Final/Coprocessador_V5 Caio Menos Bugs/Coprocessador_V5/Coprocessador_V3 (SE DEUS QUISER A ULTIMA)/DE1_SOC_golden_top.v Line: 136
    Warning (13410): Pin "HEX3[6]" is stuck at GND File: C:/Users/kmbma/Documents/Arquitetura e MI/Final/Coprocessador_V5 Caio Menos Bugs/Coprocessador_V5/Coprocessador_V3 (SE DEUS QUISER A ULTIMA)/DE1_SOC_golden_top.v Line: 136
    Warning (13410): Pin "HEX4[0]" is stuck at GND File: C:/Users/kmbma/Documents/Arquitetura e MI/Final/Coprocessador_V5 Caio Menos Bugs/Coprocessador_V5/Coprocessador_V3 (SE DEUS QUISER A ULTIMA)/DE1_SOC_golden_top.v Line: 137
    Warning (13410): Pin "HEX4[1]" is stuck at GND File: C:/Users/kmbma/Documents/Arquitetura e MI/Final/Coprocessador_V5 Caio Menos Bugs/Coprocessador_V5/Coprocessador_V3 (SE DEUS QUISER A ULTIMA)/DE1_SOC_golden_top.v Line: 137
    Warning (13410): Pin "HEX4[2]" is stuck at GND File: C:/Users/kmbma/Documents/Arquitetura e MI/Final/Coprocessador_V5 Caio Menos Bugs/Coprocessador_V5/Coprocessador_V3 (SE DEUS QUISER A ULTIMA)/DE1_SOC_golden_top.v Line: 137
    Warning (13410): Pin "HEX4[3]" is stuck at GND File: C:/Users/kmbma/Documents/Arquitetura e MI/Final/Coprocessador_V5 Caio Menos Bugs/Coprocessador_V5/Coprocessador_V3 (SE DEUS QUISER A ULTIMA)/DE1_SOC_golden_top.v Line: 137
    Warning (13410): Pin "HEX4[4]" is stuck at GND File: C:/Users/kmbma/Documents/Arquitetura e MI/Final/Coprocessador_V5 Caio Menos Bugs/Coprocessador_V5/Coprocessador_V3 (SE DEUS QUISER A ULTIMA)/DE1_SOC_golden_top.v Line: 137
    Warning (13410): Pin "HEX4[5]" is stuck at GND File: C:/Users/kmbma/Documents/Arquitetura e MI/Final/Coprocessador_V5 Caio Menos Bugs/Coprocessador_V5/Coprocessador_V3 (SE DEUS QUISER A ULTIMA)/DE1_SOC_golden_top.v Line: 137
    Warning (13410): Pin "HEX4[6]" is stuck at GND File: C:/Users/kmbma/Documents/Arquitetura e MI/Final/Coprocessador_V5 Caio Menos Bugs/Coprocessador_V5/Coprocessador_V3 (SE DEUS QUISER A ULTIMA)/DE1_SOC_golden_top.v Line: 137
    Warning (13410): Pin "HEX5[0]" is stuck at GND File: C:/Users/kmbma/Documents/Arquitetura e MI/Final/Coprocessador_V5 Caio Menos Bugs/Coprocessador_V5/Coprocessador_V3 (SE DEUS QUISER A ULTIMA)/DE1_SOC_golden_top.v Line: 138
    Warning (13410): Pin "HEX5[1]" is stuck at GND File: C:/Users/kmbma/Documents/Arquitetura e MI/Final/Coprocessador_V5 Caio Menos Bugs/Coprocessador_V5/Coprocessador_V3 (SE DEUS QUISER A ULTIMA)/DE1_SOC_golden_top.v Line: 138
    Warning (13410): Pin "HEX5[2]" is stuck at GND File: C:/Users/kmbma/Documents/Arquitetura e MI/Final/Coprocessador_V5 Caio Menos Bugs/Coprocessador_V5/Coprocessador_V3 (SE DEUS QUISER A ULTIMA)/DE1_SOC_golden_top.v Line: 138
    Warning (13410): Pin "HEX5[3]" is stuck at GND File: C:/Users/kmbma/Documents/Arquitetura e MI/Final/Coprocessador_V5 Caio Menos Bugs/Coprocessador_V5/Coprocessador_V3 (SE DEUS QUISER A ULTIMA)/DE1_SOC_golden_top.v Line: 138
    Warning (13410): Pin "HEX5[4]" is stuck at GND File: C:/Users/kmbma/Documents/Arquitetura e MI/Final/Coprocessador_V5 Caio Menos Bugs/Coprocessador_V5/Coprocessador_V3 (SE DEUS QUISER A ULTIMA)/DE1_SOC_golden_top.v Line: 138
    Warning (13410): Pin "HEX5[5]" is stuck at GND File: C:/Users/kmbma/Documents/Arquitetura e MI/Final/Coprocessador_V5 Caio Menos Bugs/Coprocessador_V5/Coprocessador_V3 (SE DEUS QUISER A ULTIMA)/DE1_SOC_golden_top.v Line: 138
    Warning (13410): Pin "HEX5[6]" is stuck at GND File: C:/Users/kmbma/Documents/Arquitetura e MI/Final/Coprocessador_V5 Caio Menos Bugs/Coprocessador_V5/Coprocessador_V3 (SE DEUS QUISER A ULTIMA)/DE1_SOC_golden_top.v Line: 138
    Warning (13410): Pin "IRDA_TXD" is stuck at GND File: C:/Users/kmbma/Documents/Arquitetura e MI/Final/Coprocessador_V5 Caio Menos Bugs/Coprocessador_V5/Coprocessador_V3 (SE DEUS QUISER A ULTIMA)/DE1_SOC_golden_top.v Line: 200
    Warning (13410): Pin "LEDR[0]" is stuck at GND File: C:/Users/kmbma/Documents/Arquitetura e MI/Final/Coprocessador_V5 Caio Menos Bugs/Coprocessador_V5/Coprocessador_V3 (SE DEUS QUISER A ULTIMA)/DE1_SOC_golden_top.v Line: 210
    Warning (13410): Pin "LEDR[1]" is stuck at GND File: C:/Users/kmbma/Documents/Arquitetura e MI/Final/Coprocessador_V5 Caio Menos Bugs/Coprocessador_V5/Coprocessador_V3 (SE DEUS QUISER A ULTIMA)/DE1_SOC_golden_top.v Line: 210
    Warning (13410): Pin "LEDR[2]" is stuck at GND File: C:/Users/kmbma/Documents/Arquitetura e MI/Final/Coprocessador_V5 Caio Menos Bugs/Coprocessador_V5/Coprocessador_V3 (SE DEUS QUISER A ULTIMA)/DE1_SOC_golden_top.v Line: 210
    Warning (13410): Pin "LEDR[3]" is stuck at GND File: C:/Users/kmbma/Documents/Arquitetura e MI/Final/Coprocessador_V5 Caio Menos Bugs/Coprocessador_V5/Coprocessador_V3 (SE DEUS QUISER A ULTIMA)/DE1_SOC_golden_top.v Line: 210
    Warning (13410): Pin "LEDR[4]" is stuck at GND File: C:/Users/kmbma/Documents/Arquitetura e MI/Final/Coprocessador_V5 Caio Menos Bugs/Coprocessador_V5/Coprocessador_V3 (SE DEUS QUISER A ULTIMA)/DE1_SOC_golden_top.v Line: 210
    Warning (13410): Pin "LEDR[5]" is stuck at GND File: C:/Users/kmbma/Documents/Arquitetura e MI/Final/Coprocessador_V5 Caio Menos Bugs/Coprocessador_V5/Coprocessador_V3 (SE DEUS QUISER A ULTIMA)/DE1_SOC_golden_top.v Line: 210
    Warning (13410): Pin "LEDR[6]" is stuck at GND File: C:/Users/kmbma/Documents/Arquitetura e MI/Final/Coprocessador_V5 Caio Menos Bugs/Coprocessador_V5/Coprocessador_V3 (SE DEUS QUISER A ULTIMA)/DE1_SOC_golden_top.v Line: 210
    Warning (13410): Pin "LEDR[7]" is stuck at GND File: C:/Users/kmbma/Documents/Arquitetura e MI/Final/Coprocessador_V5 Caio Menos Bugs/Coprocessador_V5/Coprocessador_V3 (SE DEUS QUISER A ULTIMA)/DE1_SOC_golden_top.v Line: 210
    Warning (13410): Pin "LEDR[8]" is stuck at GND File: C:/Users/kmbma/Documents/Arquitetura e MI/Final/Coprocessador_V5 Caio Menos Bugs/Coprocessador_V5/Coprocessador_V3 (SE DEUS QUISER A ULTIMA)/DE1_SOC_golden_top.v Line: 210
    Warning (13410): Pin "LEDR[9]" is stuck at GND File: C:/Users/kmbma/Documents/Arquitetura e MI/Final/Coprocessador_V5 Caio Menos Bugs/Coprocessador_V5/Coprocessador_V3 (SE DEUS QUISER A ULTIMA)/DE1_SOC_golden_top.v Line: 210
    Warning (13410): Pin "TD_RESET_N" is stuck at GND File: C:/Users/kmbma/Documents/Arquitetura e MI/Final/Coprocessador_V5 Caio Menos Bugs/Coprocessador_V5/Coprocessador_V3 (SE DEUS QUISER A ULTIMA)/DE1_SOC_golden_top.v Line: 231
    Warning (13410): Pin "VGA_BLANK_N" is stuck at VCC File: C:/Users/kmbma/Documents/Arquitetura e MI/Final/Coprocessador_V5 Caio Menos Bugs/Coprocessador_V5/Coprocessador_V3 (SE DEUS QUISER A ULTIMA)/DE1_SOC_golden_top.v Line: 238
    Warning (13410): Pin "VGA_SYNC_N" is stuck at GND File: C:/Users/kmbma/Documents/Arquitetura e MI/Final/Coprocessador_V5 Caio Menos Bugs/Coprocessador_V5/Coprocessador_V3 (SE DEUS QUISER A ULTIMA)/DE1_SOC_golden_top.v Line: 243
Info (286030): Timing-Driven Synthesis is running
Info (17049): 16 registers lost all their fanouts during netlist optimizations.
Info (17036): Removed 1 MSB VCC or GND address nodes from RAM block "top_coprocessador:meu_nucleo_grafico|rom_memoria2:u_sprites_rom|altsyncram:altsyncram_component|altsyncram_vga2:auto_generated|ALTSYNCRAM" File: C:/Users/kmbma/Documents/Arquitetura e MI/Final/Coprocessador_V5 Caio Menos Bugs/Coprocessador_V5/Coprocessador_V3 (SE DEUS QUISER A ULTIMA)/db/altsyncram_vga2.tdf Line: 53
Info (16010): Generating hard_block partition "hard_block:auto_generated_inst"
    Info (16011): Adding 0 node(s), including 0 DDIO, 0 PLL, 0 transceiver and 0 LCELL
Warning (21074): Design contains 21 input pin(s) that do not drive logic
    Warning (15610): No output dependent on input pin "ADC_DOUT" File: C:/Users/kmbma/Documents/Arquitetura e MI/Final/Coprocessador_V5 Caio Menos Bugs/Coprocessador_V5/Coprocessador_V3 (SE DEUS QUISER A ULTIMA)/DE1_SOC_golden_top.v Line: 61
    Warning (15610): No output dependent on input pin "AUD_ADCDAT" File: C:/Users/kmbma/Documents/Arquitetura e MI/Final/Coprocessador_V5 Caio Menos Bugs/Coprocessador_V5/Coprocessador_V3 (SE DEUS QUISER A ULTIMA)/DE1_SOC_golden_top.v Line: 69
    Warning (15610): No output dependent on input pin "CLOCK2_50" File: C:/Users/kmbma/Documents/Arquitetura e MI/Final/Coprocessador_V5 Caio Menos Bugs/Coprocessador_V5/Coprocessador_V3 (SE DEUS QUISER A ULTIMA)/DE1_SOC_golden_top.v Line: 80
    Warning (15610): No output dependent on input pin "CLOCK3_50" File: C:/Users/kmbma/Documents/Arquitetura e MI/Final/Coprocessador_V5 Caio Menos Bugs/Coprocessador_V5/Coprocessador_V3 (SE DEUS QUISER A ULTIMA)/DE1_SOC_golden_top.v Line: 85
    Warning (15610): No output dependent on input pin "CLOCK4_50" File: C:/Users/kmbma/Documents/Arquitetura e MI/Final/Coprocessador_V5 Caio Menos Bugs/Coprocessador_V5/Coprocessador_V3 (SE DEUS QUISER A ULTIMA)/DE1_SOC_golden_top.v Line: 90
    Warning (15610): No output dependent on input pin "IRDA_RXD" File: C:/Users/kmbma/Documents/Arquitetura e MI/Final/Coprocessador_V5 Caio Menos Bugs/Coprocessador_V5/Coprocessador_V3 (SE DEUS QUISER A ULTIMA)/DE1_SOC_golden_top.v Line: 199
    Warning (15610): No output dependent on input pin "SW[4]" File: C:/Users/kmbma/Documents/Arquitetura e MI/Final/Coprocessador_V5 Caio Menos Bugs/Coprocessador_V5/Coprocessador_V3 (SE DEUS QUISER A ULTIMA)/DE1_SOC_golden_top.v Line: 223
    Warning (15610): No output dependent on input pin "SW[5]" File: C:/Users/kmbma/Documents/Arquitetura e MI/Final/Coprocessador_V5 Caio Menos Bugs/Coprocessador_V5/Coprocessador_V3 (SE DEUS QUISER A ULTIMA)/DE1_SOC_golden_top.v Line: 223
    Warning (15610): No output dependent on input pin "SW[6]" File: C:/Users/kmbma/Documents/Arquitetura e MI/Final/Coprocessador_V5 Caio Menos Bugs/Coprocessador_V5/Coprocessador_V3 (SE DEUS QUISER A ULTIMA)/DE1_SOC_golden_top.v Line: 223
    Warning (15610): No output dependent on input pin "SW[7]" File: C:/Users/kmbma/Documents/Arquitetura e MI/Final/Coprocessador_V5 Caio Menos Bugs/Coprocessador_V5/Coprocessador_V3 (SE DEUS QUISER A ULTIMA)/DE1_SOC_golden_top.v Line: 223
    Warning (15610): No output dependent on input pin "TD_CLK27" File: C:/Users/kmbma/Documents/Arquitetura e MI/Final/Coprocessador_V5 Caio Menos Bugs/Coprocessador_V5/Coprocessador_V3 (SE DEUS QUISER A ULTIMA)/DE1_SOC_golden_top.v Line: 228
    Warning (15610): No output dependent on input pin "TD_DATA[0]" File: C:/Users/kmbma/Documents/Arquitetura e MI/Final/Coprocessador_V5 Caio Menos Bugs/Coprocessador_V5/Coprocessador_V3 (SE DEUS QUISER A ULTIMA)/DE1_SOC_golden_top.v Line: 229
    Warning (15610): No output dependent on input pin "TD_DATA[1]" File: C:/Users/kmbma/Documents/Arquitetura e MI/Final/Coprocessador_V5 Caio Menos Bugs/Coprocessador_V5/Coprocessador_V3 (SE DEUS QUISER A ULTIMA)/DE1_SOC_golden_top.v Line: 229
    Warning (15610): No output dependent on input pin "TD_DATA[2]" File: C:/Users/kmbma/Documents/Arquitetura e MI/Final/Coprocessador_V5 Caio Menos Bugs/Coprocessador_V5/Coprocessador_V3 (SE DEUS QUISER A ULTIMA)/DE1_SOC_golden_top.v Line: 229
    Warning (15610): No output dependent on input pin "TD_DATA[3]" File: C:/Users/kmbma/Documents/Arquitetura e MI/Final/Coprocessador_V5 Caio Menos Bugs/Coprocessador_V5/Coprocessador_V3 (SE DEUS QUISER A ULTIMA)/DE1_SOC_golden_top.v Line: 229
    Warning (15610): No output dependent on input pin "TD_DATA[4]" File: C:/Users/kmbma/Documents/Arquitetura e MI/Final/Coprocessador_V5 Caio Menos Bugs/Coprocessador_V5/Coprocessador_V3 (SE DEUS QUISER A ULTIMA)/DE1_SOC_golden_top.v Line: 229
    Warning (15610): No output dependent on input pin "TD_DATA[5]" File: C:/Users/kmbma/Documents/Arquitetura e MI/Final/Coprocessador_V5 Caio Menos Bugs/Coprocessador_V5/Coprocessador_V3 (SE DEUS QUISER A ULTIMA)/DE1_SOC_golden_top.v Line: 229
    Warning (15610): No output dependent on input pin "TD_DATA[6]" File: C:/Users/kmbma/Documents/Arquitetura e MI/Final/Coprocessador_V5 Caio Menos Bugs/Coprocessador_V5/Coprocessador_V3 (SE DEUS QUISER A ULTIMA)/DE1_SOC_golden_top.v Line: 229
    Warning (15610): No output dependent on input pin "TD_DATA[7]" File: C:/Users/kmbma/Documents/Arquitetura e MI/Final/Coprocessador_V5 Caio Menos Bugs/Coprocessador_V5/Coprocessador_V3 (SE DEUS QUISER A ULTIMA)/DE1_SOC_golden_top.v Line: 229
    Warning (15610): No output dependent on input pin "TD_HS" File: C:/Users/kmbma/Documents/Arquitetura e MI/Final/Coprocessador_V5 Caio Menos Bugs/Coprocessador_V5/Coprocessador_V3 (SE DEUS QUISER A ULTIMA)/DE1_SOC_golden_top.v Line: 230
    Warning (15610): No output dependent on input pin "TD_VS" File: C:/Users/kmbma/Documents/Arquitetura e MI/Final/Coprocessador_V5 Caio Menos Bugs/Coprocessador_V5/Coprocessador_V3 (SE DEUS QUISER A ULTIMA)/DE1_SOC_golden_top.v Line: 232
Info (21057): Implemented 724 device resources after synthesis - the final resource count might be different
    Info (21058): Implemented 32 input pins
    Info (21059): Implemented 113 output pins
    Info (21060): Implemented 96 bidirectional pins
    Info (21061): Implemented 421 logic cells
    Info (21064): Implemented 56 RAM segments
    Info (21062): Implemented 6 DSP elements
Info: Quartus Prime Analysis & Synthesis was successful. 0 errors, 248 warnings
    Info: Peak virtual memory: 4889 megabytes
    Info: Processing ended: Wed Sep  2 00:12:09 2026
    Info: Elapsed time: 00:00:13
    Info: Total CPU time (on all processors): 00:00:26


