WIDTH=8;
DEPTH=16384;

ADDRESS_RADIX=UNS;
DATA_RADIX=HEX;

CONTENT BEGIN
    0 : 1B;
    1 : 11;
    2 : 13;
    3 : 37;
    4 : 68;
    5 : 77;
    6 : 87;
    7 : 76;
    8 : 82;
    9 : F9;
    10 : E2;
    11 : 70;
    12 : 78;
    13 : 4E;
    14 : 4E;
    15 : 76;
    16 : 3C;
    17 : 36;
    18 : 36;
    19 : 38;
    20 : 4E;
    21 : 4E;
    22 : 4E;
    23 : 4E;
    24 : 46;
    25 : 77;
    26 : 42;
    27 : 41;
    28 : 42;
    29 : 3C;
    30 : 4E;
    31 : 4E;
    32 : 74;
    33 : 4E;
    34 : 76;
    35 : 76;
    36 : 46;
    37 : 46;
    38 : 46;
    39 : 4E;
    40 : 74;
    41 : 76;
    42 : 76;
    43 : 76;
    44 : 76;
    45 : 76;
    46 : 76;
    47 : 46;
    48 : 4E;
    49 : 76;
    50 : 76;
    51 : 76;
    52 : 76;
    53 : 76;
    54 : 77;
    55 : 7E;
    56 : 76;
    57 : 76;
    58 : 76;
    59 : 5E;
    60 : 76;
    61 : 46;
    62 : B3;
    63 : 1D;
    64 : 05;
    65 : 06;
    66 : 0A;
    67 : 0F;
    68 : 0F;
    69 : 0F;
    70 : 0F;
    71 : 15;
    72 : 05;
    73 : 05;
    74 : 06;
    75 : 15;
    76 : 15;
    77 : 15;
    78 : 15;
    79 : 15;
    80 : 06;
    81 : 06;
    82 : 07;
    83 : 0E;
    84 : 0E;
    85 : 0E;
    86 : 0E;
    87 : 0E;
    88 : 06;
    89 : 07;
    90 : 07;
    91 : 07;
    92 : 07;
    93 : 07;
    94 : 07;
    95 : 07;
    96 : 06;
    97 : 0C;
    98 : 07;
    99 : 07;
    100 : 0C;
    101 : 0C;
    102 : 07;
    103 : 07;
    104 : 06;
    105 : 0C;
    106 : 07;
    107 : 07;
    108 : 0C;
    109 : 07;
    110 : 0C;
    111 : 0C;
    112 : 06;
    113 : 0C;
    114 : 07;
    115 : 06;
    116 : 06;
    117 : 07;
    118 : 07;
    119 : 07;
    120 : 06;
    121 : 0C;
    122 : 07;
    123 : 05;
    124 : 05;
    125 : 06;
    126 : 07;
    127 : 07;
    128 : B8;
    129 : B8;
    130 : B8;
    131 : B8;
    132 : B8;
    133 : B8;
    134 : B8;
    135 : B8;
    136 : B8;
    137 : B8;
    138 : B8;
    139 : B8;
    140 : B9;
    141 : B8;
    142 : B8;
    143 : B8;
    144 : B9;
    145 : B9;
    146 : B9;
    147 : B8;
    148 : B9;
    149 : B8;
    150 : B8;
    151 : B8;
    152 : B9;
    153 : B9;
    154 : B9;
    155 : B9;
    156 : B9;
    157 : B9;
    158 : B9;
    159 : B9;
    160 : B9;
    161 : B9;
    162 : B9;
    163 : B9;
    164 : B9;
    165 : B9;
    166 : B9;
    167 : B9;
    168 : B9;
    169 : B9;
    170 : B9;
    171 : B9;
    172 : B9;
    173 : B9;
    174 : B9;
    175 : B9;
    176 : B8;
    177 : B9;
    178 : B9;
    179 : B9;
    180 : B9;
    181 : B8;
    182 : B8;
    183 : B8;
    184 : B9;
    185 : B9;
    186 : B9;
    187 : B9;
    188 : B9;
    189 : B9;
    190 : B9;
    191 : B9;
    192 : 15;
    193 : 16;
    194 : 16;
    195 : 16;
    196 : 16;
    197 : 17;
    198 : 17;
    199 : 16;
    200 : 15;
    201 : 15;
    202 : 16;
    203 : 16;
    204 : 17;
    205 : 17;
    206 : 17;
    207 : 17;
    208 : 16;
    209 : 15;
    210 : 0E;
    211 : 16;
    212 : 17;
    213 : 17;
    214 : 17;
    215 : 18;
    216 : 16;
    217 : 16;
    218 : 16;
    219 : 16;
    220 : 17;
    221 : 17;
    222 : 17;
    223 : 18;
    224 : 0E;
    225 : 0E;
    226 : 17;
    227 : 17;
    228 : 17;
    229 : 17;
    230 : 18;
    231 : 18;
    232 : 0E;
    233 : 15;
    234 : 17;
    235 : 17;
    236 : 18;
    237 : 18;
    238 : 18;
    239 : 18;
    240 : 16;
    241 : 16;
    242 : 17;
    243 : 17;
    244 : 18;
    245 : 18;
    246 : 18;
    247 : 18;
    248 : 17;
    249 : 17;
    250 : 17;
    251 : 17;
    252 : 18;
    253 : 18;
    254 : 18;
    255 : 18;
    256 : 10;
    257 : 10;
    258 : 10;
    259 : 10;
    260 : 10;
    261 : 10;
    262 : 10;
    263 : 10;
    264 : 08;
    265 : 08;
    266 : 08;
    267 : 08;
    268 : 08;
    269 : 08;
    270 : 08;
    271 : 08;
    272 : 08;
    273 : 08;
    274 : 08;
    275 : 08;
    276 : 08;
    277 : 08;
    278 : 08;
    279 : 08;
    280 : 08;
    281 : 08;
    282 : 08;
    283 : 08;
    284 : 08;
    285 : 08;
    286 : 08;
    287 : 08;
    288 : 08;
    289 : 08;
    290 : 08;
    291 : 08;
    292 : 08;
    293 : 08;
    294 : 08;
    295 : 08;
    296 : 08;
    297 : 08;
    298 : 08;
    299 : 08;
    300 : 08;
    301 : 08;
    302 : 08;
    303 : 08;
    304 : 08;
    305 : 08;
    306 : 10;
    307 : 08;
    308 : 08;
    309 : 08;
    310 : 08;
    311 : 10;
    312 : 10;
    313 : 08;
    314 : 10;
    315 : 10;
    316 : 08;
    317 : 08;
    318 : 08;
    319 : 08;
    320 : 7F;
    321 : AC;
    322 : 8C;
    323 : 7E;
    324 : 3C;
    325 : 6C;
    326 : AB;
    327 : 8C;
    328 : 7F;
    329 : AC;
    330 : AB;
    331 : 7C;
    332 : 6C;
    333 : 6E;
    334 : AB;
    335 : AB;
    336 : 8C;
    337 : 80;
    338 : 7F;
    339 : 6D;
    340 : D1;
    341 : B3;
    342 : 70;
    343 : 7F;
    344 : 8C;
    345 : 80;
    346 : 7F;
    347 : 7B;
    348 : 7C;
    349 : 7D;
    350 : 7E;
    351 : 7F;
    352 : 8C;
    353 : 80;
    354 : 7F;
    355 : 78;
    356 : AA;
    357 : D8;
    358 : 8B;
    359 : 7E;
    360 : 8B;
    361 : 7F;
    362 : 81;
    363 : B0;
    364 : 1D;
    365 : 1B;
    366 : 64;
    367 : B0;
    368 : 77;
    369 : 78;
    370 : 64;
    371 : C2;
    372 : 04;
    373 : 00;
    374 : 06;
    375 : FD;
    376 : 6D;
    377 : 7C;
    378 : 72;
    379 : C8;
    380 : 0A;
    381 : 01;
    382 : 0A;
    383 : F7;
    384 : 4E;
    385 : 4E;
    386 : 4E;
    387 : 4C;
    388 : 4C;
    389 : 4E;
    390 : 4E;
    391 : 4E;
    392 : 55;
    393 : 55;
    394 : 55;
    395 : 55;
    396 : 55;
    397 : 4E;
    398 : 4E;
    399 : 4D;
    400 : 55;
    401 : 55;
    402 : 4C;
    403 : 4C;
    404 : 4C;
    405 : 55;
    406 : 4E;
    407 : 4E;
    408 : 55;
    409 : 55;
    410 : 55;
    411 : 4C;
    412 : 4E;
    413 : 4E;
    414 : 4E;
    415 : 4E;
    416 : 4E;
    417 : 4E;
    418 : 4E;
    419 : 4E;
    420 : 4E;
    421 : 4E;
    422 : 4E;
    423 : 5E;
    424 : 4E;
    425 : 4E;
    426 : 57;
    427 : 4E;
    428 : 4E;
    429 : 4E;
    430 : 4E;
    431 : 5E;
    432 : 4C;
    433 : 44;
    434 : 4E;
    435 : 4E;
    436 : 4E;
    437 : 76;
    438 : 4E;
    439 : 4F;
    440 : 4D;
    441 : 4F;
    442 : 4E;
    443 : 4E;
    444 : 4E;
    445 : 4E;
    446 : 4E;
    447 : 50;
    448 : AF;
    449 : A9;
    450 : E2;
    451 : D6;
    452 : F1;
    453 : FC;
    454 : F0;
    455 : 97;
    456 : D4;
    457 : A9;
    458 : 98;
    459 : B1;
    460 : 14;
    461 : 13;
    462 : 63;
    463 : DD;
    464 : D4;
    465 : 9A;
    466 : 83;
    467 : CF;
    468 : 03;
    469 : 00;
    470 : 0B;
    471 : FC;
    472 : D6;
    473 : 98;
    474 : 9B;
    475 : F7;
    476 : 0B;
    477 : 06;
    478 : 12;
    479 : F1;
    480 : D9;
    481 : B0;
    482 : B0;
    483 : E4;
    484 : F9;
    485 : FC;
    486 : F4;
    487 : B5;
    488 : 98;
    489 : D4;
    490 : 81;
    491 : D2;
    492 : AE;
    493 : 81;
    494 : 72;
    495 : B5;
    496 : D4;
    497 : D4;
    498 : AF;
    499 : B0;
    500 : AF;
    501 : A9;
    502 : 98;
    503 : D9;
    504 : D4;
    505 : B4;
    506 : B0;
    507 : 98;
    508 : 98;
    509 : 98;
    510 : 98;
    511 : 97;
    512 : 1D;
    513 : 72;
    514 : 83;
    515 : 83;
    516 : 69;
    517 : 65;
    518 : 4B;
    519 : 5A;
    520 : 14;
    521 : 11;
    522 : 01;
    523 : 01;
    524 : 11;
    525 : EB;
    526 : 33;
    527 : 5A;
    528 : 35;
    529 : 12;
    530 : 01;
    531 : 03;
    532 : 13;
    533 : E4;
    534 : 5D;
    535 : 4C;
    536 : 7A;
    537 : D6;
    538 : 97;
    539 : 97;
    540 : 70;
    541 : 46;
    542 : 42;
    543 : 4C;
    544 : 88;
    545 : 70;
    546 : 8A;
    547 : 47;
    548 : 70;
    549 : 76;
    550 : 74;
    551 : 54;
    552 : 45;
    553 : 45;
    554 : 42;
    555 : 43;
    556 : 42;
    557 : 40;
    558 : 4A;
    559 : 54;
    560 : 4C;
    561 : 59;
    562 : 55;
    563 : 54;
    564 : 40;
    565 : 49;
    566 : 38;
    567 : 49;
    568 : 4D;
    569 : 4C;
    570 : 4C;
    571 : 55;
    572 : 4C;
    573 : 42;
    574 : 49;
    575 : 42;
    576 : 75;
    577 : 6D;
    578 : 7B;
    579 : 8E;
    580 : 87;
    581 : 74;
    582 : 58;
    583 : 3E;
    584 : 6A;
    585 : 36;
    586 : 36;
    587 : 86;
    588 : 86;
    589 : 73;
    590 : 48;
    591 : 1F;
    592 : CA;
    593 : E3;
    594 : D1;
    595 : 79;
    596 : 86;
    597 : 73;
    598 : 3E;
    599 : 32;
    600 : 14;
    601 : 12;
    602 : 14;
    603 : 9B;
    604 : 47;
    605 : 7D;
    606 : 46;
    607 : 8D;
    608 : 05;
    609 : 00;
    610 : 01;
    611 : 37;
    612 : 83;
    613 : 64;
    614 : 7D;
    615 : 7A;
    616 : 11;
    617 : 06;
    618 : 0B;
    619 : 69;
    620 : 65;
    621 : 67;
    622 : 66;
    623 : 75;
    624 : C4;
    625 : FB;
    626 : FB;
    627 : E3;
    628 : 36;
    629 : 73;
    630 : 3A;
    631 : 73;
    632 : 3C;
    633 : 3C;
    634 : 3C;
    635 : 6C;
    636 : 6C;
    637 : 6B;
    638 : 46;
    639 : 6B;
    640 : 97;
    641 : 99;
    642 : 99;
    643 : 8F;
    644 : 8F;
    645 : 8F;
    646 : 8A;
    647 : 8A;
    648 : 97;
    649 : AE;
    650 : AD;
    651 : 8F;
    652 : 8F;
    653 : 8F;
    654 : 81;
    655 : 81;
    656 : 97;
    657 : AE;
    658 : AD;
    659 : 8F;
    660 : 8F;
    661 : 8F;
    662 : 8A;
    663 : 8A;
    664 : 97;
    665 : AF;
    666 : AE;
    667 : 99;
    668 : 8F;
    669 : B3;
    670 : 7C;
    671 : 79;
    672 : 97;
    673 : AF;
    674 : AE;
    675 : B7;
    676 : 8F;
    677 : AC;
    678 : 7B;
    679 : 6B;
    680 : 97;
    681 : AF;
    682 : AF;
    683 : 99;
    684 : 97;
    685 : 72;
    686 : 72;
    687 : D6;
    688 : 97;
    689 : AE;
    690 : AE;
    691 : 93;
    692 : B5;
    693 : 9B;
    694 : 35;
    695 : 1B;
    696 : 97;
    697 : AE;
    698 : AD;
    699 : 97;
    700 : B5;
    701 : F9;
    702 : 05;
    703 : 00;
    704 : E7;
    705 : E7;
    706 : BE;
    707 : A1;
    708 : A3;
    709 : A2;
    710 : C1;
    711 : DF;
    712 : EE;
    713 : DB;
    714 : FC;
    715 : FD;
    716 : FD;
    717 : FC;
    718 : F7;
    719 : C6;
    720 : FC;
    721 : BC;
    722 : 14;
    723 : 1A;
    724 : 1A;
    725 : 34;
    726 : 63;
    727 : C2;
    728 : 63;
    729 : 13;
    730 : 02;
    731 : 01;
    732 : 04;
    733 : 09;
    734 : 10;
    735 : 1A;
    736 : 01;
    737 : 02;
    738 : 02;
    739 : 01;
    740 : 08;
    741 : 10;
    742 : 08;
    743 : 09;
    744 : 04;
    745 : 08;
    746 : 08;
    747 : 08;
    748 : 08;
    749 : 08;
    750 : 08;
    751 : 08;
    752 : 08;
    753 : 10;
    754 : 08;
    755 : 08;
    756 : 08;
    757 : 08;
    758 : 08;
    759 : 08;
    760 : 10;
    761 : 08;
    762 : 10;
    763 : 10;
    764 : 10;
    765 : 10;
    766 : 10;
    767 : 10;
    768 : B9;
    769 : B9;
    770 : A0;
    771 : 82;
    772 : 3C;
    773 : E3;
    774 : 75;
    775 : 75;
    776 : B9;
    777 : 9E;
    778 : A0;
    779 : EE;
    780 : E0;
    781 : 77;
    782 : 75;
    783 : 75;
    784 : 95;
    785 : FC;
    786 : 13;
    787 : 03;
    788 : 12;
    789 : F8;
    790 : 66;
    791 : 75;
    792 : 9E;
    793 : FE;
    794 : 14;
    795 : 06;
    796 : 13;
    797 : F8;
    798 : A7;
    799 : D0;
    800 : B9;
    801 : EA;
    802 : BE;
    803 : FB;
    804 : F8;
    805 : 77;
    806 : D0;
    807 : D0;
    808 : B9;
    809 : 9C;
    810 : 93;
    811 : 82;
    812 : 7A;
    813 : 89;
    814 : D0;
    815 : D0;
    816 : B8;
    817 : F5;
    818 : DA;
    819 : 81;
    820 : 68;
    821 : CB;
    822 : A7;
    823 : 6D;
    824 : B8;
    825 : F2;
    826 : 98;
    827 : 65;
    828 : 67;
    829 : 66;
    830 : 66;
    831 : 6B;
    832 : 73;
    833 : 73;
    834 : 52;
    835 : 33;
    836 : 37;
    837 : 9C;
    838 : 63;
    839 : 63;
    840 : 3A;
    841 : 73;
    842 : 90;
    843 : A1;
    844 : FD;
    845 : 04;
    846 : 02;
    847 : 02;
    848 : 2D;
    849 : 73;
    850 : 1B;
    851 : 0B;
    852 : 0B;
    853 : 02;
    854 : 02;
    855 : 02;
    856 : 68;
    857 : FF;
    858 : 13;
    859 : 00;
    860 : 01;
    861 : 02;
    862 : 02;
    863 : 02;
    864 : 13;
    865 : 0B;
    866 : 09;
    867 : 02;
    868 : 02;
    869 : 02;
    870 : 04;
    871 : 04;
    872 : 09;
    873 : 00;
    874 : 02;
    875 : 02;
    876 : 02;
    877 : 04;
    878 : 06;
    879 : 06;
    880 : 02;
    881 : 02;
    882 : 02;
    883 : 02;
    884 : 02;
    885 : 04;
    886 : 05;
    887 : 05;
    888 : 02;
    889 : 02;
    890 : 02;
    891 : 02;
    892 : 02;
    893 : 04;
    894 : 05;
    895 : 05;
    896 : B9;
    897 : B9;
    898 : C0;
    899 : C1;
    900 : C1;
    901 : C1;
    902 : EA;
    903 : F4;
    904 : B9;
    905 : B9;
    906 : BF;
    907 : F2;
    908 : F2;
    909 : EA;
    910 : EA;
    911 : F4;
    912 : B9;
    913 : B9;
    914 : F5;
    915 : D7;
    916 : DD;
    917 : B1;
    918 : BC;
    919 : BC;
    920 : B9;
    921 : C0;
    922 : B5;
    923 : D7;
    924 : CD;
    925 : 9F;
    926 : 9F;
    927 : FD;
    928 : B9;
    929 : 9E;
    930 : F3;
    931 : CF;
    932 : 9F;
    933 : BC;
    934 : FF;
    935 : 0A;
    936 : E9;
    937 : C0;
    938 : B1;
    939 : C8;
    940 : FC;
    941 : 1B;
    942 : 0B;
    943 : 05;
    944 : EB;
    945 : F7;
    946 : 9C;
    947 : 64;
    948 : C9;
    949 : 1B;
    950 : 12;
    951 : 05;
    952 : F3;
    953 : EB;
    954 : 83;
    955 : E5;
    956 : CF;
    957 : C8;
    958 : FF;
    959 : 12;
    960 : DC;
    961 : DC;
    962 : B5;
    963 : B5;
    964 : DC;
    965 : B5;
    966 : B5;
    967 : A0;
    968 : DC;
    969 : DC;
    970 : B5;
    971 : DD;
    972 : DD;
    973 : DC;
    974 : B5;
    975 : B5;
    976 : B5;
    977 : DD;
    978 : 9B;
    979 : B8;
    980 : B8;
    981 : DD;
    982 : DD;
    983 : DC;
    984 : B5;
    985 : A0;
    986 : DC;
    987 : DD;
    988 : DD;
    989 : DC;
    990 : DC;
    991 : DC;
    992 : A0;
    993 : A0;
    994 : 9B;
    995 : DD;
    996 : DE;
    997 : B5;
    998 : DC;
    999 : DC;
    1000 : F9;
    1001 : FC;
    1002 : FC;
    1003 : DD;
    1004 : EE;
    1005 : B5;
    1006 : EF;
    1007 : DC;
    1008 : 1B;
    1009 : 13;
    1010 : 1B;
    1011 : F4;
    1012 : B5;
    1013 : DC;
    1014 : DC;
    1015 : DD;
    1016 : 0A;
    1017 : 00;
    1018 : 03;
    1019 : C8;
    1020 : 37;
    1021 : B5;
    1022 : B5;
    1023 : DC;
    1024 : BC;
    1025 : FC;
    1026 : BC;
    1027 : CD;
    1028 : BB;
    1029 : BA;
    1030 : BA;
    1031 : 9E;
    1032 : 9C;
    1033 : 1B;
    1034 : 9F;
    1035 : FD;
    1036 : 9D;
    1037 : D5;
    1038 : 95;
    1039 : 9B;
    1040 : 0A;
    1041 : 00;
    1042 : 05;
    1043 : F7;
    1044 : 9D;
    1045 : B5;
    1046 : 9B;
    1047 : B8;
    1048 : 12;
    1049 : 05;
    1050 : 11;
    1051 : F7;
    1052 : 83;
    1053 : B1;
    1054 : DE;
    1055 : E8;
    1056 : FC;
    1057 : FF;
    1058 : FE;
    1059 : C6;
    1060 : D5;
    1061 : B1;
    1062 : 9D;
    1063 : 9B;
    1064 : C6;
    1065 : 69;
    1066 : 69;
    1067 : E4;
    1068 : B5;
    1069 : CD;
    1070 : BA;
    1071 : B8;
    1072 : BB;
    1073 : BB;
    1074 : B1;
    1075 : DA;
    1076 : DC;
    1077 : E9;
    1078 : B9;
    1079 : B8;
    1080 : BA;
    1081 : BA;
    1082 : B6;
    1083 : DC;
    1084 : B8;
    1085 : BA;
    1086 : B9;
    1087 : B8;
    1088 : 06;
    1089 : 0A;
    1090 : 06;
    1091 : 05;
    1092 : 06;
    1093 : 0A;
    1094 : 0A;
    1095 : 07;
    1096 : 06;
    1097 : 04;
    1098 : 05;
    1099 : 06;
    1100 : 06;
    1101 : 0A;
    1102 : 0C;
    1103 : 0C;
    1104 : 06;
    1105 : 03;
    1106 : 04;
    1107 : 06;
    1108 : 06;
    1109 : 0A;
    1110 : 0C;
    1111 : 0C;
    1112 : 06;
    1113 : 06;
    1114 : 06;
    1115 : 06;
    1116 : 06;
    1117 : 0D;
    1118 : 0D;
    1119 : 0D;
    1120 : 06;
    1121 : 06;
    1122 : 06;
    1123 : 07;
    1124 : 07;
    1125 : 0C;
    1126 : 0D;
    1127 : 0D;
    1128 : 0A;
    1129 : 06;
    1130 : 06;
    1131 : 0C;
    1132 : 0C;
    1133 : 07;
    1134 : 07;
    1135 : 0C;
    1136 : 0A;
    1137 : 06;
    1138 : 06;
    1139 : 0A;
    1140 : 07;
    1141 : 0D;
    1142 : 0E;
    1143 : 0E;
    1144 : 06;
    1145 : 06;
    1146 : 06;
    1147 : 06;
    1148 : 06;
    1149 : 0E;
    1150 : 18;
    1151 : 17;
    1152 : 9A;
    1153 : 82;
    1154 : D1;
    1155 : B4;
    1156 : F9;
    1157 : 11;
    1158 : 01;
    1159 : 05;
    1160 : 97;
    1161 : D2;
    1162 : 7F;
    1163 : D9;
    1164 : F4;
    1165 : 12;
    1166 : 03;
    1167 : 0A;
    1168 : AD;
    1169 : 6D;
    1170 : E3;
    1171 : AE;
    1172 : 93;
    1173 : EB;
    1174 : FE;
    1175 : F9;
    1176 : AD;
    1177 : A7;
    1178 : 3B;
    1179 : E3;
    1180 : 70;
    1181 : 82;
    1182 : 3D;
    1183 : 65;
    1184 : AB;
    1185 : A7;
    1186 : 6A;
    1187 : A7;
    1188 : CB;
    1189 : 70;
    1190 : 71;
    1191 : 6F;
    1192 : 7E;
    1193 : 7C;
    1194 : 79;
    1195 : 79;
    1196 : 6B;
    1197 : 6D;
    1198 : 6B;
    1199 : 6B;
    1200 : 6F;
    1201 : 6F;
    1202 : 70;
    1203 : 6F;
    1204 : 6F;
    1205 : 6D;
    1206 : 6F;
    1207 : 6F;
    1208 : 6B;
    1209 : 70;
    1210 : 80;
    1211 : 71;
    1212 : 68;
    1213 : 7C;
    1214 : 6F;
    1215 : 6E;
    1216 : 5D;
    1217 : 5D;
    1218 : 5D;
    1219 : 57;
    1220 : 57;
    1221 : 57;
    1222 : 57;
    1223 : 57;
    1224 : 3E;
    1225 : 73;
    1226 : 66;
    1227 : 43;
    1228 : 5F;
    1229 : 5F;
    1230 : 4B;
    1231 : 4C;
    1232 : 4F;
    1233 : 4F;
    1234 : 45;
    1235 : 8A;
    1236 : BD;
    1237 : BD;
    1238 : 91;
    1239 : 92;
    1240 : 62;
    1241 : 62;
    1242 : 37;
    1243 : 1B;
    1244 : 1B;
    1245 : 1B;
    1246 : 1B;
    1247 : 1B;
    1248 : FA;
    1249 : FC;
    1250 : 13;
    1251 : 02;
    1252 : 02;
    1253 : 02;
    1254 : 02;
    1255 : 02;
    1256 : 11;
    1257 : 11;
    1258 : 0B;
    1259 : 02;
    1260 : 02;
    1261 : 02;
    1262 : 04;
    1263 : 04;
    1264 : 02;
    1265 : 02;
    1266 : 03;
    1267 : 18;
    1268 : 18;
    1269 : 17;
    1270 : 18;
    1271 : 0D;
    1272 : 04;
    1273 : 04;
    1274 : 05;
    1275 : 0F;
    1276 : 0F;
    1277 : 0F;
    1278 : 0F;
    1279 : 0E;
    1280 : 77;
    1281 : A7;
    1282 : 46;
    1283 : 6C;
    1284 : 82;
    1285 : 72;
    1286 : 3D;
    1287 : 3D;
    1288 : 75;
    1289 : 86;
    1290 : D0;
    1291 : 8F;
    1292 : 51;
    1293 : FC;
    1294 : FC;
    1295 : F2;
    1296 : 75;
    1297 : 73;
    1298 : 66;
    1299 : 81;
    1300 : F4;
    1301 : 0A;
    1302 : 05;
    1303 : 14;
    1304 : 86;
    1305 : 86;
    1306 : 41;
    1307 : 6C;
    1308 : F9;
    1309 : 03;
    1310 : 01;
    1311 : 12;
    1312 : 85;
    1313 : 85;
    1314 : 74;
    1315 : D0;
    1316 : D0;
    1317 : 8D;
    1318 : 42;
    1319 : 8B;
    1320 : 74;
    1321 : 41;
    1322 : 3B;
    1323 : D0;
    1324 : 74;
    1325 : 85;
    1326 : D0;
    1327 : 36;
    1328 : 41;
    1329 : 41;
    1330 : 3B;
    1331 : 8D;
    1332 : 87;
    1333 : 3B;
    1334 : 74;
    1335 : 77;
    1336 : 41;
    1337 : 3B;
    1338 : 41;
    1339 : 74;
    1340 : 74;
    1341 : 85;
    1342 : 75;
    1343 : 75;
    1344 : 10;
    1345 : 10;
    1346 : 10;
    1347 : 10;
    1348 : 10;
    1349 : 10;
    1350 : 10;
    1351 : 10;
    1352 : 08;
    1353 : 08;
    1354 : 08;
    1355 : 08;
    1356 : 10;
    1357 : 10;
    1358 : 10;
    1359 : 10;
    1360 : 08;
    1361 : 08;
    1362 : 08;
    1363 : 08;
    1364 : 08;
    1365 : 10;
    1366 : 10;
    1367 : 10;
    1368 : 08;
    1369 : 08;
    1370 : 08;
    1371 : 08;
    1372 : 08;
    1373 : 10;
    1374 : 10;
    1375 : 10;
    1376 : 08;
    1377 : 08;
    1378 : 08;
    1379 : 10;
    1380 : 09;
    1381 : 09;
    1382 : 09;
    1383 : 11;
    1384 : 10;
    1385 : 10;
    1386 : 10;
    1387 : 10;
    1388 : 11;
    1389 : 1A;
    1390 : 1A;
    1391 : 1A;
    1392 : 10;
    1393 : 1A;
    1394 : 11;
    1395 : 1A;
    1396 : 1A;
    1397 : 34;
    1398 : C2;
    1399 : 34;
    1400 : 10;
    1401 : 10;
    1402 : 10;
    1403 : 1A;
    1404 : 1A;
    1405 : 1A;
    1406 : 1A;
    1407 : 1A;
    1408 : 57;
    1409 : 57;
    1410 : 55;
    1411 : 57;
    1412 : 57;
    1413 : 57;
    1414 : 5D;
    1415 : 5D;
    1416 : 66;
    1417 : 50;
    1418 : 47;
    1419 : 61;
    1420 : 55;
    1421 : 58;
    1422 : 48;
    1423 : 3E;
    1424 : 66;
    1425 : 66;
    1426 : 7B;
    1427 : 76;
    1428 : 57;
    1429 : 5D;
    1430 : 5D;
    1431 : 56;
    1432 : 4F;
    1433 : 46;
    1434 : 6A;
    1435 : 3B;
    1436 : 38;
    1437 : 30;
    1438 : 2C;
    1439 : 62;
    1440 : 61;
    1441 : 62;
    1442 : 37;
    1443 : 68;
    1444 : E3;
    1445 : E3;
    1446 : D0;
    1447 : F8;
    1448 : 62;
    1449 : 47;
    1450 : 35;
    1451 : 63;
    1452 : 11;
    1453 : 11;
    1454 : 11;
    1455 : 11;
    1456 : 47;
    1457 : 6B;
    1458 : FB;
    1459 : 63;
    1460 : 01;
    1461 : 02;
    1462 : 02;
    1463 : 02;
    1464 : E3;
    1465 : 11;
    1466 : 09;
    1467 : 09;
    1468 : 02;
    1469 : 02;
    1470 : 02;
    1471 : 02;
    1472 : 27;
    1473 : 48;
    1474 : FA;
    1475 : 34;
    1476 : 02;
    1477 : 02;
    1478 : 02;
    1479 : 02;
    1480 : 60;
    1481 : 13;
    1482 : 0B;
    1483 : 09;
    1484 : 02;
    1485 : 02;
    1486 : 02;
    1487 : 02;
    1488 : FB;
    1489 : 0B;
    1490 : 00;
    1491 : 01;
    1492 : 02;
    1493 : 02;
    1494 : 02;
    1495 : 01;
    1496 : FB;
    1497 : 0B;
    1498 : 01;
    1499 : 02;
    1500 : 05;
    1501 : 05;
    1502 : 05;
    1503 : 05;
    1504 : FB;
    1505 : 09;
    1506 : 01;
    1507 : 01;
    1508 : 0C;
    1509 : 0C;
    1510 : 0C;
    1511 : 0C;
    1512 : E3;
    1513 : 11;
    1514 : 02;
    1515 : 04;
    1516 : 07;
    1517 : 07;
    1518 : 07;
    1519 : 07;
    1520 : 14;
    1521 : 11;
    1522 : 09;
    1523 : 06;
    1524 : 07;
    1525 : 07;
    1526 : 07;
    1527 : 07;
    1528 : 01;
    1529 : 02;
    1530 : 01;
    1531 : 01;
    1532 : 0C;
    1533 : 07;
    1534 : 07;
    1535 : 0C;
    1536 : 8A;
    1537 : 7D;
    1538 : 88;
    1539 : 7B;
    1540 : 8E;
    1541 : 87;
    1542 : 3B;
    1543 : 42;
    1544 : 8A;
    1545 : 7D;
    1546 : 88;
    1547 : 7B;
    1548 : 7A;
    1549 : 70;
    1550 : F8;
    1551 : FE;
    1552 : 8A;
    1553 : 8A;
    1554 : 8E;
    1555 : 8E;
    1556 : 50;
    1557 : F4;
    1558 : 14;
    1559 : 0A;
    1560 : 8A;
    1561 : 8A;
    1562 : 8E;
    1563 : 7A;
    1564 : 3C;
    1565 : FF;
    1566 : 0A;
    1567 : 00;
    1568 : 8A;
    1569 : 8A;
    1570 : 8A;
    1571 : 50;
    1572 : 47;
    1573 : DD;
    1574 : 1B;
    1575 : 12;
    1576 : 7D;
    1577 : 7D;
    1578 : 7D;
    1579 : 7D;
    1580 : 47;
    1581 : 47;
    1582 : 9A;
    1583 : F6;
    1584 : 7A;
    1585 : 7D;
    1586 : 7D;
    1587 : 7D;
    1588 : 7A;
    1589 : 88;
    1590 : 50;
    1591 : 43;
    1592 : 7A;
    1593 : 7D;
    1594 : 7D;
    1595 : 7D;
    1596 : 7A;
    1597 : 7A;
    1598 : 7A;
    1599 : 7A;
    1600 : 2F;
    1601 : 2F;
    1602 : 2F;
    1603 : 86;
    1604 : 34;
    1605 : 02;
    1606 : 02;
    1607 : 04;
    1608 : 2B;
    1609 : 2B;
    1610 : 2B;
    1611 : B7;
    1612 : 34;
    1613 : 02;
    1614 : 02;
    1615 : 04;
    1616 : 2B;
    1617 : 5C;
    1618 : 5D;
    1619 : 99;
    1620 : 1B;
    1621 : 02;
    1622 : 02;
    1623 : 04;
    1624 : 66;
    1625 : 66;
    1626 : 3D;
    1627 : 48;
    1628 : 33;
    1629 : 0D;
    1630 : 0D;
    1631 : 05;
    1632 : 39;
    1633 : 46;
    1634 : 31;
    1635 : 3E;
    1636 : 36;
    1637 : 0A;
    1638 : 0A;
    1639 : 04;
    1640 : 51;
    1641 : 47;
    1642 : 38;
    1643 : E3;
    1644 : 1B;
    1645 : 02;
    1646 : 02;
    1647 : 04;
    1648 : 61;
    1649 : 61;
    1650 : 47;
    1651 : BC;
    1652 : 34;
    1653 : 02;
    1654 : 02;
    1655 : 0A;
    1656 : 5C;
    1657 : 5A;
    1658 : 45;
    1659 : F7;
    1660 : 34;
    1661 : 01;
    1662 : 00;
    1663 : 0B;
    1664 : 88;
    1665 : 88;
    1666 : 7B;
    1667 : 6F;
    1668 : 7E;
    1669 : 65;
    1670 : 65;
    1671 : 35;
    1672 : 5F;
    1673 : 88;
    1674 : 7B;
    1675 : 6F;
    1676 : 68;
    1677 : 68;
    1678 : 6F;
    1679 : 89;
    1680 : 5F;
    1681 : 88;
    1682 : 7B;
    1683 : 68;
    1684 : 65;
    1685 : 67;
    1686 : 6B;
    1687 : 87;
    1688 : 92;
    1689 : 92;
    1690 : 87;
    1691 : 66;
    1692 : A7;
    1693 : 66;
    1694 : A7;
    1695 : 92;
    1696 : 92;
    1697 : 92;
    1698 : 85;
    1699 : 86;
    1700 : 6A;
    1701 : 66;
    1702 : D0;
    1703 : 50;
    1704 : 8F;
    1705 : 35;
    1706 : 64;
    1707 : C9;
    1708 : C6;
    1709 : C6;
    1710 : A6;
    1711 : 3C;
    1712 : 65;
    1713 : 9B;
    1714 : 14;
    1715 : 05;
    1716 : 05;
    1717 : 14;
    1718 : C6;
    1719 : C5;
    1720 : 35;
    1721 : E5;
    1722 : 13;
    1723 : 00;
    1724 : 00;
    1725 : 13;
    1726 : CF;
    1727 : 65;
    1728 : 1B;
    1729 : 14;
    1730 : BC;
    1731 : 06;
    1732 : 00;
    1733 : 01;
    1734 : 1B;
    1735 : CE;
    1736 : CE;
    1737 : 83;
    1738 : FD;
    1739 : 13;
    1740 : 06;
    1741 : 0B;
    1742 : 98;
    1743 : AD;
    1744 : 6B;
    1745 : 3D;
    1746 : 69;
    1747 : E5;
    1748 : FE;
    1749 : FB;
    1750 : 82;
    1751 : 7D;
    1752 : 7B;
    1753 : 72;
    1754 : 35;
    1755 : 6B;
    1756 : 3C;
    1757 : 3C;
    1758 : 3C;
    1759 : 3C;
    1760 : 7D;
    1761 : 8A;
    1762 : 75;
    1763 : 6A;
    1764 : 66;
    1765 : 79;
    1766 : 21;
    1767 : 14;
    1768 : A8;
    1769 : 7C;
    1770 : 8B;
    1771 : 8B;
    1772 : 7B;
    1773 : 7B;
    1774 : 3C;
    1775 : 36;
    1776 : 8B;
    1777 : CB;
    1778 : 8B;
    1779 : 8B;
    1780 : 7B;
    1781 : 6C;
    1782 : 7B;
    1783 : B2;
    1784 : 8C;
    1785 : 8C;
    1786 : 8B;
    1787 : 8B;
    1788 : 7B;
    1789 : 6C;
    1790 : 6C;
    1791 : 8B;
    1792 : 9A;
    1793 : 9A;
    1794 : 9A;
    1795 : 9A;
    1796 : 9A;
    1797 : 9A;
    1798 : 9A;
    1799 : 9A;
    1800 : 9A;
    1801 : 98;
    1802 : B7;
    1803 : D9;
    1804 : D9;
    1805 : 9A;
    1806 : DA;
    1807 : D9;
    1808 : 9A;
    1809 : D4;
    1810 : B7;
    1811 : DA;
    1812 : D9;
    1813 : 93;
    1814 : 98;
    1815 : DA;
    1816 : 9A;
    1817 : 98;
    1818 : D9;
    1819 : B5;
    1820 : EE;
    1821 : F9;
    1822 : D7;
    1823 : 9A;
    1824 : DA;
    1825 : 93;
    1826 : 9A;
    1827 : 98;
    1828 : 35;
    1829 : 1B;
    1830 : 1B;
    1831 : 9A;
    1832 : B5;
    1833 : DA;
    1834 : 99;
    1835 : FC;
    1836 : 0C;
    1837 : 01;
    1838 : 04;
    1839 : 35;
    1840 : B1;
    1841 : B5;
    1842 : 98;
    1843 : F9;
    1844 : 11;
    1845 : 04;
    1846 : 06;
    1847 : 51;
    1848 : 9E;
    1849 : B5;
    1850 : A9;
    1851 : D6;
    1852 : EF;
    1853 : FC;
    1854 : DB;
    1855 : EE;
    1856 : 10;
    1857 : 10;
    1858 : 1A;
    1859 : 1A;
    1860 : 1A;
    1861 : 1A;
    1862 : 1A;
    1863 : 1A;
    1864 : 1A;
    1865 : 1A;
    1866 : 1A;
    1867 : 1A;
    1868 : 1A;
    1869 : 1A;
    1870 : 1A;
    1871 : 1A;
    1872 : 1A;
    1873 : 1A;
    1874 : 1A;
    1875 : 1A;
    1876 : 1A;
    1877 : 1A;
    1878 : 1A;
    1879 : 1A;
    1880 : 1A;
    1881 : 1A;
    1882 : 1A;
    1883 : 1A;
    1884 : 1A;
    1885 : 34;
    1886 : 34;
    1887 : 1A;
    1888 : 1A;
    1889 : 1A;
    1890 : 1A;
    1891 : 1A;
    1892 : 1A;
    1893 : 1A;
    1894 : 1A;
    1895 : 1A;
    1896 : 1A;
    1897 : 1A;
    1898 : 1A;
    1899 : 1A;
    1900 : 1A;
    1901 : 1A;
    1902 : 1A;
    1903 : 1A;
    1904 : 34;
    1905 : 34;
    1906 : 34;
    1907 : 34;
    1908 : 34;
    1909 : 34;
    1910 : 34;
    1911 : 34;
    1912 : 34;
    1913 : 34;
    1914 : 34;
    1915 : 34;
    1916 : 34;
    1917 : 34;
    1918 : 34;
    1919 : 34;
    1920 : AB;
    1921 : B2;
    1922 : B2;
    1923 : B2;
    1924 : B2;
    1925 : B3;
    1926 : B3;
    1927 : 8F;
    1928 : AC;
    1929 : B2;
    1930 : B2;
    1931 : B2;
    1932 : B3;
    1933 : B3;
    1934 : B3;
    1935 : 8F;
    1936 : AD;
    1937 : AD;
    1938 : AD;
    1939 : 8F;
    1940 : 8F;
    1941 : 8F;
    1942 : B3;
    1943 : B3;
    1944 : AF;
    1945 : D6;
    1946 : 72;
    1947 : 37;
    1948 : 64;
    1949 : A6;
    1950 : C5;
    1951 : C7;
    1952 : A9;
    1953 : C6;
    1954 : F1;
    1955 : F1;
    1956 : 69;
    1957 : A6;
    1958 : C5;
    1959 : C5;
    1960 : 9A;
    1961 : C8;
    1962 : 14;
    1963 : 1B;
    1964 : E5;
    1965 : C3;
    1966 : A5;
    1967 : C5;
    1968 : D6;
    1969 : 1B;
    1970 : 00;
    1971 : 01;
    1972 : 1B;
    1973 : C4;
    1974 : A5;
    1975 : A5;
    1976 : 99;
    1977 : 64;
    1978 : 0B;
    1979 : 0A;
    1980 : 37;
    1981 : 98;
    1982 : 98;
    1983 : 98;
    1984 : D9;
    1985 : D9;
    1986 : D9;
    1987 : D9;
    1988 : B7;
    1989 : B7;
    1990 : B7;
    1991 : B7;
    1992 : 98;
    1993 : 98;
    1994 : 98;
    1995 : 9A;
    1996 : 99;
    1997 : 99;
    1998 : 99;
    1999 : 99;
    2000 : 9A;
    2001 : 9A;
    2002 : 9A;
    2003 : 9A;
    2004 : D9;
    2005 : D9;
    2006 : D9;
    2007 : D9;
    2008 : A9;
    2009 : A5;
    2010 : A5;
    2011 : AD;
    2012 : B4;
    2013 : B4;
    2014 : B4;
    2015 : B4;
    2016 : AB;
    2017 : D1;
    2018 : AB;
    2019 : AB;
    2020 : B4;
    2021 : B4;
    2022 : B4;
    2023 : B4;
    2024 : 37;
    2025 : A4;
    2026 : A4;
    2027 : B5;
    2028 : B4;
    2029 : 82;
    2030 : AF;
    2031 : AF;
    2032 : 0B;
    2033 : 01;
    2034 : 05;
    2035 : 9D;
    2036 : D5;
    2037 : DA;
    2038 : A9;
    2039 : 82;
    2040 : 0A;
    2041 : 00;
    2042 : 01;
    2043 : 37;
    2044 : 69;
    2045 : 9A;
    2046 : 97;
    2047 : 82;
    2048 : 74;
    2049 : 76;
    2050 : 76;
    2051 : 5E;
    2052 : 5E;
    2053 : 4F;
    2054 : 8E;
    2055 : 36;
    2056 : 4E;
    2057 : 57;
    2058 : 57;
    2059 : 5E;
    2060 : 57;
    2061 : 57;
    2062 : 50;
    2063 : 7D;
    2064 : 44;
    2065 : 74;
    2066 : 58;
    2067 : 58;
    2068 : 54;
    2069 : 55;
    2070 : 55;
    2071 : 75;
    2072 : 3F;
    2073 : 3F;
    2074 : 48;
    2075 : 48;
    2076 : 48;
    2077 : 41;
    2078 : 38;
    2079 : 38;
    2080 : 46;
    2081 : 42;
    2082 : 3B;
    2083 : 3E;
    2084 : 3F;
    2085 : 3F;
    2086 : 26;
    2087 : 1C;
    2088 : C9;
    2089 : 47;
    2090 : 3C;
    2091 : 74;
    2092 : 41;
    2093 : 3B;
    2094 : 3B;
    2095 : 38;
    2096 : 03;
    2097 : 14;
    2098 : 72;
    2099 : 3C;
    2100 : 41;
    2101 : 3F;
    2102 : 3B;
    2103 : 3B;
    2104 : 03;
    2105 : 14;
    2106 : 8A;
    2107 : 36;
    2108 : 3B;
    2109 : 3B;
    2110 : 3B;
    2111 : 3B;
    2112 : FB;
    2113 : 03;
    2114 : 00;
    2115 : 03;
    2116 : 35;
    2117 : 3B;
    2118 : 3E;
    2119 : 3E;
    2120 : F8;
    2121 : 14;
    2122 : 13;
    2123 : 14;
    2124 : A5;
    2125 : 26;
    2126 : 48;
    2127 : 52;
    2128 : 7F;
    2129 : D7;
    2130 : E5;
    2131 : C9;
    2132 : 65;
    2133 : 46;
    2134 : 55;
    2135 : 8D;
    2136 : AD;
    2137 : 64;
    2138 : A4;
    2139 : A5;
    2140 : 80;
    2141 : 8B;
    2142 : 8E;
    2143 : 8E;
    2144 : AD;
    2145 : C5;
    2146 : A5;
    2147 : C5;
    2148 : 8A;
    2149 : 8A;
    2150 : 8F;
    2151 : B3;
    2152 : AF;
    2153 : C5;
    2154 : C5;
    2155 : AD;
    2156 : 81;
    2157 : 8A;
    2158 : D3;
    2159 : AD;
    2160 : AD;
    2161 : AE;
    2162 : AF;
    2163 : AF;
    2164 : AF;
    2165 : AF;
    2166 : AF;
    2167 : AF;
    2168 : AD;
    2169 : AE;
    2170 : AF;
    2171 : AF;
    2172 : AF;
    2173 : AF;
    2174 : AF;
    2175 : AF;
    2176 : 0B;
    2177 : 13;
    2178 : FB;
    2179 : A7;
    2180 : D0;
    2181 : AE;
    2182 : AE;
    2183 : AB;
    2184 : 00;
    2185 : 03;
    2186 : FE;
    2187 : 36;
    2188 : D0;
    2189 : 39;
    2190 : 97;
    2191 : CB;
    2192 : 11;
    2193 : 13;
    2194 : F9;
    2195 : 86;
    2196 : D0;
    2197 : B0;
    2198 : 97;
    2199 : CB;
    2200 : FC;
    2201 : F2;
    2202 : 8C;
    2203 : D1;
    2204 : CB;
    2205 : D2;
    2206 : A5;
    2207 : C5;
    2208 : 6F;
    2209 : 7E;
    2210 : AB;
    2211 : AB;
    2212 : AB;
    2213 : AB;
    2214 : C5;
    2215 : C5;
    2216 : AB;
    2217 : AB;
    2218 : AB;
    2219 : AB;
    2220 : AB;
    2221 : AB;
    2222 : 80;
    2223 : AB;
    2224 : AB;
    2225 : AB;
    2226 : AB;
    2227 : AB;
    2228 : AB;
    2229 : AB;
    2230 : CB;
    2231 : C7;
    2232 : AB;
    2233 : AB;
    2234 : AB;
    2235 : AB;
    2236 : AB;
    2237 : AB;
    2238 : AA;
    2239 : B2;
    2240 : E9;
    2241 : E9;
    2242 : E9;
    2243 : BA;
    2244 : BC;
    2245 : CD;
    2246 : C2;
    2247 : 01;
    2248 : E9;
    2249 : E9;
    2250 : EB;
    2251 : EB;
    2252 : 9F;
    2253 : BC;
    2254 : FD;
    2255 : 13;
    2256 : E8;
    2257 : EB;
    2258 : EC;
    2259 : EC;
    2260 : BA;
    2261 : CD;
    2262 : CD;
    2263 : FC;
    2264 : F0;
    2265 : EB;
    2266 : EC;
    2267 : EC;
    2268 : BA;
    2269 : B9;
    2270 : B9;
    2271 : 96;
    2272 : EF;
    2273 : E8;
    2274 : EC;
    2275 : EC;
    2276 : B9;
    2277 : B9;
    2278 : B9;
    2279 : B9;
    2280 : DB;
    2281 : F9;
    2282 : F7;
    2283 : BB;
    2284 : B9;
    2285 : B9;
    2286 : B9;
    2287 : B9;
    2288 : B4;
    2289 : F9;
    2290 : F3;
    2291 : B6;
    2292 : E9;
    2293 : E9;
    2294 : E9;
    2295 : E9;
    2296 : FA;
    2297 : 9A;
    2298 : F9;
    2299 : E9;
    2300 : E9;
    2301 : E9;
    2302 : E9;
    2303 : E9;
    2304 : AE;
    2305 : AE;
    2306 : AF;
    2307 : AF;
    2308 : AD;
    2309 : 8F;
    2310 : B0;
    2311 : 9D;
    2312 : 97;
    2313 : AF;
    2314 : 98;
    2315 : 98;
    2316 : B4;
    2317 : AD;
    2318 : AF;
    2319 : B5;
    2320 : 9A;
    2321 : 98;
    2322 : 9A;
    2323 : 9A;
    2324 : 82;
    2325 : AE;
    2326 : AE;
    2327 : B0;
    2328 : 9E;
    2329 : 93;
    2330 : F4;
    2331 : F7;
    2332 : F2;
    2333 : D9;
    2334 : AE;
    2335 : 81;
    2336 : 9A;
    2337 : 9B;
    2338 : 35;
    2339 : 1B;
    2340 : 1B;
    2341 : B1;
    2342 : 98;
    2343 : AE;
    2344 : 37;
    2345 : FC;
    2346 : 06;
    2347 : 00;
    2348 : 03;
    2349 : 69;
    2350 : 72;
    2351 : AE;
    2352 : 72;
    2353 : FC;
    2354 : 12;
    2355 : 0A;
    2356 : 11;
    2357 : E5;
    2358 : 9A;
    2359 : B4;
    2360 : B5;
    2361 : 9A;
    2362 : FC;
    2363 : FE;
    2364 : FC;
    2365 : 9B;
    2366 : 9A;
    2367 : 97;
    2368 : CF;
    2369 : CF;
    2370 : CF;
    2371 : CF;
    2372 : CF;
    2373 : E9;
    2374 : E9;
    2375 : E9;
    2376 : C9;
    2377 : F1;
    2378 : DD;
    2379 : BE;
    2380 : C0;
    2381 : E9;
    2382 : F4;
    2383 : E9;
    2384 : C2;
    2385 : F5;
    2386 : F6;
    2387 : C1;
    2388 : C1;
    2389 : EB;
    2390 : 9E;
    2391 : B9;
    2392 : 1A;
    2393 : 34;
    2394 : 1A;
    2395 : 63;
    2396 : FC;
    2397 : B9;
    2398 : 69;
    2399 : 83;
    2400 : 09;
    2401 : 09;
    2402 : 09;
    2403 : 1A;
    2404 : FD;
    2405 : B8;
    2406 : F9;
    2407 : F9;
    2408 : 08;
    2409 : 10;
    2410 : 10;
    2411 : 10;
    2412 : 11;
    2413 : 1A;
    2414 : FD;
    2415 : CF;
    2416 : 08;
    2417 : 10;
    2418 : 10;
    2419 : 10;
    2420 : 11;
    2421 : 1A;
    2422 : C2;
    2423 : C2;
    2424 : 10;
    2425 : 1A;
    2426 : 1A;
    2427 : 1A;
    2428 : 1A;
    2429 : 1A;
    2430 : 1A;
    2431 : 1A;
    2432 : D8;
    2433 : E0;
    2434 : E0;
    2435 : ED;
    2436 : ED;
    2437 : AE;
    2438 : 99;
    2439 : 99;
    2440 : B3;
    2441 : B3;
    2442 : B3;
    2443 : D8;
    2444 : D8;
    2445 : 8F;
    2446 : AE;
    2447 : 99;
    2448 : AA;
    2449 : A7;
    2450 : AA;
    2451 : AA;
    2452 : AA;
    2453 : B3;
    2454 : B3;
    2455 : 8F;
    2456 : 6F;
    2457 : A7;
    2458 : A7;
    2459 : A8;
    2460 : C7;
    2461 : 67;
    2462 : 65;
    2463 : 71;
    2464 : C5;
    2465 : C5;
    2466 : C5;
    2467 : 71;
    2468 : A6;
    2469 : FA;
    2470 : FA;
    2471 : D7;
    2472 : A6;
    2473 : 64;
    2474 : C4;
    2475 : 64;
    2476 : C3;
    2477 : 1B;
    2478 : 14;
    2479 : 37;
    2480 : A9;
    2481 : 64;
    2482 : D6;
    2483 : 69;
    2484 : 35;
    2485 : 01;
    2486 : 00;
    2487 : 0B;
    2488 : AE;
    2489 : AE;
    2490 : A9;
    2491 : D4;
    2492 : 64;
    2493 : 0B;
    2494 : 06;
    2495 : 13;
    2496 : 98;
    2497 : 98;
    2498 : DA;
    2499 : B5;
    2500 : 9A;
    2501 : B5;
    2502 : DC;
    2503 : 9B;
    2504 : 98;
    2505 : 98;
    2506 : DA;
    2507 : DB;
    2508 : DB;
    2509 : B5;
    2510 : DC;
    2511 : B5;
    2512 : 98;
    2513 : 98;
    2514 : D9;
    2515 : DA;
    2516 : B5;
    2517 : DC;
    2518 : DC;
    2519 : DC;
    2520 : 98;
    2521 : D9;
    2522 : D9;
    2523 : 72;
    2524 : 72;
    2525 : DB;
    2526 : DB;
    2527 : B5;
    2528 : D9;
    2529 : D9;
    2530 : D4;
    2531 : B0;
    2532 : D9;
    2533 : DA;
    2534 : B5;
    2535 : 9A;
    2536 : B4;
    2537 : D4;
    2538 : AF;
    2539 : AF;
    2540 : D4;
    2541 : D9;
    2542 : DA;
    2543 : B5;
    2544 : 97;
    2545 : D4;
    2546 : 82;
    2547 : 82;
    2548 : B4;
    2549 : D9;
    2550 : D9;
    2551 : DB;
    2552 : B0;
    2553 : B0;
    2554 : 82;
    2555 : 82;
    2556 : B4;
    2557 : D9;
    2558 : D9;
    2559 : B5;
    2560 : 5D;
    2561 : 5D;
    2562 : 61;
    2563 : 5D;
    2564 : 5D;
    2565 : 5C;
    2566 : 5C;
    2567 : 5C;
    2568 : 33;
    2569 : 61;
    2570 : 5D;
    2571 : 61;
    2572 : 60;
    2573 : 30;
    2574 : 5C;
    2575 : 5C;
    2576 : 92;
    2577 : 60;
    2578 : 5B;
    2579 : 92;
    2580 : 92;
    2581 : 92;
    2582 : 61;
    2583 : 61;
    2584 : 1B;
    2585 : 1B;
    2586 : 1B;
    2587 : 1B;
    2588 : 1B;
    2589 : 39;
    2590 : 74;
    2591 : 41;
    2592 : 02;
    2593 : 02;
    2594 : 02;
    2595 : 02;
    2596 : 02;
    2597 : 11;
    2598 : FB;
    2599 : 70;
    2600 : 04;
    2601 : 04;
    2602 : 04;
    2603 : 04;
    2604 : 04;
    2605 : 11;
    2606 : 1D;
    2607 : 1B;
    2608 : 0E;
    2609 : 0E;
    2610 : 0E;
    2611 : 0E;
    2612 : 0E;
    2613 : 0D;
    2614 : 0D;
    2615 : 0C;
    2616 : 0E;
    2617 : 0E;
    2618 : 0E;
    2619 : 0E;
    2620 : 0E;
    2621 : 0E;
    2622 : 0E;
    2623 : 0E;
    2624 : 67;
    2625 : 67;
    2626 : 67;
    2627 : 6D;
    2628 : 6E;
    2629 : 7E;
    2630 : 6E;
    2631 : 7C;
    2632 : 6F;
    2633 : 67;
    2634 : 67;
    2635 : B2;
    2636 : 77;
    2637 : 46;
    2638 : 78;
    2639 : B2;
    2640 : 6C;
    2641 : 78;
    2642 : 7B;
    2643 : 6B;
    2644 : F8;
    2645 : FA;
    2646 : F8;
    2647 : 5E;
    2648 : 8B;
    2649 : 6E;
    2650 : 7A;
    2651 : 9A;
    2652 : 13;
    2653 : 11;
    2654 : 14;
    2655 : B7;
    2656 : 87;
    2657 : 89;
    2658 : 3C;
    2659 : F9;
    2660 : 05;
    2661 : 00;
    2662 : 0A;
    2663 : D8;
    2664 : 56;
    2665 : 61;
    2666 : 51;
    2667 : 9A;
    2668 : 14;
    2669 : 11;
    2670 : 14;
    2671 : 8F;
    2672 : 91;
    2673 : 8A;
    2674 : 8A;
    2675 : 8A;
    2676 : FA;
    2677 : FA;
    2678 : F8;
    2679 : 7D;
    2680 : 8A;
    2681 : 8A;
    2682 : 8A;
    2683 : 8E;
    2684 : 44;
    2685 : 40;
    2686 : 43;
    2687 : 81;
    2688 : A5;
    2689 : AB;
    2690 : 5D;
    2691 : 14;
    2692 : 14;
    2693 : 36;
    2694 : E1;
    2695 : A6;
    2696 : 6F;
    2697 : E1;
    2698 : 14;
    2699 : 03;
    2700 : 04;
    2701 : 14;
    2702 : FA;
    2703 : 80;
    2704 : 67;
    2705 : 7C;
    2706 : 38;
    2707 : 13;
    2708 : 12;
    2709 : 40;
    2710 : E6;
    2711 : AD;
    2712 : 6D;
    2713 : 78;
    2714 : 5F;
    2715 : F8;
    2716 : ED;
    2717 : 61;
    2718 : D2;
    2719 : D8;
    2720 : AA;
    2721 : 75;
    2722 : 74;
    2723 : 42;
    2724 : 57;
    2725 : 76;
    2726 : 46;
    2727 : B3;
    2728 : 74;
    2729 : 4E;
    2730 : 46;
    2731 : 3C;
    2732 : 6B;
    2733 : 74;
    2734 : 85;
    2735 : 3A;
    2736 : 4E;
    2737 : 74;
    2738 : 46;
    2739 : 3C;
    2740 : 46;
    2741 : 41;
    2742 : 74;
    2743 : 14;
    2744 : 76;
    2745 : 46;
    2746 : 46;
    2747 : 46;
    2748 : 46;
    2749 : 46;
    2750 : 46;
    2751 : 75;
    2752 : AD;
    2753 : AC;
    2754 : AC;
    2755 : AC;
    2756 : 70;
    2757 : 70;
    2758 : AD;
    2759 : AC;
    2760 : AD;
    2761 : A6;
    2762 : 98;
    2763 : DD;
    2764 : FC;
    2765 : FC;
    2766 : DB;
    2767 : E2;
    2768 : AD;
    2769 : 64;
    2770 : 9B;
    2771 : 1B;
    2772 : 12;
    2773 : 12;
    2774 : 1D;
    2775 : B8;
    2776 : AD;
    2777 : A9;
    2778 : FB;
    2779 : 11;
    2780 : 00;
    2781 : 00;
    2782 : 13;
    2783 : FC;
    2784 : 8B;
    2785 : D1;
    2786 : E4;
    2787 : 1D;
    2788 : 11;
    2789 : 11;
    2790 : 37;
    2791 : DD;
    2792 : CA;
    2793 : CB;
    2794 : CB;
    2795 : D7;
    2796 : FC;
    2797 : FE;
    2798 : DB;
    2799 : AD;
    2800 : CA;
    2801 : AB;
    2802 : CC;
    2803 : A6;
    2804 : 65;
    2805 : 65;
    2806 : 81;
    2807 : AB;
    2808 : C7;
    2809 : 97;
    2810 : 97;
    2811 : AD;
    2812 : 81;
    2813 : 70;
    2814 : 80;
    2815 : 80;
    2816 : EA;
    2817 : A0;
    2818 : F3;
    2819 : 9B;
    2820 : F1;
    2821 : 9D;
    2822 : F7;
    2823 : FE;
    2824 : B8;
    2825 : EA;
    2826 : B9;
    2827 : D5;
    2828 : B6;
    2829 : FC;
    2830 : 13;
    2831 : 05;
    2832 : E9;
    2833 : E9;
    2834 : E9;
    2835 : E9;
    2836 : 9F;
    2837 : FD;
    2838 : 0B;
    2839 : 00;
    2840 : E9;
    2841 : E9;
    2842 : E9;
    2843 : E9;
    2844 : BA;
    2845 : EB;
    2846 : 9D;
    2847 : 1B;
    2848 : E9;
    2849 : E9;
    2850 : E9;
    2851 : E9;
    2852 : F4;
    2853 : DF;
    2854 : DF;
    2855 : F9;
    2856 : B9;
    2857 : B9;
    2858 : B9;
    2859 : B9;
    2860 : 9B;
    2861 : DD;
    2862 : EF;
    2863 : A0;
    2864 : E8;
    2865 : E9;
    2866 : BF;
    2867 : B8;
    2868 : B8;
    2869 : F0;
    2870 : F0;
    2871 : F0;
    2872 : 9B;
    2873 : A0;
    2874 : DD;
    2875 : BF;
    2876 : B9;
    2877 : C0;
    2878 : C0;
    2879 : BA;
    2880 : 0F;
    2881 : 0F;
    2882 : 0F;
    2883 : 0F;
    2884 : 0F;
    2885 : 15;
    2886 : 0F;
    2887 : 15;
    2888 : 0E;
    2889 : 0F;
    2890 : 15;
    2891 : 0F;
    2892 : 0F;
    2893 : 0F;
    2894 : 15;
    2895 : 0F;
    2896 : 0E;
    2897 : 0F;
    2898 : 0F;
    2899 : 0F;
    2900 : 0F;
    2901 : 0F;
    2902 : 0F;
    2903 : 0F;
    2904 : 0F;
    2905 : 0F;
    2906 : 0F;
    2907 : 0F;
    2908 : 0F;
    2909 : 0F;
    2910 : 0F;
    2911 : 0F;
    2912 : 0F;
    2913 : 0F;
    2914 : 0F;
    2915 : 15;
    2916 : 0F;
    2917 : 0F;
    2918 : 0F;
    2919 : 0F;
    2920 : 0F;
    2921 : 15;
    2922 : 15;
    2923 : 15;
    2924 : 15;
    2925 : 15;
    2926 : 15;
    2927 : 15;
    2928 : 0E;
    2929 : 0E;
    2930 : 0E;
    2931 : 0E;
    2932 : 0E;
    2933 : 0E;
    2934 : 0E;
    2935 : 0E;
    2936 : 0D;
    2937 : 0D;
    2938 : 0D;
    2939 : 0D;
    2940 : 0D;
    2941 : 0D;
    2942 : 0D;
    2943 : 0E;
    2944 : 1D;
    2945 : 03;
    2946 : 03;
    2947 : 1D;
    2948 : 9A;
    2949 : 8A;
    2950 : 8A;
    2951 : 7B;
    2952 : 1D;
    2953 : 03;
    2954 : 03;
    2955 : 1D;
    2956 : 97;
    2957 : 8A;
    2958 : 8A;
    2959 : 88;
    2960 : B5;
    2961 : F2;
    2962 : F2;
    2963 : 69;
    2964 : 81;
    2965 : B2;
    2966 : 7A;
    2967 : 4E;
    2968 : 7D;
    2969 : 50;
    2970 : 45;
    2971 : 70;
    2972 : B3;
    2973 : 87;
    2974 : 4E;
    2975 : 85;
    2976 : 88;
    2977 : 50;
    2978 : 7A;
    2979 : 7D;
    2980 : 88;
    2981 : 88;
    2982 : 76;
    2983 : 40;
    2984 : 87;
    2985 : 87;
    2986 : 5E;
    2987 : 5E;
    2988 : 8A;
    2989 : 8B;
    2990 : 76;
    2991 : 74;
    2992 : 78;
    2993 : 88;
    2994 : 88;
    2995 : 8A;
    2996 : 8A;
    2997 : 7A;
    2998 : 76;
    2999 : 87;
    3000 : 88;
    3001 : 88;
    3002 : 88;
    3003 : 7D;
    3004 : 8A;
    3005 : 88;
    3006 : 88;
    3007 : 7B;
    3008 : B8;
    3009 : E8;
    3010 : B8;
    3011 : BB;
    3012 : 69;
    3013 : 95;
    3014 : F7;
    3015 : 9F;
    3016 : DE;
    3017 : DE;
    3018 : DE;
    3019 : DF;
    3020 : F4;
    3021 : F4;
    3022 : BB;
    3023 : BB;
    3024 : DD;
    3025 : DD;
    3026 : DC;
    3027 : D5;
    3028 : D5;
    3029 : D5;
    3030 : D5;
    3031 : D5;
    3032 : DD;
    3033 : DD;
    3034 : DD;
    3035 : DD;
    3036 : D5;
    3037 : D5;
    3038 : D5;
    3039 : D5;
    3040 : B8;
    3041 : B8;
    3042 : DE;
    3043 : D5;
    3044 : D7;
    3045 : 9B;
    3046 : 9B;
    3047 : D5;
    3048 : BA;
    3049 : B9;
    3050 : BA;
    3051 : BA;
    3052 : CF;
    3053 : E5;
    3054 : DF;
    3055 : E5;
    3056 : BB;
    3057 : BB;
    3058 : DF;
    3059 : 9F;
    3060 : 35;
    3061 : 1B;
    3062 : 9F;
    3063 : BC;
    3064 : B6;
    3065 : 9F;
    3066 : F7;
    3067 : 37;
    3068 : 01;
    3069 : 00;
    3070 : 0B;
    3071 : FE;
    3072 : 1C;
    3073 : 2E;
    3074 : 25;
    3075 : 2E;
    3076 : 25;
    3077 : 25;
    3078 : 25;
    3079 : 2D;
    3080 : 25;
    3081 : 24;
    3082 : 24;
    3083 : 2D;
    3084 : 25;
    3085 : 24;
    3086 : 24;
    3087 : 24;
    3088 : 22;
    3089 : 24;
    3090 : 24;
    3091 : 24;
    3092 : 24;
    3093 : 24;
    3094 : 22;
    3095 : 24;
    3096 : 22;
    3097 : 22;
    3098 : 22;
    3099 : 22;
    3100 : 22;
    3101 : 22;
    3102 : 22;
    3103 : 22;
    3104 : 22;
    3105 : 22;
    3106 : 22;
    3107 : 22;
    3108 : 22;
    3109 : 22;
    3110 : 22;
    3111 : 22;
    3112 : 24;
    3113 : 24;
    3114 : 24;
    3115 : 24;
    3116 : 22;
    3117 : 22;
    3118 : 22;
    3119 : 24;
    3120 : 24;
    3121 : 24;
    3122 : 24;
    3123 : 24;
    3124 : 24;
    3125 : 24;
    3126 : 24;
    3127 : 24;
    3128 : 2D;
    3129 : 2E;
    3130 : 2E;
    3131 : 25;
    3132 : 2D;
    3133 : 24;
    3134 : 24;
    3135 : 25;
    3136 : 47;
    3137 : 82;
    3138 : 82;
    3139 : 82;
    3140 : 99;
    3141 : 99;
    3142 : 99;
    3143 : 99;
    3144 : FC;
    3145 : FC;
    3146 : 93;
    3147 : AE;
    3148 : 8A;
    3149 : 8A;
    3150 : 99;
    3151 : 82;
    3152 : 0B;
    3153 : 0B;
    3154 : 72;
    3155 : E5;
    3156 : B5;
    3157 : 62;
    3158 : 99;
    3159 : 8F;
    3160 : 00;
    3161 : 00;
    3162 : 1B;
    3163 : CD;
    3164 : 96;
    3165 : 93;
    3166 : 99;
    3167 : 8F;
    3168 : 14;
    3169 : 14;
    3170 : 9E;
    3171 : 83;
    3172 : 94;
    3173 : 62;
    3174 : 99;
    3175 : 8F;
    3176 : D7;
    3177 : DC;
    3178 : B0;
    3179 : 82;
    3180 : 82;
    3181 : 99;
    3182 : 82;
    3183 : 82;
    3184 : 67;
    3185 : 65;
    3186 : 47;
    3187 : 81;
    3188 : 99;
    3189 : 99;
    3190 : 82;
    3191 : 82;
    3192 : A6;
    3193 : 82;
    3194 : 82;
    3195 : 97;
    3196 : 99;
    3197 : 99;
    3198 : 82;
    3199 : 82;
    3200 : 2F;
    3201 : 3A;
    3202 : 8D;
    3203 : AA;
    3204 : 6D;
    3205 : 7D;
    3206 : 5E;
    3207 : 90;
    3208 : 19;
    3209 : 3E;
    3210 : 75;
    3211 : 7C;
    3212 : 71;
    3213 : 70;
    3214 : 8E;
    3215 : 90;
    3216 : 48;
    3217 : 8D;
    3218 : 89;
    3219 : 70;
    3220 : AD;
    3221 : 70;
    3222 : 7D;
    3223 : 88;
    3224 : 90;
    3225 : 45;
    3226 : 65;
    3227 : 1B;
    3228 : 1B;
    3229 : A9;
    3230 : 7D;
    3231 : B3;
    3232 : 45;
    3233 : 99;
    3234 : 1B;
    3235 : 01;
    3236 : 00;
    3237 : 13;
    3238 : F8;
    3239 : 50;
    3240 : 51;
    3241 : 9A;
    3242 : 35;
    3243 : 06;
    3244 : 05;
    3245 : 14;
    3246 : D6;
    3247 : 8C;
    3248 : 97;
    3249 : 37;
    3250 : 69;
    3251 : F9;
    3252 : FC;
    3253 : 64;
    3254 : 65;
    3255 : D8;
    3256 : 7B;
    3257 : 7D;
    3258 : 6E;
    3259 : 3C;
    3260 : 6C;
    3261 : 6E;
    3262 : 7B;
    3263 : 7B;
    3264 : CD;
    3265 : CD;
    3266 : CF;
    3267 : F7;
    3268 : CD;
    3269 : CF;
    3270 : FC;
    3271 : FC;
    3272 : CD;
    3273 : CD;
    3274 : C8;
    3275 : FC;
    3276 : 63;
    3277 : 05;
    3278 : 03;
    3279 : 13;
    3280 : CD;
    3281 : CD;
    3282 : CD;
    3283 : FE;
    3284 : 1B;
    3285 : 01;
    3286 : 00;
    3287 : 11;
    3288 : CD;
    3289 : CD;
    3290 : CD;
    3291 : F7;
    3292 : C8;
    3293 : 14;
    3294 : 14;
    3295 : 83;
    3296 : CD;
    3297 : CD;
    3298 : CD;
    3299 : F7;
    3300 : C8;
    3301 : FC;
    3302 : FE;
    3303 : F7;
    3304 : B9;
    3305 : B9;
    3306 : B9;
    3307 : B9;
    3308 : B6;
    3309 : 9E;
    3310 : 9E;
    3311 : B9;
    3312 : B9;
    3313 : B9;
    3314 : B9;
    3315 : B9;
    3316 : B9;
    3317 : B9;
    3318 : B9;
    3319 : B9;
    3320 : B9;
    3321 : B9;
    3322 : B9;
    3323 : B9;
    3324 : B9;
    3325 : B9;
    3326 : B9;
    3327 : B9;
    3328 : C7;
    3329 : E3;
    3330 : E3;
    3331 : CB;
    3332 : 68;
    3333 : E0;
    3334 : C5;
    3335 : 8C;
    3336 : E3;
    3337 : E3;
    3338 : CB;
    3339 : 8C;
    3340 : 82;
    3341 : 93;
    3342 : 96;
    3343 : 72;
    3344 : B4;
    3345 : AE;
    3346 : D8;
    3347 : 8B;
    3348 : 8E;
    3349 : 8F;
    3350 : 8A;
    3351 : 7D;
    3352 : 93;
    3353 : 82;
    3354 : 8B;
    3355 : 89;
    3356 : AA;
    3357 : 6D;
    3358 : B2;
    3359 : D8;
    3360 : F8;
    3361 : E3;
    3362 : CB;
    3363 : 8F;
    3364 : 82;
    3365 : 9A;
    3366 : B1;
    3367 : 69;
    3368 : 06;
    3369 : 11;
    3370 : FB;
    3371 : D3;
    3372 : 69;
    3373 : FD;
    3374 : 03;
    3375 : 00;
    3376 : 05;
    3377 : 0B;
    3378 : FB;
    3379 : 68;
    3380 : 9A;
    3381 : FD;
    3382 : 0A;
    3383 : 03;
    3384 : 91;
    3385 : D8;
    3386 : 7A;
    3387 : 6D;
    3388 : CE;
    3389 : 64;
    3390 : FC;
    3391 : FF;
    3392 : 69;
    3393 : FC;
    3394 : 12;
    3395 : 00;
    3396 : 00;
    3397 : 1B;
    3398 : F9;
    3399 : DC;
    3400 : 9A;
    3401 : E5;
    3402 : A4;
    3403 : 12;
    3404 : 12;
    3405 : 69;
    3406 : DA;
    3407 : B5;
    3408 : 9A;
    3409 : 9A;
    3410 : C6;
    3411 : F6;
    3412 : F9;
    3413 : 98;
    3414 : A9;
    3415 : 99;
    3416 : B0;
    3417 : B0;
    3418 : 82;
    3419 : 81;
    3420 : 81;
    3421 : 82;
    3422 : 82;
    3423 : AF;
    3424 : D3;
    3425 : AE;
    3426 : D3;
    3427 : AF;
    3428 : AE;
    3429 : B4;
    3430 : B4;
    3431 : AF;
    3432 : B0;
    3433 : B0;
    3434 : B0;
    3435 : AF;
    3436 : B4;
    3437 : B4;
    3438 : 97;
    3439 : 98;
    3440 : B4;
    3441 : B4;
    3442 : B0;
    3443 : B0;
    3444 : B0;
    3445 : 97;
    3446 : 97;
    3447 : 98;
    3448 : B4;
    3449 : B4;
    3450 : B0;
    3451 : B0;
    3452 : B0;
    3453 : 97;
    3454 : 97;
    3455 : 97;
    3456 : 2F;
    3457 : 31;
    3458 : 3A;
    3459 : 3A;
    3460 : 3A;
    3461 : 3E;
    3462 : 48;
    3463 : 3E;
    3464 : 32;
    3465 : 3A;
    3466 : 26;
    3467 : 49;
    3468 : 49;
    3469 : 49;
    3470 : 53;
    3471 : 49;
    3472 : 5E;
    3473 : 5A;
    3474 : 4C;
    3475 : 4E;
    3476 : 38;
    3477 : 55;
    3478 : 55;
    3479 : 55;
    3480 : 94;
    3481 : 93;
    3482 : 92;
    3483 : 5F;
    3484 : 4B;
    3485 : 5F;
    3486 : 61;
    3487 : 5D;
    3488 : 01;
    3489 : 03;
    3490 : ED;
    3491 : 5D;
    3492 : 61;
    3493 : 5D;
    3494 : 91;
    3495 : 91;
    3496 : 01;
    3497 : 05;
    3498 : 8F;
    3499 : 33;
    3500 : 92;
    3501 : 55;
    3502 : 55;
    3503 : 55;
    3504 : 94;
    3505 : 51;
    3506 : 51;
    3507 : 33;
    3508 : 55;
    3509 : 5B;
    3510 : 58;
    3511 : 53;
    3512 : 35;
    3513 : 39;
    3514 : 5D;
    3515 : 91;
    3516 : 5F;
    3517 : 49;
    3518 : 48;
    3519 : 53;
    3520 : 00;
    3521 : 05;
    3522 : FC;
    3523 : 82;
    3524 : 7F;
    3525 : 7E;
    3526 : 89;
    3527 : 78;
    3528 : 03;
    3529 : 0A;
    3530 : F0;
    3531 : A9;
    3532 : 81;
    3533 : 7D;
    3534 : 89;
    3535 : 77;
    3536 : FC;
    3537 : F5;
    3538 : A6;
    3539 : 51;
    3540 : 70;
    3541 : 8E;
    3542 : 7B;
    3543 : B2;
    3544 : 39;
    3545 : 35;
    3546 : 8A;
    3547 : 8A;
    3548 : 7E;
    3549 : 78;
    3550 : 7B;
    3551 : D3;
    3552 : 68;
    3553 : 68;
    3554 : B3;
    3555 : 89;
    3556 : 78;
    3557 : 8B;
    3558 : 7B;
    3559 : D4;
    3560 : 6E;
    3561 : 6F;
    3562 : 6D;
    3563 : 78;
    3564 : 6D;
    3565 : 1B;
    3566 : 3C;
    3567 : AF;
    3568 : 46;
    3569 : 76;
    3570 : 78;
    3571 : 78;
    3572 : 77;
    3573 : 1B;
    3574 : 36;
    3575 : 68;
    3576 : 77;
    3577 : 78;
    3578 : 76;
    3579 : 78;
    3580 : 78;
    3581 : 7E;
    3582 : D1;
    3583 : E3;
    3584 : E9;
    3585 : E9;
    3586 : E9;
    3587 : F3;
    3588 : D7;
    3589 : DD;
    3590 : E7;
    3591 : EA;
    3592 : E9;
    3593 : E9;
    3594 : E9;
    3595 : BA;
    3596 : EB;
    3597 : F2;
    3598 : E2;
    3599 : E2;
    3600 : E9;
    3601 : E9;
    3602 : F4;
    3603 : 9E;
    3604 : 9F;
    3605 : BC;
    3606 : 83;
    3607 : 1B;
    3608 : E9;
    3609 : E9;
    3610 : E9;
    3611 : BE;
    3612 : 83;
    3613 : FF;
    3614 : 13;
    3615 : 01;
    3616 : F0;
    3617 : F3;
    3618 : EB;
    3619 : DF;
    3620 : 1B;
    3621 : 13;
    3622 : 09;
    3623 : 01;
    3624 : F8;
    3625 : C6;
    3626 : BC;
    3627 : FF;
    3628 : 13;
    3629 : 01;
    3630 : 02;
    3631 : 08;
    3632 : 69;
    3633 : CF;
    3634 : 34;
    3635 : 09;
    3636 : 09;
    3637 : 01;
    3638 : 02;
    3639 : 10;
    3640 : CF;
    3641 : FD;
    3642 : 1A;
    3643 : 00;
    3644 : 01;
    3645 : 01;
    3646 : 08;
    3647 : 10;
    3648 : EB;
    3649 : C1;
    3650 : A2;
    3651 : A2;
    3652 : F0;
    3653 : F0;
    3654 : F0;
    3655 : F0;
    3656 : EB;
    3657 : E8;
    3658 : A0;
    3659 : DB;
    3660 : EE;
    3661 : EF;
    3662 : EF;
    3663 : F0;
    3664 : 94;
    3665 : F5;
    3666 : D7;
    3667 : D6;
    3668 : F2;
    3669 : E8;
    3670 : F5;
    3671 : E8;
    3672 : FD;
    3673 : 9D;
    3674 : E5;
    3675 : 69;
    3676 : 9C;
    3677 : EC;
    3678 : 9C;
    3679 : BB;
    3680 : 13;
    3681 : FF;
    3682 : 83;
    3683 : FE;
    3684 : FF;
    3685 : FF;
    3686 : FD;
    3687 : EC;
    3688 : 04;
    3689 : 11;
    3690 : BC;
    3691 : 13;
    3692 : 06;
    3693 : 0A;
    3694 : 1B;
    3695 : FD;
    3696 : 03;
    3697 : 12;
    3698 : FF;
    3699 : 0A;
    3700 : 00;
    3701 : 00;
    3702 : 11;
    3703 : FD;
    3704 : 13;
    3705 : FD;
    3706 : FD;
    3707 : 14;
    3708 : 11;
    3709 : 11;
    3710 : 63;
    3711 : F7;
    3712 : 7F;
    3713 : AB;
    3714 : AC;
    3715 : AD;
    3716 : AE;
    3717 : B0;
    3718 : 99;
    3719 : 8F;
    3720 : 7F;
    3721 : AB;
    3722 : AC;
    3723 : AD;
    3724 : AE;
    3725 : AF;
    3726 : 82;
    3727 : 82;
    3728 : 7F;
    3729 : AB;
    3730 : AC;
    3731 : AD;
    3732 : AD;
    3733 : 98;
    3734 : F1;
    3735 : D7;
    3736 : 7F;
    3737 : 70;
    3738 : E0;
    3739 : 81;
    3740 : AD;
    3741 : D6;
    3742 : 35;
    3743 : 1B;
    3744 : 7F;
    3745 : 70;
    3746 : AC;
    3747 : E1;
    3748 : D3;
    3749 : 1D;
    3750 : 01;
    3751 : 00;
    3752 : 7F;
    3753 : 7D;
    3754 : 81;
    3755 : F8;
    3756 : 70;
    3757 : 37;
    3758 : 0B;
    3759 : 06;
    3760 : 71;
    3761 : 68;
    3762 : CC;
    3763 : A5;
    3764 : AD;
    3765 : C4;
    3766 : FF;
    3767 : FF;
    3768 : A5;
    3769 : 65;
    3770 : 65;
    3771 : 35;
    3772 : D1;
    3773 : 80;
    3774 : 35;
    3775 : 65;
    3776 : 58;
    3777 : 35;
    3778 : FD;
    3779 : 04;
    3780 : 00;
    3781 : 02;
    3782 : 04;
    3783 : 12;
    3784 : 50;
    3785 : 35;
    3786 : FD;
    3787 : 05;
    3788 : 01;
    3789 : 01;
    3790 : 00;
    3791 : 0B;
    3792 : 3D;
    3793 : 37;
    3794 : 95;
    3795 : 1B;
    3796 : 14;
    3797 : 14;
    3798 : 14;
    3799 : 1D;
    3800 : 68;
    3801 : 3D;
    3802 : 99;
    3803 : 93;
    3804 : 72;
    3805 : 93;
    3806 : EE;
    3807 : 47;
    3808 : 46;
    3809 : 3C;
    3810 : 40;
    3811 : 44;
    3812 : 44;
    3813 : 3C;
    3814 : 7A;
    3815 : 45;
    3816 : 55;
    3817 : 4A;
    3818 : 49;
    3819 : 58;
    3820 : 58;
    3821 : 48;
    3822 : 40;
    3823 : 3C;
    3824 : 54;
    3825 : 54;
    3826 : 53;
    3827 : 53;
    3828 : 53;
    3829 : 53;
    3830 : 42;
    3831 : 3C;
    3832 : 59;
    3833 : 59;
    3834 : 5A;
    3835 : 5A;
    3836 : 5A;
    3837 : 5A;
    3838 : 44;
    3839 : 42;
    3840 : B9;
    3841 : B9;
    3842 : B9;
    3843 : B9;
    3844 : B9;
    3845 : B9;
    3846 : B9;
    3847 : B9;
    3848 : B9;
    3849 : B9;
    3850 : B9;
    3851 : B9;
    3852 : B9;
    3853 : B9;
    3854 : B9;
    3855 : B9;
    3856 : B9;
    3857 : B9;
    3858 : B9;
    3859 : B9;
    3860 : B9;
    3861 : B9;
    3862 : B9;
    3863 : B9;
    3864 : E9;
    3865 : F4;
    3866 : F4;
    3867 : E9;
    3868 : B9;
    3869 : B9;
    3870 : E9;
    3871 : E9;
    3872 : F4;
    3873 : B9;
    3874 : B9;
    3875 : 9E;
    3876 : 95;
    3877 : B8;
    3878 : E9;
    3879 : E9;
    3880 : F4;
    3881 : F9;
    3882 : F9;
    3883 : FC;
    3884 : F7;
    3885 : EB;
    3886 : EB;
    3887 : E9;
    3888 : F4;
    3889 : EA;
    3890 : A0;
    3891 : 35;
    3892 : 35;
    3893 : 72;
    3894 : F2;
    3895 : E7;
    3896 : EA;
    3897 : C1;
    3898 : 1D;
    3899 : 05;
    3900 : 05;
    3901 : 12;
    3902 : FB;
    3903 : D8;
    3904 : 09;
    3905 : 10;
    3906 : FD;
    3907 : CF;
    3908 : CF;
    3909 : FD;
    3910 : CF;
    3911 : C8;
    3912 : 08;
    3913 : 08;
    3914 : 10;
    3915 : 10;
    3916 : 10;
    3917 : 0B;
    3918 : 1A;
    3919 : FD;
    3920 : 08;
    3921 : 08;
    3922 : 08;
    3923 : 08;
    3924 : 09;
    3925 : 09;
    3926 : 10;
    3927 : C2;
    3928 : 08;
    3929 : 08;
    3930 : 10;
    3931 : 10;
    3932 : 10;
    3933 : 10;
    3934 : 10;
    3935 : 11;
    3936 : 10;
    3937 : 10;
    3938 : 10;
    3939 : 10;
    3940 : 10;
    3941 : 10;
    3942 : 10;
    3943 : 10;
    3944 : 08;
    3945 : 10;
    3946 : 10;
    3947 : 10;
    3948 : 10;
    3949 : 10;
    3950 : 10;
    3951 : 10;
    3952 : 10;
    3953 : 10;
    3954 : 10;
    3955 : 10;
    3956 : 10;
    3957 : 10;
    3958 : 10;
    3959 : 10;
    3960 : 10;
    3961 : 10;
    3962 : 10;
    3963 : 10;
    3964 : 10;
    3965 : 10;
    3966 : 10;
    3967 : 10;
    3968 : 93;
    3969 : 13;
    3970 : 13;
    3971 : 35;
    3972 : D9;
    3973 : AC;
    3974 : AD;
    3975 : AD;
    3976 : 35;
    3977 : 01;
    3978 : 01;
    3979 : 12;
    3980 : FB;
    3981 : 70;
    3982 : AD;
    3983 : AD;
    3984 : 47;
    3985 : 0B;
    3986 : 0A;
    3987 : 19;
    3988 : E6;
    3989 : 81;
    3990 : AD;
    3991 : AD;
    3992 : BD;
    3993 : FB;
    3994 : FC;
    3995 : A1;
    3996 : 91;
    3997 : CC;
    3998 : AD;
    3999 : AD;
    4000 : AD;
    4001 : 70;
    4002 : 70;
    4003 : AD;
    4004 : CC;
    4005 : AD;
    4006 : AD;
    4007 : AD;
    4008 : CE;
    4009 : A5;
    4010 : C3;
    4011 : C3;
    4012 : A6;
    4013 : AD;
    4014 : AD;
    4015 : AD;
    4016 : AD;
    4017 : AD;
    4018 : AD;
    4019 : AD;
    4020 : AD;
    4021 : AD;
    4022 : AD;
    4023 : AD;
    4024 : AD;
    4025 : AD;
    4026 : AD;
    4027 : AD;
    4028 : AD;
    4029 : AD;
    4030 : AD;
    4031 : AD;
    4032 : 02;
    4033 : 02;
    4034 : 02;
    4035 : 04;
    4036 : 04;
    4037 : 04;
    4038 : 04;
    4039 : 04;
    4040 : 02;
    4041 : 02;
    4042 : 04;
    4043 : 04;
    4044 : 04;
    4045 : 04;
    4046 : 04;
    4047 : 04;
    4048 : 02;
    4049 : 04;
    4050 : 04;
    4051 : 04;
    4052 : 04;
    4053 : 04;
    4054 : 04;
    4055 : 05;
    4056 : 06;
    4057 : 06;
    4058 : 06;
    4059 : 06;
    4060 : 06;
    4061 : 06;
    4062 : 06;
    4063 : 06;
    4064 : 0C;
    4065 : 0C;
    4066 : 0C;
    4067 : 07;
    4068 : 07;
    4069 : 07;
    4070 : 07;
    4071 : 07;
    4072 : 07;
    4073 : 07;
    4074 : 07;
    4075 : 07;
    4076 : 07;
    4077 : 07;
    4078 : 07;
    4079 : 0C;
    4080 : 07;
    4081 : 07;
    4082 : 07;
    4083 : 07;
    4084 : 07;
    4085 : 07;
    4086 : 07;
    4087 : 0C;
    4088 : 07;
    4089 : 07;
    4090 : 0C;
    4091 : 0E;
    4092 : 0F;
    4093 : 0F;
    4094 : 0E;
    4095 : 0F;
    4096 : 79;
    4097 : 7C;
    4098 : D4;
    4099 : 1B;
    4100 : 05;
    4101 : 04;
    4102 : 13;
    4103 : F8;
    4104 : 75;
    4105 : 6B;
    4106 : F8;
    4107 : 14;
    4108 : 01;
    4109 : 00;
    4110 : 11;
    4111 : FA;
    4112 : 6D;
    4113 : 7C;
    4114 : 81;
    4115 : B5;
    4116 : 9D;
    4117 : 37;
    4118 : 82;
    4119 : AC;
    4120 : 7D;
    4121 : 7D;
    4122 : AB;
    4123 : 7A;
    4124 : 6C;
    4125 : AC;
    4126 : AF;
    4127 : 70;
    4128 : 8A;
    4129 : 7D;
    4130 : 8F;
    4131 : 89;
    4132 : 89;
    4133 : 6B;
    4134 : 80;
    4135 : 70;
    4136 : 8B;
    4137 : 8B;
    4138 : 8B;
    4139 : 8B;
    4140 : 8B;
    4141 : 7E;
    4142 : 7D;
    4143 : 7D;
    4144 : 7D;
    4145 : 7D;
    4146 : 7D;
    4147 : 7D;
    4148 : 7D;
    4149 : 7D;
    4150 : 8A;
    4151 : 8A;
    4152 : 8A;
    4153 : 8A;
    4154 : 8A;
    4155 : 8A;
    4156 : 8A;
    4157 : 8A;
    4158 : 8A;
    4159 : 8A;
    4160 : 71;
    4161 : 71;
    4162 : 71;
    4163 : 7F;
    4164 : 7F;
    4165 : 7F;
    4166 : 7F;
    4167 : 7D;
    4168 : 7F;
    4169 : 7F;
    4170 : 7F;
    4171 : 7F;
    4172 : 7F;
    4173 : 7F;
    4174 : 71;
    4175 : E0;
    4176 : 7F;
    4177 : 7F;
    4178 : 7F;
    4179 : AB;
    4180 : AB;
    4181 : AB;
    4182 : 68;
    4183 : E4;
    4184 : 7F;
    4185 : 80;
    4186 : 7F;
    4187 : AC;
    4188 : AB;
    4189 : AB;
    4190 : AB;
    4191 : 7E;
    4192 : 71;
    4193 : 68;
    4194 : 65;
    4195 : 67;
    4196 : 7E;
    4197 : AB;
    4198 : D1;
    4199 : 8C;
    4200 : AC;
    4201 : D6;
    4202 : F9;
    4203 : FA;
    4204 : 65;
    4205 : 7F;
    4206 : 7B;
    4207 : 67;
    4208 : 51;
    4209 : 1D;
    4210 : 11;
    4211 : 12;
    4212 : 35;
    4213 : D4;
    4214 : 67;
    4215 : 7E;
    4216 : 7D;
    4217 : 12;
    4218 : 01;
    4219 : 01;
    4220 : 14;
    4221 : E4;
    4222 : AB;
    4223 : 70;
    4224 : A2;
    4225 : EC;
    4226 : FD;
    4227 : FD;
    4228 : FD;
    4229 : FF;
    4230 : 09;
    4231 : 02;
    4232 : FC;
    4233 : 11;
    4234 : 02;
    4235 : 02;
    4236 : 02;
    4237 : 02;
    4238 : 02;
    4239 : 02;
    4240 : BC;
    4241 : 09;
    4242 : 01;
    4243 : 01;
    4244 : 01;
    4245 : 01;
    4246 : 02;
    4247 : 08;
    4248 : 02;
    4249 : 02;
    4250 : 08;
    4251 : 08;
    4252 : 08;
    4253 : 08;
    4254 : 08;
    4255 : 08;
    4256 : 02;
    4257 : 02;
    4258 : 08;
    4259 : 08;
    4260 : 08;
    4261 : 08;
    4262 : 08;
    4263 : 08;
    4264 : 08;
    4265 : 08;
    4266 : 08;
    4267 : 08;
    4268 : 08;
    4269 : 08;
    4270 : 08;
    4271 : 10;
    4272 : 08;
    4273 : 08;
    4274 : 08;
    4275 : 08;
    4276 : 08;
    4277 : 08;
    4278 : 08;
    4279 : 10;
    4280 : 08;
    4281 : 10;
    4282 : 10;
    4283 : 10;
    4284 : 10;
    4285 : 10;
    4286 : 10;
    4287 : 10;
    4288 : E9;
    4289 : EB;
    4290 : EC;
    4291 : EC;
    4292 : EC;
    4293 : C1;
    4294 : EA;
    4295 : EA;
    4296 : E9;
    4297 : C1;
    4298 : A3;
    4299 : A3;
    4300 : C1;
    4301 : E7;
    4302 : EE;
    4303 : DA;
    4304 : E9;
    4305 : E8;
    4306 : E7;
    4307 : F2;
    4308 : F8;
    4309 : D3;
    4310 : E1;
    4311 : E4;
    4312 : E9;
    4313 : E9;
    4314 : F5;
    4315 : F1;
    4316 : D7;
    4317 : CF;
    4318 : BC;
    4319 : BC;
    4320 : E9;
    4321 : EB;
    4322 : BC;
    4323 : BC;
    4324 : 9F;
    4325 : BC;
    4326 : FD;
    4327 : 1A;
    4328 : BD;
    4329 : F9;
    4330 : FF;
    4331 : 09;
    4332 : 02;
    4333 : 04;
    4334 : 04;
    4335 : 02;
    4336 : 9F;
    4337 : 1B;
    4338 : 1A;
    4339 : 02;
    4340 : 02;
    4341 : 02;
    4342 : 02;
    4343 : 02;
    4344 : FD;
    4345 : 02;
    4346 : 01;
    4347 : 02;
    4348 : 01;
    4349 : 02;
    4350 : 08;
    4351 : 08;
    4352 : F5;
    4353 : 1B;
    4354 : 0B;
    4355 : 11;
    4356 : 1D;
    4357 : 47;
    4358 : 82;
    4359 : E2;
    4360 : F9;
    4361 : 13;
    4362 : 00;
    4363 : 01;
    4364 : 13;
    4365 : FA;
    4366 : 82;
    4367 : D9;
    4368 : 64;
    4369 : 1B;
    4370 : 11;
    4371 : 11;
    4372 : 1D;
    4373 : FA;
    4374 : AF;
    4375 : 82;
    4376 : A5;
    4377 : C9;
    4378 : FC;
    4379 : E5;
    4380 : D6;
    4381 : 82;
    4382 : AF;
    4383 : AF;
    4384 : C5;
    4385 : A6;
    4386 : A4;
    4387 : 69;
    4388 : 82;
    4389 : AF;
    4390 : AF;
    4391 : AF;
    4392 : C7;
    4393 : C5;
    4394 : AD;
    4395 : AF;
    4396 : AF;
    4397 : AF;
    4398 : AF;
    4399 : AF;
    4400 : CC;
    4401 : 80;
    4402 : AE;
    4403 : 82;
    4404 : AF;
    4405 : AF;
    4406 : AF;
    4407 : AF;
    4408 : D4;
    4409 : AE;
    4410 : 7D;
    4411 : 68;
    4412 : AD;
    4413 : AD;
    4414 : AD;
    4415 : AD;
    4416 : D2;
    4417 : 8F;
    4418 : EE;
    4419 : FC;
    4420 : FC;
    4421 : DB;
    4422 : AE;
    4423 : B4;
    4424 : 7D;
    4425 : EE;
    4426 : 1B;
    4427 : 06;
    4428 : 03;
    4429 : 14;
    4430 : F2;
    4431 : 97;
    4432 : 81;
    4433 : D4;
    4434 : 1B;
    4435 : 05;
    4436 : 03;
    4437 : 14;
    4438 : F5;
    4439 : B0;
    4440 : AC;
    4441 : AD;
    4442 : 98;
    4443 : E4;
    4444 : EE;
    4445 : 98;
    4446 : AF;
    4447 : D3;
    4448 : 7D;
    4449 : AB;
    4450 : 7D;
    4451 : 65;
    4452 : 70;
    4453 : D2;
    4454 : AD;
    4455 : 80;
    4456 : AB;
    4457 : 7B;
    4458 : 7E;
    4459 : 7E;
    4460 : 7E;
    4461 : AB;
    4462 : AC;
    4463 : AC;
    4464 : 8B;
    4465 : 7C;
    4466 : 89;
    4467 : 89;
    4468 : 8B;
    4469 : 7F;
    4470 : AD;
    4471 : E2;
    4472 : 8B;
    4473 : 7E;
    4474 : 7F;
    4475 : 7F;
    4476 : 81;
    4477 : AE;
    4478 : D9;
    4479 : 37;
    4480 : 76;
    4481 : 50;
    4482 : 50;
    4483 : 88;
    4484 : 88;
    4485 : 5E;
    4486 : 4E;
    4487 : 76;
    4488 : 6C;
    4489 : 50;
    4490 : 8E;
    4491 : 88;
    4492 : 5E;
    4493 : 57;
    4494 : 54;
    4495 : 4E;
    4496 : 6C;
    4497 : 50;
    4498 : 87;
    4499 : 76;
    4500 : 41;
    4501 : 41;
    4502 : 74;
    4503 : 74;
    4504 : 6C;
    4505 : 50;
    4506 : 46;
    4507 : 78;
    4508 : F8;
    4509 : F8;
    4510 : 8A;
    4511 : 50;
    4512 : 6B;
    4513 : 6C;
    4514 : 81;
    4515 : 37;
    4516 : 14;
    4517 : 14;
    4518 : 39;
    4519 : 39;
    4520 : 6B;
    4521 : 35;
    4522 : DB;
    4523 : 11;
    4524 : 00;
    4525 : 00;
    4526 : 11;
    4527 : F6;
    4528 : 6B;
    4529 : 45;
    4530 : CC;
    4531 : 1B;
    4532 : 0B;
    4533 : 0A;
    4534 : 1D;
    4535 : 51;
    4536 : 75;
    4537 : AA;
    4538 : 67;
    4539 : 7F;
    4540 : FC;
    4541 : FC;
    4542 : B5;
    4543 : 72;
    4544 : 45;
    4545 : 7A;
    4546 : 6B;
    4547 : 77;
    4548 : 78;
    4549 : 81;
    4550 : 47;
    4551 : 8F;
    4552 : FE;
    4553 : 83;
    4554 : 82;
    4555 : 8B;
    4556 : 7B;
    4557 : 81;
    4558 : 47;
    4559 : BD;
    4560 : 0A;
    4561 : 69;
    4562 : 9B;
    4563 : 7D;
    4564 : 89;
    4565 : 8E;
    4566 : 47;
    4567 : 99;
    4568 : 00;
    4569 : 1B;
    4570 : 9A;
    4571 : 7A;
    4572 : 76;
    4573 : 88;
    4574 : 8E;
    4575 : 8A;
    4576 : 14;
    4577 : 72;
    4578 : 8A;
    4579 : 3C;
    4580 : 76;
    4581 : 78;
    4582 : 88;
    4583 : 8A;
    4584 : E2;
    4585 : 8A;
    4586 : 7D;
    4587 : 7A;
    4588 : 7A;
    4589 : 7D;
    4590 : 7D;
    4591 : 7D;
    4592 : 7A;
    4593 : 7D;
    4594 : 8A;
    4595 : 7A;
    4596 : 7D;
    4597 : 7D;
    4598 : 7D;
    4599 : 7D;
    4600 : 7D;
    4601 : 7D;
    4602 : 7D;
    4603 : 7D;
    4604 : 7D;
    4605 : 7D;
    4606 : 7D;
    4607 : 7D;
    4608 : 7B;
    4609 : 46;
    4610 : 46;
    4611 : 41;
    4612 : 74;
    4613 : 77;
    4614 : 76;
    4615 : 78;
    4616 : 7A;
    4617 : B0;
    4618 : FA;
    4619 : F9;
    4620 : AD;
    4621 : 68;
    4622 : 78;
    4623 : 87;
    4624 : FA;
    4625 : 13;
    4626 : 05;
    4627 : 05;
    4628 : 14;
    4629 : 9A;
    4630 : 68;
    4631 : 76;
    4632 : FB;
    4633 : 11;
    4634 : 00;
    4635 : 01;
    4636 : 14;
    4637 : DB;
    4638 : 45;
    4639 : 76;
    4640 : 8F;
    4641 : 3D;
    4642 : 1B;
    4643 : 1B;
    4644 : 51;
    4645 : 70;
    4646 : 7D;
    4647 : 76;
    4648 : 45;
    4649 : 70;
    4650 : 97;
    4651 : 6E;
    4652 : 6C;
    4653 : 3C;
    4654 : 4E;
    4655 : 76;
    4656 : 4E;
    4657 : 43;
    4658 : 38;
    4659 : 42;
    4660 : 76;
    4661 : 46;
    4662 : 46;
    4663 : 4E;
    4664 : 4F;
    4665 : 4F;
    4666 : 45;
    4667 : 44;
    4668 : 44;
    4669 : 4E;
    4670 : 4E;
    4671 : 46;
    4672 : 7B;
    4673 : 7B;
    4674 : 7B;
    4675 : 7B;
    4676 : 7B;
    4677 : 7B;
    4678 : 7B;
    4679 : 7B;
    4680 : 7B;
    4681 : 7B;
    4682 : 7B;
    4683 : 7B;
    4684 : 7B;
    4685 : 7B;
    4686 : 7D;
    4687 : 7B;
    4688 : 7B;
    4689 : 7B;
    4690 : 7B;
    4691 : 7B;
    4692 : 7B;
    4693 : 6D;
    4694 : 65;
    4695 : 64;
    4696 : 7B;
    4697 : 7B;
    4698 : 7B;
    4699 : 7B;
    4700 : 7B;
    4701 : 66;
    4702 : 73;
    4703 : 66;
    4704 : 7B;
    4705 : 7B;
    4706 : 7B;
    4707 : 7B;
    4708 : 7B;
    4709 : 6A;
    4710 : 6A;
    4711 : C7;
    4712 : 7B;
    4713 : 6C;
    4714 : 6C;
    4715 : 6E;
    4716 : 6C;
    4717 : 82;
    4718 : 83;
    4719 : 1B;
    4720 : 7B;
    4721 : 6C;
    4722 : 6C;
    4723 : 6E;
    4724 : 36;
    4725 : FF;
    4726 : 11;
    4727 : 00;
    4728 : 7B;
    4729 : 7B;
    4730 : 7B;
    4731 : 7B;
    4732 : 6B;
    4733 : F5;
    4734 : 13;
    4735 : 05;
    4736 : 09;
    4737 : 02;
    4738 : 01;
    4739 : 02;
    4740 : 08;
    4741 : 08;
    4742 : 08;
    4743 : 08;
    4744 : 00;
    4745 : 02;
    4746 : 02;
    4747 : 08;
    4748 : 10;
    4749 : 08;
    4750 : 08;
    4751 : 10;
    4752 : 01;
    4753 : 02;
    4754 : 08;
    4755 : 08;
    4756 : 08;
    4757 : 08;
    4758 : 08;
    4759 : 08;
    4760 : 02;
    4761 : 08;
    4762 : 08;
    4763 : 08;
    4764 : 08;
    4765 : 08;
    4766 : 08;
    4767 : 08;
    4768 : 08;
    4769 : 08;
    4770 : 08;
    4771 : 08;
    4772 : 08;
    4773 : 08;
    4774 : 10;
    4775 : 10;
    4776 : 08;
    4777 : 08;
    4778 : 08;
    4779 : 08;
    4780 : 08;
    4781 : 10;
    4782 : 10;
    4783 : 10;
    4784 : 08;
    4785 : 08;
    4786 : 08;
    4787 : 10;
    4788 : 10;
    4789 : 09;
    4790 : 09;
    4791 : 10;
    4792 : 04;
    4793 : 10;
    4794 : 10;
    4795 : 10;
    4796 : 10;
    4797 : 1A;
    4798 : 1A;
    4799 : 10;
    4800 : 06;
    4801 : 0C;
    4802 : 07;
    4803 : 06;
    4804 : 05;
    4805 : 06;
    4806 : 06;
    4807 : 07;
    4808 : 07;
    4809 : 0C;
    4810 : 0C;
    4811 : 07;
    4812 : 07;
    4813 : 07;
    4814 : 07;
    4815 : 07;
    4816 : 0D;
    4817 : 07;
    4818 : 0C;
    4819 : 15;
    4820 : 16;
    4821 : 16;
    4822 : 16;
    4823 : 15;
    4824 : 0D;
    4825 : 0D;
    4826 : 0D;
    4827 : 0F;
    4828 : 0F;
    4829 : 0F;
    4830 : 0F;
    4831 : 0F;
    4832 : 0F;
    4833 : 0F;
    4834 : 0F;
    4835 : 0F;
    4836 : 0F;
    4837 : 0D;
    4838 : 0D;
    4839 : 0F;
    4840 : 0F;
    4841 : 0F;
    4842 : 0F;
    4843 : 0E;
    4844 : 0E;
    4845 : 0D;
    4846 : 0D;
    4847 : 0F;
    4848 : 0F;
    4849 : 15;
    4850 : 0F;
    4851 : 0E;
    4852 : 0F;
    4853 : 0E;
    4854 : 0E;
    4855 : 0F;
    4856 : 0F;
    4857 : 0F;
    4858 : 0F;
    4859 : 0F;
    4860 : 0F;
    4861 : 0F;
    4862 : 0F;
    4863 : 0F;
    4864 : AB;
    4865 : 7F;
    4866 : D2;
    4867 : D3;
    4868 : 1B;
    4869 : 13;
    4870 : 14;
    4871 : 8A;
    4872 : 8C;
    4873 : A5;
    4874 : 64;
    4875 : 71;
    4876 : E1;
    4877 : F8;
    4878 : F8;
    4879 : D1;
    4880 : 8C;
    4881 : A5;
    4882 : 65;
    4883 : 65;
    4884 : 68;
    4885 : 70;
    4886 : 7E;
    4887 : 7F;
    4888 : AB;
    4889 : ED;
    4890 : ED;
    4891 : B7;
    4892 : ED;
    4893 : 8F;
    4894 : 8E;
    4895 : 7F;
    4896 : E1;
    4897 : 12;
    4898 : 04;
    4899 : 06;
    4900 : 26;
    4901 : 36;
    4902 : 26;
    4903 : 88;
    4904 : F8;
    4905 : 13;
    4906 : 05;
    4907 : 0A;
    4908 : 26;
    4909 : 5F;
    4910 : 44;
    4911 : 7B;
    4912 : 7E;
    4913 : F8;
    4914 : FB;
    4915 : FA;
    4916 : A8;
    4917 : 71;
    4918 : 71;
    4919 : 6E;
    4920 : 80;
    4921 : 6E;
    4922 : 6C;
    4923 : 6C;
    4924 : 68;
    4925 : 7E;
    4926 : 7D;
    4927 : 6E;
    4928 : 10;
    4929 : 10;
    4930 : 10;
    4931 : 10;
    4932 : 10;
    4933 : 10;
    4934 : 10;
    4935 : 10;
    4936 : 10;
    4937 : 10;
    4938 : 10;
    4939 : 10;
    4940 : 10;
    4941 : 1A;
    4942 : 1A;
    4943 : 1A;
    4944 : 08;
    4945 : 10;
    4946 : 10;
    4947 : 10;
    4948 : 10;
    4949 : 1A;
    4950 : 11;
    4951 : 11;
    4952 : 10;
    4953 : 10;
    4954 : 10;
    4955 : 10;
    4956 : 1A;
    4957 : 1A;
    4958 : 1A;
    4959 : 1A;
    4960 : C2;
    4961 : 34;
    4962 : 11;
    4963 : 11;
    4964 : 1A;
    4965 : 1A;
    4966 : 1A;
    4967 : 1A;
    4968 : 34;
    4969 : 1A;
    4970 : 1A;
    4971 : 1A;
    4972 : 1A;
    4973 : 1A;
    4974 : 34;
    4975 : 34;
    4976 : 1A;
    4977 : 1A;
    4978 : 1A;
    4979 : 34;
    4980 : 34;
    4981 : 63;
    4982 : 63;
    4983 : C2;
    4984 : 1A;
    4985 : 1A;
    4986 : 34;
    4987 : 34;
    4988 : 34;
    4989 : 34;
    4990 : 63;
    4991 : A4;
    4992 : D5;
    4993 : 9B;
    4994 : BA;
    4995 : B9;
    4996 : B9;
    4997 : B6;
    4998 : 9E;
    4999 : B9;
    5000 : E8;
    5001 : B8;
    5002 : B8;
    5003 : B9;
    5004 : B9;
    5005 : 9E;
    5006 : 9E;
    5007 : E9;
    5008 : C0;
    5009 : E8;
    5010 : BF;
    5011 : E9;
    5012 : E9;
    5013 : B8;
    5014 : 9E;
    5015 : B9;
    5016 : C0;
    5017 : E9;
    5018 : F3;
    5019 : F4;
    5020 : BA;
    5021 : 95;
    5022 : B9;
    5023 : E9;
    5024 : BA;
    5025 : E9;
    5026 : D5;
    5027 : DF;
    5028 : FE;
    5029 : FE;
    5030 : F7;
    5031 : F4;
    5032 : B9;
    5033 : D5;
    5034 : D5;
    5035 : CD;
    5036 : 12;
    5037 : 11;
    5038 : 37;
    5039 : F4;
    5040 : BA;
    5041 : 9B;
    5042 : F7;
    5043 : 1D;
    5044 : 01;
    5045 : 01;
    5046 : 1B;
    5047 : CF;
    5048 : B9;
    5049 : CD;
    5050 : EB;
    5051 : 83;
    5052 : 13;
    5053 : 1B;
    5054 : B1;
    5055 : BB;
    5056 : 10;
    5057 : 10;
    5058 : 10;
    5059 : 10;
    5060 : 10;
    5061 : 10;
    5062 : 10;
    5063 : 10;
    5064 : 10;
    5065 : 10;
    5066 : 10;
    5067 : 08;
    5068 : 10;
    5069 : 10;
    5070 : 10;
    5071 : 10;
    5072 : 08;
    5073 : 08;
    5074 : 08;
    5075 : 08;
    5076 : 08;
    5077 : 10;
    5078 : 10;
    5079 : 10;
    5080 : 08;
    5081 : 08;
    5082 : 08;
    5083 : 08;
    5084 : 08;
    5085 : 10;
    5086 : 10;
    5087 : 10;
    5088 : 10;
    5089 : 10;
    5090 : 10;
    5091 : 10;
    5092 : 10;
    5093 : 10;
    5094 : 10;
    5095 : 09;
    5096 : 10;
    5097 : 10;
    5098 : 10;
    5099 : 10;
    5100 : 10;
    5101 : 08;
    5102 : 10;
    5103 : 10;
    5104 : 10;
    5105 : 10;
    5106 : 10;
    5107 : 10;
    5108 : 10;
    5109 : 09;
    5110 : 10;
    5111 : 34;
    5112 : 10;
    5113 : 08;
    5114 : 10;
    5115 : 08;
    5116 : 10;
    5117 : 1A;
    5118 : 1A;
    5119 : 1A;
    5120 : 1B;
    5121 : 0B;
    5122 : 0B;
    5123 : 63;
    5124 : 69;
    5125 : 69;
    5126 : CD;
    5127 : D5;
    5128 : 12;
    5129 : 00;
    5130 : 00;
    5131 : 14;
    5132 : FF;
    5133 : C8;
    5134 : B1;
    5135 : B6;
    5136 : 1B;
    5137 : 14;
    5138 : 11;
    5139 : 03;
    5140 : 0A;
    5141 : 14;
    5142 : FC;
    5143 : B6;
    5144 : 98;
    5145 : FE;
    5146 : 14;
    5147 : 01;
    5148 : 01;
    5149 : 11;
    5150 : FE;
    5151 : 9C;
    5152 : A6;
    5153 : A4;
    5154 : 69;
    5155 : A4;
    5156 : 69;
    5157 : 83;
    5158 : D5;
    5159 : B8;
    5160 : A9;
    5161 : 69;
    5162 : C6;
    5163 : D7;
    5164 : C6;
    5165 : 72;
    5166 : E4;
    5167 : DC;
    5168 : D4;
    5169 : 98;
    5170 : 72;
    5171 : D6;
    5172 : E4;
    5173 : B0;
    5174 : DA;
    5175 : DA;
    5176 : AF;
    5177 : 99;
    5178 : E7;
    5179 : 51;
    5180 : 51;
    5181 : DB;
    5182 : DB;
    5183 : DB;
    5184 : 98;
    5185 : B4;
    5186 : B4;
    5187 : B4;
    5188 : 99;
    5189 : AE;
    5190 : 82;
    5191 : 69;
    5192 : B4;
    5193 : B4;
    5194 : B4;
    5195 : AE;
    5196 : AD;
    5197 : AD;
    5198 : AE;
    5199 : 82;
    5200 : B4;
    5201 : B4;
    5202 : B4;
    5203 : AE;
    5204 : 8F;
    5205 : 8F;
    5206 : 8F;
    5207 : AD;
    5208 : B7;
    5209 : 97;
    5210 : B0;
    5211 : AE;
    5212 : 8F;
    5213 : 8F;
    5214 : 8F;
    5215 : 8F;
    5216 : D4;
    5217 : F2;
    5218 : DC;
    5219 : 98;
    5220 : 97;
    5221 : 81;
    5222 : 8F;
    5223 : 8F;
    5224 : D6;
    5225 : 1B;
    5226 : 37;
    5227 : 9D;
    5228 : 9A;
    5229 : 82;
    5230 : 8A;
    5231 : 8E;
    5232 : 11;
    5233 : 00;
    5234 : 06;
    5235 : FC;
    5236 : 93;
    5237 : 82;
    5238 : 70;
    5239 : 7A;
    5240 : 13;
    5241 : 05;
    5242 : 11;
    5243 : DA;
    5244 : 81;
    5245 : 82;
    5246 : 82;
    5247 : 82;
    5248 : 87;
    5249 : 78;
    5250 : B2;
    5251 : 78;
    5252 : 68;
    5253 : FA;
    5254 : 06;
    5255 : 00;
    5256 : 76;
    5257 : 76;
    5258 : 3C;
    5259 : 78;
    5260 : 68;
    5261 : D4;
    5262 : 13;
    5263 : 0B;
    5264 : 78;
    5265 : 76;
    5266 : 46;
    5267 : 77;
    5268 : AB;
    5269 : 81;
    5270 : EF;
    5271 : FC;
    5272 : 7B;
    5273 : 78;
    5274 : 77;
    5275 : 78;
    5276 : 78;
    5277 : 8B;
    5278 : 7A;
    5279 : 3D;
    5280 : 89;
    5281 : 7B;
    5282 : 77;
    5283 : 78;
    5284 : 78;
    5285 : 78;
    5286 : 7A;
    5287 : 7D;
    5288 : 89;
    5289 : 7B;
    5290 : 7B;
    5291 : 7B;
    5292 : 7D;
    5293 : 7A;
    5294 : 78;
    5295 : 6C;
    5296 : 7F;
    5297 : 7F;
    5298 : 7E;
    5299 : 7B;
    5300 : 7E;
    5301 : 7B;
    5302 : 7B;
    5303 : 7B;
    5304 : AB;
    5305 : 7F;
    5306 : 7F;
    5307 : 7E;
    5308 : 8B;
    5309 : 7E;
    5310 : 8B;
    5311 : 8B;
    5312 : 37;
    5313 : 03;
    5314 : 03;
    5315 : 13;
    5316 : FF;
    5317 : D2;
    5318 : 70;
    5319 : 8A;
    5320 : 35;
    5321 : 03;
    5322 : 01;
    5323 : 09;
    5324 : 0B;
    5325 : 12;
    5326 : F7;
    5327 : 72;
    5328 : 7F;
    5329 : 1B;
    5330 : C2;
    5331 : 05;
    5332 : 00;
    5333 : 0B;
    5334 : E5;
    5335 : 37;
    5336 : 74;
    5337 : 36;
    5338 : CE;
    5339 : 1B;
    5340 : 14;
    5341 : 35;
    5342 : C4;
    5343 : B3;
    5344 : 3B;
    5345 : 6A;
    5346 : 86;
    5347 : 66;
    5348 : E3;
    5349 : 35;
    5350 : 67;
    5351 : 6A;
    5352 : 36;
    5353 : 74;
    5354 : 3B;
    5355 : 48;
    5356 : 38;
    5357 : 66;
    5358 : 3B;
    5359 : 3F;
    5360 : C4;
    5361 : 35;
    5362 : 55;
    5363 : 52;
    5364 : 48;
    5365 : 6A;
    5366 : 3B;
    5367 : 3F;
    5368 : 14;
    5369 : C9;
    5370 : 3C;
    5371 : 5C;
    5372 : 58;
    5373 : 6A;
    5374 : 3F;
    5375 : 58;
    5376 : C6;
    5377 : DF;
    5378 : E8;
    5379 : F3;
    5380 : E8;
    5381 : E8;
    5382 : BF;
    5383 : BF;
    5384 : C6;
    5385 : DD;
    5386 : F3;
    5387 : F0;
    5388 : F6;
    5389 : F9;
    5390 : F9;
    5391 : F6;
    5392 : C6;
    5393 : 69;
    5394 : E4;
    5395 : B5;
    5396 : B5;
    5397 : F2;
    5398 : 1B;
    5399 : 14;
    5400 : FE;
    5401 : FC;
    5402 : D7;
    5403 : FB;
    5404 : 51;
    5405 : F6;
    5406 : 0A;
    5407 : 01;
    5408 : 11;
    5409 : 14;
    5410 : F9;
    5411 : F1;
    5412 : B5;
    5413 : FC;
    5414 : 12;
    5415 : 0A;
    5416 : 00;
    5417 : 05;
    5418 : FC;
    5419 : C6;
    5420 : E5;
    5421 : C8;
    5422 : FC;
    5423 : FE;
    5424 : 0B;
    5425 : 12;
    5426 : CF;
    5427 : CD;
    5428 : C6;
    5429 : CD;
    5430 : CD;
    5431 : C8;
    5432 : FE;
    5433 : F9;
    5434 : E5;
    5435 : 9D;
    5436 : 9D;
    5437 : CD;
    5438 : CD;
    5439 : CD;
    5440 : 32;
    5441 : 2F;
    5442 : 2F;
    5443 : 2F;
    5444 : 38;
    5445 : 1C;
    5446 : 69;
    5447 : 04;
    5448 : 2F;
    5449 : 2F;
    5450 : 2F;
    5451 : 24;
    5452 : 3C;
    5453 : CF;
    5454 : FF;
    5455 : 04;
    5456 : 2F;
    5457 : 2F;
    5458 : 1F;
    5459 : 31;
    5460 : 63;
    5461 : 0B;
    5462 : 09;
    5463 : 02;
    5464 : 2F;
    5465 : 2F;
    5466 : 2F;
    5467 : 26;
    5468 : 34;
    5469 : 01;
    5470 : 01;
    5471 : 02;
    5472 : 2F;
    5473 : 2F;
    5474 : 2F;
    5475 : 67;
    5476 : 34;
    5477 : 02;
    5478 : 02;
    5479 : 05;
    5480 : 27;
    5481 : 30;
    5482 : 21;
    5483 : 67;
    5484 : 34;
    5485 : 02;
    5486 : 02;
    5487 : 07;
    5488 : 30;
    5489 : 29;
    5490 : 24;
    5491 : 73;
    5492 : 34;
    5493 : 02;
    5494 : 02;
    5495 : 07;
    5496 : 31;
    5497 : 2F;
    5498 : 2F;
    5499 : 2F;
    5500 : 14;
    5501 : 02;
    5502 : 02;
    5503 : 06;
    5504 : 75;
    5505 : 6C;
    5506 : 78;
    5507 : 87;
    5508 : 4E;
    5509 : 5B;
    5510 : 4E;
    5511 : 4E;
    5512 : 41;
    5513 : 45;
    5514 : 43;
    5515 : 77;
    5516 : 74;
    5517 : 5B;
    5518 : 5E;
    5519 : 5E;
    5520 : B5;
    5521 : D6;
    5522 : B0;
    5523 : 47;
    5524 : 50;
    5525 : 4E;
    5526 : 5E;
    5527 : 5E;
    5528 : 0A;
    5529 : 01;
    5530 : 06;
    5531 : F3;
    5532 : 47;
    5533 : 7A;
    5534 : 76;
    5535 : 4E;
    5536 : 06;
    5537 : 00;
    5538 : 05;
    5539 : EC;
    5540 : 3D;
    5541 : 7A;
    5542 : 76;
    5543 : 76;
    5544 : 9B;
    5545 : 69;
    5546 : 37;
    5547 : 82;
    5548 : 68;
    5549 : 76;
    5550 : 76;
    5551 : 7A;
    5552 : 6C;
    5553 : 7A;
    5554 : 6C;
    5555 : 46;
    5556 : 74;
    5557 : 74;
    5558 : 74;
    5559 : 76;
    5560 : 41;
    5561 : 46;
    5562 : 7B;
    5563 : 75;
    5564 : 74;
    5565 : 74;
    5566 : 74;
    5567 : 76;
    5568 : AD;
    5569 : AD;
    5570 : AD;
    5571 : AD;
    5572 : AD;
    5573 : AD;
    5574 : DD;
    5575 : F7;
    5576 : AD;
    5577 : AD;
    5578 : AD;
    5579 : AD;
    5580 : AD;
    5581 : 68;
    5582 : FF;
    5583 : 11;
    5584 : AD;
    5585 : AD;
    5586 : AD;
    5587 : AD;
    5588 : AD;
    5589 : 65;
    5590 : FE;
    5591 : 12;
    5592 : AD;
    5593 : AD;
    5594 : AD;
    5595 : AD;
    5596 : AD;
    5597 : AE;
    5598 : 94;
    5599 : FD;
    5600 : 70;
    5601 : D2;
    5602 : AD;
    5603 : AD;
    5604 : AD;
    5605 : 8C;
    5606 : DB;
    5607 : 9B;
    5608 : F9;
    5609 : 64;
    5610 : A9;
    5611 : AD;
    5612 : AD;
    5613 : AD;
    5614 : AD;
    5615 : 65;
    5616 : 12;
    5617 : FD;
    5618 : 64;
    5619 : C5;
    5620 : AB;
    5621 : B0;
    5622 : AF;
    5623 : AD;
    5624 : 06;
    5625 : FE;
    5626 : 37;
    5627 : C7;
    5628 : AB;
    5629 : B0;
    5630 : AF;
    5631 : AD;
    5632 : 34;
    5633 : 09;
    5634 : 09;
    5635 : 08;
    5636 : 08;
    5637 : 08;
    5638 : 08;
    5639 : 10;
    5640 : 34;
    5641 : 02;
    5642 : 02;
    5643 : 08;
    5644 : 08;
    5645 : 08;
    5646 : 08;
    5647 : 08;
    5648 : 1A;
    5649 : 01;
    5650 : 01;
    5651 : 02;
    5652 : 08;
    5653 : 08;
    5654 : 08;
    5655 : 08;
    5656 : 09;
    5657 : 02;
    5658 : 02;
    5659 : 08;
    5660 : 08;
    5661 : 08;
    5662 : 08;
    5663 : 08;
    5664 : 02;
    5665 : 08;
    5666 : 08;
    5667 : 08;
    5668 : 08;
    5669 : 08;
    5670 : 08;
    5671 : 08;
    5672 : 02;
    5673 : 08;
    5674 : 08;
    5675 : 08;
    5676 : 08;
    5677 : 08;
    5678 : 08;
    5679 : 08;
    5680 : 02;
    5681 : 08;
    5682 : 08;
    5683 : 08;
    5684 : 08;
    5685 : 08;
    5686 : 08;
    5687 : 08;
    5688 : 02;
    5689 : 08;
    5690 : 08;
    5691 : 08;
    5692 : 08;
    5693 : 08;
    5694 : 08;
    5695 : 08;
    5696 : BC;
    5697 : 09;
    5698 : 01;
    5699 : 02;
    5700 : 02;
    5701 : 02;
    5702 : 02;
    5703 : 04;
    5704 : 02;
    5705 : 02;
    5706 : 02;
    5707 : 02;
    5708 : 02;
    5709 : 02;
    5710 : 02;
    5711 : 04;
    5712 : 02;
    5713 : 02;
    5714 : 02;
    5715 : 02;
    5716 : 04;
    5717 : 04;
    5718 : 04;
    5719 : 04;
    5720 : 02;
    5721 : 02;
    5722 : 05;
    5723 : 05;
    5724 : 05;
    5725 : 05;
    5726 : 05;
    5727 : 05;
    5728 : 04;
    5729 : 04;
    5730 : 05;
    5731 : 05;
    5732 : 06;
    5733 : 06;
    5734 : 06;
    5735 : 05;
    5736 : 06;
    5737 : 05;
    5738 : 05;
    5739 : 06;
    5740 : 06;
    5741 : 06;
    5742 : 06;
    5743 : 05;
    5744 : 05;
    5745 : 05;
    5746 : 05;
    5747 : 06;
    5748 : 06;
    5749 : 06;
    5750 : 06;
    5751 : 05;
    5752 : 05;
    5753 : 05;
    5754 : 05;
    5755 : 06;
    5756 : 06;
    5757 : 06;
    5758 : 06;
    5759 : 05;
    5760 : 7A;
    5761 : 7A;
    5762 : 7A;
    5763 : 7A;
    5764 : 7A;
    5765 : 7D;
    5766 : 8A;
    5767 : 8A;
    5768 : 87;
    5769 : 85;
    5770 : 87;
    5771 : 88;
    5772 : 88;
    5773 : 88;
    5774 : 7D;
    5775 : 7D;
    5776 : 85;
    5777 : 87;
    5778 : 87;
    5779 : 88;
    5780 : 88;
    5781 : 88;
    5782 : 88;
    5783 : 88;
    5784 : 8E;
    5785 : 78;
    5786 : 88;
    5787 : 8E;
    5788 : 8E;
    5789 : 88;
    5790 : 88;
    5791 : 88;
    5792 : 35;
    5793 : B7;
    5794 : 8F;
    5795 : 88;
    5796 : 88;
    5797 : 88;
    5798 : 88;
    5799 : 88;
    5800 : 0A;
    5801 : F4;
    5802 : 8A;
    5803 : 8F;
    5804 : 5E;
    5805 : 76;
    5806 : 75;
    5807 : 75;
    5808 : 11;
    5809 : 9A;
    5810 : 51;
    5811 : 47;
    5812 : 46;
    5813 : 46;
    5814 : 74;
    5815 : 41;
    5816 : F7;
    5817 : 51;
    5818 : 99;
    5819 : 8F;
    5820 : B2;
    5821 : 4E;
    5822 : 4E;
    5823 : 41;
    5824 : B9;
    5825 : C0;
    5826 : 96;
    5827 : A1;
    5828 : A1;
    5829 : 14;
    5830 : 01;
    5831 : 01;
    5832 : B9;
    5833 : B9;
    5834 : C1;
    5835 : EA;
    5836 : BF;
    5837 : EB;
    5838 : 06;
    5839 : 05;
    5840 : B9;
    5841 : E9;
    5842 : B9;
    5843 : F4;
    5844 : B6;
    5845 : FC;
    5846 : 83;
    5847 : F3;
    5848 : B9;
    5849 : E9;
    5850 : E5;
    5851 : 9D;
    5852 : 9C;
    5853 : 83;
    5854 : 9D;
    5855 : DF;
    5856 : C0;
    5857 : F7;
    5858 : BC;
    5859 : FF;
    5860 : FE;
    5861 : FE;
    5862 : BC;
    5863 : BB;
    5864 : EA;
    5865 : 9D;
    5866 : F7;
    5867 : 11;
    5868 : 0A;
    5869 : 13;
    5870 : FC;
    5871 : B1;
    5872 : F4;
    5873 : 83;
    5874 : CF;
    5875 : 03;
    5876 : 00;
    5877 : 06;
    5878 : FF;
    5879 : C6;
    5880 : EB;
    5881 : BC;
    5882 : FD;
    5883 : 14;
    5884 : 13;
    5885 : 63;
    5886 : F7;
    5887 : C8;
    5888 : D1;
    5889 : E0;
    5890 : E0;
    5891 : E0;
    5892 : E0;
    5893 : AB;
    5894 : AB;
    5895 : AB;
    5896 : D1;
    5897 : E0;
    5898 : E0;
    5899 : E0;
    5900 : E0;
    5901 : 8C;
    5902 : 8C;
    5903 : AB;
    5904 : D1;
    5905 : E0;
    5906 : E0;
    5907 : E0;
    5908 : E0;
    5909 : D2;
    5910 : D2;
    5911 : AC;
    5912 : B2;
    5913 : E3;
    5914 : A5;
    5915 : C6;
    5916 : C2;
    5917 : 63;
    5918 : 63;
    5919 : 69;
    5920 : 92;
    5921 : 90;
    5922 : D6;
    5923 : C6;
    5924 : 63;
    5925 : 03;
    5926 : 01;
    5927 : 0B;
    5928 : 92;
    5929 : 92;
    5930 : AF;
    5931 : C6;
    5932 : 63;
    5933 : 03;
    5934 : 03;
    5935 : 11;
    5936 : B3;
    5937 : ED;
    5938 : 81;
    5939 : C4;
    5940 : 69;
    5941 : A4;
    5942 : 63;
    5943 : 69;
    5944 : B2;
    5945 : 8C;
    5946 : 8F;
    5947 : A9;
    5948 : A6;
    5949 : C4;
    5950 : C4;
    5951 : A5;
    5952 : E9;
    5953 : E9;
    5954 : E8;
    5955 : A1;
    5956 : C1;
    5957 : C1;
    5958 : A2;
    5959 : FD;
    5960 : E9;
    5961 : E9;
    5962 : DE;
    5963 : BE;
    5964 : BF;
    5965 : A3;
    5966 : 9F;
    5967 : FD;
    5968 : E9;
    5969 : E9;
    5970 : C6;
    5971 : C6;
    5972 : 9D;
    5973 : 96;
    5974 : 9F;
    5975 : FF;
    5976 : F3;
    5977 : DE;
    5978 : C6;
    5979 : C6;
    5980 : 9B;
    5981 : C0;
    5982 : 94;
    5983 : 11;
    5984 : FB;
    5985 : FA;
    5986 : C4;
    5987 : C9;
    5988 : BF;
    5989 : EC;
    5990 : 1B;
    5991 : 02;
    5992 : 12;
    5993 : 14;
    5994 : FA;
    5995 : C6;
    5996 : A3;
    5997 : EC;
    5998 : 34;
    5999 : 02;
    6000 : 0B;
    6001 : 12;
    6002 : FB;
    6003 : C8;
    6004 : A3;
    6005 : FD;
    6006 : 34;
    6007 : 02;
    6008 : 36;
    6009 : 79;
    6010 : C9;
    6011 : CF;
    6012 : A3;
    6013 : FD;
    6014 : 63;
    6015 : 02;
    6016 : CD;
    6017 : EB;
    6018 : 1B;
    6019 : 11;
    6020 : 11;
    6021 : 1B;
    6022 : 69;
    6023 : 69;
    6024 : DF;
    6025 : CD;
    6026 : CF;
    6027 : CF;
    6028 : CF;
    6029 : 69;
    6030 : 69;
    6031 : C6;
    6032 : EB;
    6033 : B6;
    6034 : B6;
    6035 : 9E;
    6036 : 9D;
    6037 : 9B;
    6038 : 9B;
    6039 : C6;
    6040 : B8;
    6041 : D5;
    6042 : D5;
    6043 : D5;
    6044 : D5;
    6045 : 9B;
    6046 : 9B;
    6047 : 9B;
    6048 : B8;
    6049 : DE;
    6050 : DD;
    6051 : DD;
    6052 : B8;
    6053 : 9E;
    6054 : 9B;
    6055 : 9B;
    6056 : B8;
    6057 : DC;
    6058 : A0;
    6059 : BE;
    6060 : DD;
    6061 : B8;
    6062 : B8;
    6063 : D5;
    6064 : DD;
    6065 : DC;
    6066 : DC;
    6067 : DC;
    6068 : DD;
    6069 : B8;
    6070 : B9;
    6071 : B9;
    6072 : DC;
    6073 : DC;
    6074 : DC;
    6075 : DC;
    6076 : B8;
    6077 : B8;
    6078 : B9;
    6079 : B9;
    6080 : E9;
    6081 : E9;
    6082 : E9;
    6083 : E9;
    6084 : E9;
    6085 : E9;
    6086 : E9;
    6087 : E9;
    6088 : E8;
    6089 : E9;
    6090 : E9;
    6091 : BA;
    6092 : DF;
    6093 : DF;
    6094 : E9;
    6095 : E9;
    6096 : DA;
    6097 : DF;
    6098 : EC;
    6099 : FD;
    6100 : FD;
    6101 : C9;
    6102 : D5;
    6103 : E9;
    6104 : A0;
    6105 : FE;
    6106 : 14;
    6107 : 03;
    6108 : 03;
    6109 : 1B;
    6110 : BC;
    6111 : E9;
    6112 : BA;
    6113 : FD;
    6114 : 1B;
    6115 : 05;
    6116 : 05;
    6117 : 9F;
    6118 : EC;
    6119 : E8;
    6120 : C0;
    6121 : EC;
    6122 : FD;
    6123 : FF;
    6124 : FD;
    6125 : EC;
    6126 : F7;
    6127 : BA;
    6128 : C0;
    6129 : FC;
    6130 : 13;
    6131 : 06;
    6132 : 0A;
    6133 : B2;
    6134 : BD;
    6135 : EB;
    6136 : A2;
    6137 : FE;
    6138 : 12;
    6139 : 03;
    6140 : 05;
    6141 : 51;
    6142 : A0;
    6143 : E9;
    6144 : 57;
    6145 : 57;
    6146 : 57;
    6147 : 57;
    6148 : 5A;
    6149 : 5A;
    6150 : 5A;
    6151 : 5D;
    6152 : 4D;
    6153 : 5A;
    6154 : 5A;
    6155 : 59;
    6156 : 52;
    6157 : 49;
    6158 : 59;
    6159 : 33;
    6160 : 92;
    6161 : 92;
    6162 : 92;
    6163 : 92;
    6164 : 92;
    6165 : 92;
    6166 : 92;
    6167 : 92;
    6168 : 1B;
    6169 : 1B;
    6170 : 1B;
    6171 : 1B;
    6172 : 1B;
    6173 : 1B;
    6174 : 1B;
    6175 : 1B;
    6176 : 02;
    6177 : 02;
    6178 : 02;
    6179 : 02;
    6180 : 02;
    6181 : 02;
    6182 : 02;
    6183 : 02;
    6184 : 04;
    6185 : 04;
    6186 : 04;
    6187 : 04;
    6188 : 04;
    6189 : 04;
    6190 : 04;
    6191 : 04;
    6192 : 0D;
    6193 : 0D;
    6194 : 0D;
    6195 : 0D;
    6196 : 0E;
    6197 : 0E;
    6198 : 0E;
    6199 : 0E;
    6200 : 0D;
    6201 : 0D;
    6202 : 0D;
    6203 : 0D;
    6204 : 0D;
    6205 : 0D;
    6206 : 0E;
    6207 : 0E;
    6208 : 01;
    6209 : 02;
    6210 : 02;
    6211 : 03;
    6212 : 0C;
    6213 : 07;
    6214 : 07;
    6215 : 06;
    6216 : 01;
    6217 : 04;
    6218 : 0C;
    6219 : 07;
    6220 : 07;
    6221 : 07;
    6222 : 03;
    6223 : 01;
    6224 : 02;
    6225 : 04;
    6226 : 07;
    6227 : 07;
    6228 : 07;
    6229 : 07;
    6230 : 07;
    6231 : 06;
    6232 : 02;
    6233 : 04;
    6234 : 0C;
    6235 : 07;
    6236 : 0C;
    6237 : 0C;
    6238 : 0C;
    6239 : 0D;
    6240 : 0A;
    6241 : 07;
    6242 : 07;
    6243 : 07;
    6244 : 07;
    6245 : 0C;
    6246 : 0C;
    6247 : 07;
    6248 : 0D;
    6249 : 0C;
    6250 : 07;
    6251 : 07;
    6252 : 0C;
    6253 : 0C;
    6254 : 0C;
    6255 : 07;
    6256 : 0C;
    6257 : 0C;
    6258 : 0C;
    6259 : 0C;
    6260 : 0C;
    6261 : 0C;
    6262 : 0C;
    6263 : 0C;
    6264 : 0A;
    6265 : 07;
    6266 : 0C;
    6267 : 07;
    6268 : 07;
    6269 : 07;
    6270 : 07;
    6271 : 07;
    6272 : 18;
    6273 : 18;
    6274 : 18;
    6275 : 18;
    6276 : 18;
    6277 : 18;
    6278 : 18;
    6279 : 18;
    6280 : 18;
    6281 : 18;
    6282 : 19;
    6283 : 18;
    6284 : 18;
    6285 : 19;
    6286 : 27;
    6287 : 19;
    6288 : 18;
    6289 : 18;
    6290 : 18;
    6291 : 18;
    6292 : 18;
    6293 : 19;
    6294 : 27;
    6295 : 19;
    6296 : 18;
    6297 : 19;
    6298 : 18;
    6299 : 18;
    6300 : 19;
    6301 : 27;
    6302 : 27;
    6303 : 27;
    6304 : 19;
    6305 : 19;
    6306 : 1E;
    6307 : 27;
    6308 : 29;
    6309 : 28;
    6310 : 2A;
    6311 : 29;
    6312 : 27;
    6313 : 27;
    6314 : 27;
    6315 : 2A;
    6316 : 2A;
    6317 : 28;
    6318 : 2A;
    6319 : 2A;
    6320 : 27;
    6321 : 27;
    6322 : 27;
    6323 : 27;
    6324 : 27;
    6325 : 28;
    6326 : 2A;
    6327 : 28;
    6328 : 28;
    6329 : 29;
    6330 : 27;
    6331 : 27;
    6332 : 27;
    6333 : 28;
    6334 : 2A;
    6335 : 2A;
    6336 : 89;
    6337 : 87;
    6338 : 91;
    6339 : 8E;
    6340 : 50;
    6341 : 7A;
    6342 : 11;
    6343 : 05;
    6344 : 90;
    6345 : 90;
    6346 : 92;
    6347 : 90;
    6348 : 4E;
    6349 : 90;
    6350 : 11;
    6351 : 06;
    6352 : 8E;
    6353 : 8E;
    6354 : 8E;
    6355 : 91;
    6356 : 88;
    6357 : 50;
    6358 : FA;
    6359 : FB;
    6360 : 8E;
    6361 : 8E;
    6362 : B3;
    6363 : B3;
    6364 : 3C;
    6365 : 7A;
    6366 : 3C;
    6367 : 3C;
    6368 : B2;
    6369 : B2;
    6370 : B3;
    6371 : 6E;
    6372 : 7D;
    6373 : E0;
    6374 : 7D;
    6375 : B3;
    6376 : AC;
    6377 : AC;
    6378 : AC;
    6379 : 8C;
    6380 : 8C;
    6381 : 80;
    6382 : 8C;
    6383 : 80;
    6384 : AD;
    6385 : AD;
    6386 : AD;
    6387 : 81;
    6388 : 81;
    6389 : 81;
    6390 : 81;
    6391 : 81;
    6392 : A6;
    6393 : A6;
    6394 : A6;
    6395 : 82;
    6396 : 82;
    6397 : 82;
    6398 : 82;
    6399 : 82;
    6400 : 42;
    6401 : 42;
    6402 : 4E;
    6403 : 4E;
    6404 : 4E;
    6405 : 4E;
    6406 : 4E;
    6407 : 4E;
    6408 : 4F;
    6409 : 4C;
    6410 : 4F;
    6411 : 50;
    6412 : 5E;
    6413 : 4E;
    6414 : 4E;
    6415 : 4E;
    6416 : 57;
    6417 : 57;
    6418 : 4E;
    6419 : 5E;
    6420 : 55;
    6421 : 4E;
    6422 : 5B;
    6423 : 74;
    6424 : 3E;
    6425 : 3F;
    6426 : 58;
    6427 : 58;
    6428 : 4A;
    6429 : 8D;
    6430 : 4E;
    6431 : 4E;
    6432 : D8;
    6433 : 8D;
    6434 : 41;
    6435 : 74;
    6436 : 4A;
    6437 : 90;
    6438 : 55;
    6439 : D8;
    6440 : 14;
    6441 : 45;
    6442 : 8A;
    6443 : 7D;
    6444 : 78;
    6445 : B2;
    6446 : 4C;
    6447 : B2;
    6448 : 01;
    6449 : 05;
    6450 : 93;
    6451 : 45;
    6452 : 50;
    6453 : 4E;
    6454 : 55;
    6455 : 55;
    6456 : 0B;
    6457 : 11;
    6458 : 99;
    6459 : 6B;
    6460 : 46;
    6461 : 40;
    6462 : 5E;
    6463 : 88;
    6464 : EC;
    6465 : BC;
    6466 : 9C;
    6467 : F6;
    6468 : F3;
    6469 : F3;
    6470 : BA;
    6471 : FC;
    6472 : 1B;
    6473 : 63;
    6474 : F1;
    6475 : A9;
    6476 : DE;
    6477 : DF;
    6478 : 9F;
    6479 : FD;
    6480 : 00;
    6481 : 03;
    6482 : C6;
    6483 : C3;
    6484 : D6;
    6485 : B5;
    6486 : B6;
    6487 : 9F;
    6488 : 03;
    6489 : 06;
    6490 : C6;
    6491 : A4;
    6492 : A9;
    6493 : B4;
    6494 : B4;
    6495 : D9;
    6496 : 9F;
    6497 : E5;
    6498 : C6;
    6499 : C6;
    6500 : A9;
    6501 : AD;
    6502 : AC;
    6503 : AC;
    6504 : 93;
    6505 : DE;
    6506 : C6;
    6507 : C6;
    6508 : 9A;
    6509 : 97;
    6510 : AD;
    6511 : CB;
    6512 : C9;
    6513 : C3;
    6514 : 34;
    6515 : 34;
    6516 : 83;
    6517 : 9A;
    6518 : AE;
    6519 : CB;
    6520 : FE;
    6521 : 12;
    6522 : 01;
    6523 : 04;
    6524 : 69;
    6525 : DA;
    6526 : 82;
    6527 : AD;
    6528 : 02;
    6529 : 08;
    6530 : 08;
    6531 : 08;
    6532 : 08;
    6533 : 08;
    6534 : 08;
    6535 : 10;
    6536 : 02;
    6537 : 10;
    6538 : 08;
    6539 : 08;
    6540 : 08;
    6541 : 08;
    6542 : 08;
    6543 : 08;
    6544 : 04;
    6545 : 08;
    6546 : 08;
    6547 : 10;
    6548 : 10;
    6549 : 08;
    6550 : 08;
    6551 : 10;
    6552 : 09;
    6553 : 09;
    6554 : 08;
    6555 : 10;
    6556 : 10;
    6557 : 10;
    6558 : 10;
    6559 : 10;
    6560 : 1A;
    6561 : 10;
    6562 : 10;
    6563 : 10;
    6564 : 10;
    6565 : 10;
    6566 : 10;
    6567 : 10;
    6568 : 34;
    6569 : 1A;
    6570 : 1A;
    6571 : 1A;
    6572 : 1A;
    6573 : 1A;
    6574 : 1A;
    6575 : 1A;
    6576 : 34;
    6577 : 11;
    6578 : 1A;
    6579 : 1A;
    6580 : 1A;
    6581 : 1A;
    6582 : 1A;
    6583 : 1A;
    6584 : 63;
    6585 : 1A;
    6586 : 1A;
    6587 : 1A;
    6588 : 1A;
    6589 : 1A;
    6590 : 1A;
    6591 : 1A;
    6592 : CC;
    6593 : C7;
    6594 : CB;
    6595 : 8F;
    6596 : 8F;
    6597 : AD;
    6598 : AD;
    6599 : AD;
    6600 : 65;
    6601 : A5;
    6602 : 65;
    6603 : 64;
    6604 : A9;
    6605 : AE;
    6606 : AD;
    6607 : AD;
    6608 : A6;
    6609 : D7;
    6610 : FE;
    6611 : FE;
    6612 : CF;
    6613 : 82;
    6614 : 68;
    6615 : D3;
    6616 : C4;
    6617 : 1B;
    6618 : 05;
    6619 : 03;
    6620 : 14;
    6621 : D6;
    6622 : D2;
    6623 : E2;
    6624 : C4;
    6625 : 1B;
    6626 : 03;
    6627 : 03;
    6628 : 14;
    6629 : E4;
    6630 : E0;
    6631 : F8;
    6632 : C4;
    6633 : D7;
    6634 : F7;
    6635 : CF;
    6636 : CF;
    6637 : 72;
    6638 : 3D;
    6639 : D4;
    6640 : 81;
    6641 : 70;
    6642 : 81;
    6643 : 81;
    6644 : 82;
    6645 : 72;
    6646 : 72;
    6647 : 72;
    6648 : 81;
    6649 : 81;
    6650 : 81;
    6651 : 81;
    6652 : 81;
    6653 : A6;
    6654 : A6;
    6655 : A6;
    6656 : 53;
    6657 : 54;
    6658 : 54;
    6659 : 49;
    6660 : 53;
    6661 : 5B;
    6662 : 5B;
    6663 : 53;
    6664 : 8D;
    6665 : 49;
    6666 : 54;
    6667 : 26;
    6668 : 90;
    6669 : 26;
    6670 : 13;
    6671 : 26;
    6672 : 84;
    6673 : 84;
    6674 : 53;
    6675 : 53;
    6676 : 92;
    6677 : 26;
    6678 : 13;
    6679 : 20;
    6680 : 48;
    6681 : 58;
    6682 : 52;
    6683 : 5B;
    6684 : 49;
    6685 : 4A;
    6686 : 92;
    6687 : F8;
    6688 : 55;
    6689 : 55;
    6690 : 33;
    6691 : 33;
    6692 : 47;
    6693 : 9A;
    6694 : 14;
    6695 : 12;
    6696 : 57;
    6697 : 56;
    6698 : 61;
    6699 : 5A;
    6700 : 3D;
    6701 : E5;
    6702 : 03;
    6703 : 00;
    6704 : 57;
    6705 : 57;
    6706 : 60;
    6707 : 60;
    6708 : 1D;
    6709 : 9B;
    6710 : 0B;
    6711 : 06;
    6712 : 57;
    6713 : 57;
    6714 : 56;
    6715 : 33;
    6716 : 5D;
    6717 : 82;
    6718 : FB;
    6719 : FE;
    6720 : F7;
    6721 : D5;
    6722 : B5;
    6723 : B5;
    6724 : 72;
    6725 : 97;
    6726 : DB;
    6727 : 82;
    6728 : EB;
    6729 : 9B;
    6730 : 98;
    6731 : D9;
    6732 : EE;
    6733 : FC;
    6734 : E4;
    6735 : D9;
    6736 : DD;
    6737 : D9;
    6738 : 97;
    6739 : F8;
    6740 : 1D;
    6741 : 0B;
    6742 : 14;
    6743 : EE;
    6744 : 9A;
    6745 : D9;
    6746 : 81;
    6747 : FA;
    6748 : 12;
    6749 : 01;
    6750 : 12;
    6751 : FC;
    6752 : 98;
    6753 : DA;
    6754 : 97;
    6755 : 99;
    6756 : 35;
    6757 : 1B;
    6758 : 81;
    6759 : B7;
    6760 : 9A;
    6761 : D9;
    6762 : DA;
    6763 : 99;
    6764 : BD;
    6765 : DB;
    6766 : 99;
    6767 : 99;
    6768 : 9A;
    6769 : 9A;
    6770 : 93;
    6771 : D9;
    6772 : B7;
    6773 : B7;
    6774 : 97;
    6775 : 97;
    6776 : B0;
    6777 : B0;
    6778 : 97;
    6779 : 98;
    6780 : B0;
    6781 : B4;
    6782 : 98;
    6783 : 99;
    6784 : AE;
    6785 : AD;
    6786 : CC;
    6787 : C5;
    6788 : C5;
    6789 : C5;
    6790 : C5;
    6791 : C5;
    6792 : D2;
    6793 : D4;
    6794 : C3;
    6795 : A4;
    6796 : C3;
    6797 : A5;
    6798 : C5;
    6799 : C5;
    6800 : CC;
    6801 : C4;
    6802 : C6;
    6803 : CF;
    6804 : CF;
    6805 : D7;
    6806 : C3;
    6807 : A9;
    6808 : CE;
    6809 : 64;
    6810 : FD;
    6811 : 05;
    6812 : 01;
    6813 : 0B;
    6814 : FC;
    6815 : 69;
    6816 : C5;
    6817 : 64;
    6818 : CF;
    6819 : 05;
    6820 : 01;
    6821 : 0A;
    6822 : FC;
    6823 : 69;
    6824 : AB;
    6825 : D2;
    6826 : B4;
    6827 : 72;
    6828 : 72;
    6829 : B5;
    6830 : 9A;
    6831 : 98;
    6832 : AB;
    6833 : AC;
    6834 : D9;
    6835 : B4;
    6836 : B0;
    6837 : 82;
    6838 : 82;
    6839 : 97;
    6840 : AB;
    6841 : AC;
    6842 : F8;
    6843 : AF;
    6844 : 82;
    6845 : D4;
    6846 : E2;
    6847 : AF;
    6848 : 98;
    6849 : 97;
    6850 : 81;
    6851 : AD;
    6852 : 81;
    6853 : A6;
    6854 : D4;
    6855 : AF;
    6856 : AF;
    6857 : AE;
    6858 : AE;
    6859 : AE;
    6860 : 82;
    6861 : AF;
    6862 : D4;
    6863 : CE;
    6864 : AE;
    6865 : AE;
    6866 : AE;
    6867 : AF;
    6868 : 82;
    6869 : 82;
    6870 : B4;
    6871 : 98;
    6872 : 8F;
    6873 : 8F;
    6874 : AE;
    6875 : AE;
    6876 : AF;
    6877 : AE;
    6878 : 97;
    6879 : DB;
    6880 : 8F;
    6881 : 8F;
    6882 : AE;
    6883 : AF;
    6884 : 82;
    6885 : 82;
    6886 : D6;
    6887 : 1B;
    6888 : 8F;
    6889 : AD;
    6890 : 8F;
    6891 : AE;
    6892 : B0;
    6893 : 72;
    6894 : EE;
    6895 : 06;
    6896 : 8F;
    6897 : AD;
    6898 : AD;
    6899 : AE;
    6900 : AF;
    6901 : 97;
    6902 : EE;
    6903 : 11;
    6904 : AD;
    6905 : AD;
    6906 : AD;
    6907 : AE;
    6908 : AF;
    6909 : B0;
    6910 : E4;
    6911 : F9;
    6912 : FF;
    6913 : FD;
    6914 : 51;
    6915 : BF;
    6916 : EA;
    6917 : EB;
    6918 : A2;
    6919 : A2;
    6920 : 0A;
    6921 : 11;
    6922 : FF;
    6923 : FD;
    6924 : FD;
    6925 : CF;
    6926 : D5;
    6927 : BF;
    6928 : 00;
    6929 : 01;
    6930 : 02;
    6931 : 04;
    6932 : 34;
    6933 : CF;
    6934 : E4;
    6935 : DC;
    6936 : 1B;
    6937 : 13;
    6938 : 03;
    6939 : 04;
    6940 : 63;
    6941 : CF;
    6942 : E4;
    6943 : EF;
    6944 : FD;
    6945 : FD;
    6946 : FF;
    6947 : FD;
    6948 : EC;
    6949 : BC;
    6950 : CD;
    6951 : E8;
    6952 : C9;
    6953 : 3D;
    6954 : 47;
    6955 : 93;
    6956 : A0;
    6957 : C1;
    6958 : A3;
    6959 : C1;
    6960 : A9;
    6961 : D9;
    6962 : 99;
    6963 : E7;
    6964 : BE;
    6965 : BF;
    6966 : EB;
    6967 : E8;
    6968 : 93;
    6969 : DF;
    6970 : BC;
    6971 : BB;
    6972 : B9;
    6973 : B9;
    6974 : DC;
    6975 : DC;
    6976 : 9F;
    6977 : 0B;
    6978 : 1B;
    6979 : FC;
    6980 : B5;
    6981 : DC;
    6982 : BE;
    6983 : BA;
    6984 : 11;
    6985 : 05;
    6986 : 12;
    6987 : 69;
    6988 : CD;
    6989 : B5;
    6990 : BE;
    6991 : C0;
    6992 : 03;
    6993 : 00;
    6994 : 01;
    6995 : 0A;
    6996 : FD;
    6997 : 9F;
    6998 : BF;
    6999 : BF;
    7000 : 1B;
    7001 : 04;
    7002 : 11;
    7003 : 1B;
    7004 : BC;
    7005 : BA;
    7006 : C0;
    7007 : C0;
    7008 : C6;
    7009 : 12;
    7010 : 35;
    7011 : FB;
    7012 : E4;
    7013 : B5;
    7014 : C0;
    7015 : A2;
    7016 : E3;
    7017 : E3;
    7018 : C7;
    7019 : CC;
    7020 : D6;
    7021 : DC;
    7022 : C0;
    7023 : A2;
    7024 : CD;
    7025 : 69;
    7026 : C8;
    7027 : CF;
    7028 : 9F;
    7029 : BC;
    7030 : A2;
    7031 : C0;
    7032 : BC;
    7033 : 9F;
    7034 : 9C;
    7035 : F7;
    7036 : BC;
    7037 : A2;
    7038 : BB;
    7039 : B9;
    7040 : 99;
    7041 : 99;
    7042 : AE;
    7043 : AE;
    7044 : AE;
    7045 : 82;
    7046 : 82;
    7047 : AE;
    7048 : 99;
    7049 : 99;
    7050 : AE;
    7051 : AE;
    7052 : AE;
    7053 : AE;
    7054 : AE;
    7055 : AE;
    7056 : 99;
    7057 : 99;
    7058 : AE;
    7059 : AE;
    7060 : AE;
    7061 : AE;
    7062 : AE;
    7063 : AE;
    7064 : 8F;
    7065 : 8F;
    7066 : AE;
    7067 : AE;
    7068 : 97;
    7069 : 97;
    7070 : AF;
    7071 : 97;
    7072 : 82;
    7073 : 51;
    7074 : AE;
    7075 : AE;
    7076 : 97;
    7077 : 82;
    7078 : 82;
    7079 : AE;
    7080 : EF;
    7081 : EF;
    7082 : 98;
    7083 : 82;
    7084 : AF;
    7085 : 7D;
    7086 : 7D;
    7087 : 8F;
    7088 : 14;
    7089 : 14;
    7090 : 37;
    7091 : 98;
    7092 : AE;
    7093 : 81;
    7094 : 8A;
    7095 : 8F;
    7096 : 01;
    7097 : 01;
    7098 : 14;
    7099 : FC;
    7100 : 82;
    7101 : AE;
    7102 : 8F;
    7103 : 8F;
    7104 : 99;
    7105 : B4;
    7106 : D3;
    7107 : AF;
    7108 : B0;
    7109 : 97;
    7110 : E4;
    7111 : 1B;
    7112 : 97;
    7113 : B4;
    7114 : AF;
    7115 : AF;
    7116 : AF;
    7117 : 98;
    7118 : 98;
    7119 : E4;
    7120 : D6;
    7121 : B0;
    7122 : D4;
    7123 : AF;
    7124 : AF;
    7125 : D4;
    7126 : B0;
    7127 : 82;
    7128 : A6;
    7129 : DA;
    7130 : B0;
    7131 : D4;
    7132 : D4;
    7133 : B4;
    7134 : B4;
    7135 : 82;
    7136 : 0A;
    7137 : E5;
    7138 : 9A;
    7139 : D4;
    7140 : D9;
    7141 : B4;
    7142 : B4;
    7143 : AF;
    7144 : 11;
    7145 : B8;
    7146 : 9A;
    7147 : 98;
    7148 : B0;
    7149 : 99;
    7150 : 99;
    7151 : B4;
    7152 : F9;
    7153 : 9A;
    7154 : 98;
    7155 : B0;
    7156 : B0;
    7157 : AE;
    7158 : AF;
    7159 : AF;
    7160 : 82;
    7161 : B0;
    7162 : A9;
    7163 : B4;
    7164 : B0;
    7165 : AF;
    7166 : B4;
    7167 : D4;
    7168 : 0A;
    7169 : 0A;
    7170 : 0A;
    7171 : 0C;
    7172 : 0F;
    7173 : 0F;
    7174 : 0E;
    7175 : 0E;
    7176 : 07;
    7177 : 0C;
    7178 : 0D;
    7179 : 0C;
    7180 : 15;
    7181 : 15;
    7182 : 16;
    7183 : 17;
    7184 : 07;
    7185 : 0C;
    7186 : 0E;
    7187 : 0D;
    7188 : 0E;
    7189 : 0E;
    7190 : 0E;
    7191 : 0D;
    7192 : 07;
    7193 : 0C;
    7194 : 0D;
    7195 : 0C;
    7196 : 0E;
    7197 : 0E;
    7198 : 15;
    7199 : 0F;
    7200 : 06;
    7201 : 07;
    7202 : 0C;
    7203 : 07;
    7204 : 0E;
    7205 : 0F;
    7206 : 17;
    7207 : 17;
    7208 : 13;
    7209 : 0E;
    7210 : 07;
    7211 : 07;
    7212 : 0E;
    7213 : 15;
    7214 : 16;
    7215 : 16;
    7216 : FE;
    7217 : 19;
    7218 : 07;
    7219 : 0C;
    7220 : 0E;
    7221 : 15;
    7222 : 15;
    7223 : 15;
    7224 : D4;
    7225 : 19;
    7226 : 0E;
    7227 : 16;
    7228 : 16;
    7229 : 16;
    7230 : 16;
    7231 : 16;
    7232 : 12;
    7233 : C0;
    7234 : B8;
    7235 : 9E;
    7236 : B9;
    7237 : B9;
    7238 : B9;
    7239 : B9;
    7240 : 37;
    7241 : 9E;
    7242 : 9E;
    7243 : B9;
    7244 : B9;
    7245 : B9;
    7246 : B9;
    7247 : B9;
    7248 : F7;
    7249 : B6;
    7250 : B9;
    7251 : 9E;
    7252 : B9;
    7253 : B9;
    7254 : B9;
    7255 : B9;
    7256 : B9;
    7257 : B9;
    7258 : 9E;
    7259 : B9;
    7260 : 9E;
    7261 : B9;
    7262 : B9;
    7263 : 9E;
    7264 : BA;
    7265 : C0;
    7266 : B8;
    7267 : B9;
    7268 : 9E;
    7269 : 9E;
    7270 : DE;
    7271 : 9E;
    7272 : B6;
    7273 : B9;
    7274 : B6;
    7275 : E9;
    7276 : 9E;
    7277 : F7;
    7278 : 72;
    7279 : B6;
    7280 : B1;
    7281 : B1;
    7282 : CD;
    7283 : 9D;
    7284 : FC;
    7285 : 12;
    7286 : 05;
    7287 : 72;
    7288 : CD;
    7289 : B1;
    7290 : B1;
    7291 : 83;
    7292 : DF;
    7293 : 14;
    7294 : 11;
    7295 : C6;
    7296 : DF;
    7297 : DF;
    7298 : B9;
    7299 : B9;
    7300 : B9;
    7301 : B9;
    7302 : B9;
    7303 : B9;
    7304 : DE;
    7305 : BF;
    7306 : E8;
    7307 : E8;
    7308 : F3;
    7309 : F3;
    7310 : E9;
    7311 : E9;
    7312 : DD;
    7313 : DD;
    7314 : DD;
    7315 : DD;
    7316 : DE;
    7317 : E8;
    7318 : E8;
    7319 : E9;
    7320 : DC;
    7321 : DC;
    7322 : DC;
    7323 : D5;
    7324 : DD;
    7325 : DE;
    7326 : E8;
    7327 : B9;
    7328 : B5;
    7329 : B5;
    7330 : B5;
    7331 : 9A;
    7332 : 9B;
    7333 : 9A;
    7334 : 9B;
    7335 : F4;
    7336 : 9A;
    7337 : B5;
    7338 : 9A;
    7339 : B5;
    7340 : F2;
    7341 : FB;
    7342 : F7;
    7343 : A0;
    7344 : 9A;
    7345 : 9A;
    7346 : 98;
    7347 : BE;
    7348 : 30;
    7349 : 14;
    7350 : 14;
    7351 : BE;
    7352 : 9A;
    7353 : DA;
    7354 : 51;
    7355 : FC;
    7356 : 11;
    7357 : 01;
    7358 : 06;
    7359 : BD;
    7360 : DD;
    7361 : DD;
    7362 : B6;
    7363 : 9C;
    7364 : 83;
    7365 : C6;
    7366 : C6;
    7367 : B5;
    7368 : DE;
    7369 : 9E;
    7370 : F7;
    7371 : FF;
    7372 : FD;
    7373 : FD;
    7374 : BC;
    7375 : B1;
    7376 : 9E;
    7377 : FC;
    7378 : 63;
    7379 : 03;
    7380 : 03;
    7381 : 14;
    7382 : FE;
    7383 : 9C;
    7384 : 9F;
    7385 : F7;
    7386 : 63;
    7387 : 03;
    7388 : 01;
    7389 : 13;
    7390 : FF;
    7391 : 9C;
    7392 : BC;
    7393 : BC;
    7394 : FD;
    7395 : FD;
    7396 : 9F;
    7397 : BC;
    7398 : 9F;
    7399 : 9D;
    7400 : A2;
    7401 : BC;
    7402 : BC;
    7403 : 9F;
    7404 : BC;
    7405 : 9C;
    7406 : CD;
    7407 : B5;
    7408 : B9;
    7409 : B9;
    7410 : B9;
    7411 : A0;
    7412 : A0;
    7413 : BE;
    7414 : BE;
    7415 : BE;
    7416 : B9;
    7417 : B9;
    7418 : B9;
    7419 : BE;
    7420 : BE;
    7421 : BE;
    7422 : BE;
    7423 : BE;
    7424 : D1;
    7425 : D1;
    7426 : E0;
    7427 : AB;
    7428 : AB;
    7429 : AB;
    7430 : AB;
    7431 : AC;
    7432 : 70;
    7433 : AC;
    7434 : AC;
    7435 : AC;
    7436 : AC;
    7437 : AC;
    7438 : AC;
    7439 : CB;
    7440 : 39;
    7441 : E2;
    7442 : 81;
    7443 : D4;
    7444 : D4;
    7445 : AF;
    7446 : E2;
    7447 : D2;
    7448 : D4;
    7449 : D9;
    7450 : AF;
    7451 : 82;
    7452 : 39;
    7453 : E2;
    7454 : B0;
    7455 : E4;
    7456 : D9;
    7457 : EE;
    7458 : FB;
    7459 : FE;
    7460 : FB;
    7461 : 3D;
    7462 : 98;
    7463 : B5;
    7464 : B5;
    7465 : F0;
    7466 : 12;
    7467 : 0A;
    7468 : 11;
    7469 : F1;
    7470 : 98;
    7471 : BE;
    7472 : 37;
    7473 : FD;
    7474 : 03;
    7475 : 00;
    7476 : 03;
    7477 : DF;
    7478 : 72;
    7479 : AF;
    7480 : B5;
    7481 : 94;
    7482 : 63;
    7483 : 14;
    7484 : 35;
    7485 : 72;
    7486 : F8;
    7487 : D2;
    7488 : 99;
    7489 : 99;
    7490 : 99;
    7491 : 99;
    7492 : 93;
    7493 : 93;
    7494 : 93;
    7495 : 93;
    7496 : A0;
    7497 : 93;
    7498 : 99;
    7499 : 99;
    7500 : 99;
    7501 : 99;
    7502 : 99;
    7503 : B5;
    7504 : D9;
    7505 : 98;
    7506 : 99;
    7507 : 99;
    7508 : B7;
    7509 : 93;
    7510 : A0;
    7511 : 39;
    7512 : 93;
    7513 : 98;
    7514 : 9A;
    7515 : 9A;
    7516 : 9A;
    7517 : 9A;
    7518 : DE;
    7519 : 1B;
    7520 : 98;
    7521 : 82;
    7522 : 3D;
    7523 : 97;
    7524 : 93;
    7525 : A0;
    7526 : 9A;
    7527 : 9A;
    7528 : 9A;
    7529 : FC;
    7530 : FC;
    7531 : F2;
    7532 : 93;
    7533 : 93;
    7534 : 97;
    7535 : 93;
    7536 : 37;
    7537 : 11;
    7538 : 0B;
    7539 : 1B;
    7540 : A0;
    7541 : 93;
    7542 : 99;
    7543 : 98;
    7544 : 35;
    7545 : 01;
    7546 : 01;
    7547 : 12;
    7548 : FC;
    7549 : 93;
    7550 : 98;
    7551 : 9A;
    7552 : AF;
    7553 : D6;
    7554 : FB;
    7555 : FB;
    7556 : E4;
    7557 : 98;
    7558 : 97;
    7559 : 97;
    7560 : CC;
    7561 : B0;
    7562 : 82;
    7563 : 82;
    7564 : AF;
    7565 : AF;
    7566 : AF;
    7567 : AF;
    7568 : A5;
    7569 : 65;
    7570 : D4;
    7571 : D4;
    7572 : 68;
    7573 : 82;
    7574 : AE;
    7575 : AE;
    7576 : A5;
    7577 : 7F;
    7578 : 7F;
    7579 : 7F;
    7580 : 7F;
    7581 : AB;
    7582 : AB;
    7583 : AB;
    7584 : 81;
    7585 : D1;
    7586 : FA;
    7587 : FA;
    7588 : D2;
    7589 : 7F;
    7590 : CC;
    7591 : AB;
    7592 : F8;
    7593 : 1D;
    7594 : 0B;
    7595 : 0A;
    7596 : 1C;
    7597 : F8;
    7598 : 8C;
    7599 : AB;
    7600 : F8;
    7601 : 23;
    7602 : 05;
    7603 : 05;
    7604 : 19;
    7605 : F8;
    7606 : 8E;
    7607 : B2;
    7608 : 91;
    7609 : F8;
    7610 : 30;
    7611 : 40;
    7612 : D8;
    7613 : D8;
    7614 : B2;
    7615 : C7;
    7616 : FA;
    7617 : 2D;
    7618 : 31;
    7619 : 31;
    7620 : 53;
    7621 : 53;
    7622 : 52;
    7623 : 48;
    7624 : 06;
    7625 : 21;
    7626 : 2D;
    7627 : 3E;
    7628 : 33;
    7629 : 5D;
    7630 : 33;
    7631 : 48;
    7632 : 05;
    7633 : 1D;
    7634 : 26;
    7635 : 3E;
    7636 : 33;
    7637 : 33;
    7638 : 4B;
    7639 : 38;
    7640 : 69;
    7641 : 3C;
    7642 : 31;
    7643 : 32;
    7644 : 32;
    7645 : 3A;
    7646 : 3A;
    7647 : 38;
    7648 : 21;
    7649 : 24;
    7650 : 2F;
    7651 : 2F;
    7652 : 2F;
    7653 : 22;
    7654 : 24;
    7655 : 21;
    7656 : 1F;
    7657 : 1F;
    7658 : 1F;
    7659 : 1F;
    7660 : 1F;
    7661 : 1F;
    7662 : 36;
    7663 : EE;
    7664 : 1E;
    7665 : 1E;
    7666 : 1E;
    7667 : 1E;
    7668 : 1F;
    7669 : 92;
    7670 : 11;
    7671 : 03;
    7672 : 1F;
    7673 : 1E;
    7674 : 1E;
    7675 : 1E;
    7676 : 1C;
    7677 : F8;
    7678 : 0B;
    7679 : 00;
    7680 : 04;
    7681 : 08;
    7682 : 08;
    7683 : 09;
    7684 : 09;
    7685 : 09;
    7686 : 09;
    7687 : 09;
    7688 : 08;
    7689 : 08;
    7690 : 08;
    7691 : 08;
    7692 : 08;
    7693 : 08;
    7694 : 08;
    7695 : 08;
    7696 : 08;
    7697 : 08;
    7698 : 08;
    7699 : 08;
    7700 : 08;
    7701 : 10;
    7702 : 08;
    7703 : 08;
    7704 : 08;
    7705 : 10;
    7706 : 08;
    7707 : 10;
    7708 : 10;
    7709 : 08;
    7710 : 08;
    7711 : 08;
    7712 : 08;
    7713 : 10;
    7714 : 10;
    7715 : 10;
    7716 : 10;
    7717 : 10;
    7718 : 10;
    7719 : 10;
    7720 : 10;
    7721 : 10;
    7722 : 10;
    7723 : 10;
    7724 : 10;
    7725 : 10;
    7726 : 1A;
    7727 : 10;
    7728 : 10;
    7729 : 10;
    7730 : 10;
    7731 : 10;
    7732 : 10;
    7733 : 10;
    7734 : 10;
    7735 : 10;
    7736 : 10;
    7737 : 08;
    7738 : 10;
    7739 : 10;
    7740 : 10;
    7741 : 10;
    7742 : 09;
    7743 : 10;
    7744 : 2E;
    7745 : 2E;
    7746 : 26;
    7747 : 3A;
    7748 : 3E;
    7749 : 38;
    7750 : 38;
    7751 : 3F;
    7752 : 1F;
    7753 : 1F;
    7754 : 2D;
    7755 : 31;
    7756 : 3A;
    7757 : 38;
    7758 : 38;
    7759 : 38;
    7760 : 24;
    7761 : 31;
    7762 : 3A;
    7763 : 3A;
    7764 : 52;
    7765 : 3E;
    7766 : 3E;
    7767 : 3E;
    7768 : 35;
    7769 : 67;
    7770 : 70;
    7771 : 7A;
    7772 : 40;
    7773 : 3E;
    7774 : 3E;
    7775 : 3E;
    7776 : 11;
    7777 : 01;
    7778 : 04;
    7779 : 35;
    7780 : 36;
    7781 : 32;
    7782 : 32;
    7783 : 29;
    7784 : 12;
    7785 : 01;
    7786 : 03;
    7787 : 1D;
    7788 : 38;
    7789 : 32;
    7790 : 32;
    7791 : 3E;
    7792 : 47;
    7793 : 39;
    7794 : 3D;
    7795 : 50;
    7796 : 38;
    7797 : 3A;
    7798 : 3A;
    7799 : 38;
    7800 : 25;
    7801 : 26;
    7802 : 36;
    7803 : 42;
    7804 : 40;
    7805 : 3E;
    7806 : 3E;
    7807 : 2E;
    7808 : CE;
    7809 : C4;
    7810 : FB;
    7811 : FE;
    7812 : FA;
    7813 : 82;
    7814 : AF;
    7815 : AE;
    7816 : A5;
    7817 : 69;
    7818 : 0B;
    7819 : 0A;
    7820 : 13;
    7821 : E4;
    7822 : A6;
    7823 : A9;
    7824 : 64;
    7825 : 63;
    7826 : 01;
    7827 : 00;
    7828 : 0B;
    7829 : FE;
    7830 : 64;
    7831 : CC;
    7832 : C4;
    7833 : CF;
    7834 : 14;
    7835 : 12;
    7836 : 63;
    7837 : C9;
    7838 : 64;
    7839 : A6;
    7840 : B0;
    7841 : CF;
    7842 : E5;
    7843 : E5;
    7844 : C9;
    7845 : 64;
    7846 : A6;
    7847 : C5;
    7848 : AC;
    7849 : 80;
    7850 : 70;
    7851 : 70;
    7852 : 7F;
    7853 : AB;
    7854 : AB;
    7855 : AB;
    7856 : AC;
    7857 : AB;
    7858 : AB;
    7859 : AB;
    7860 : AB;
    7861 : AB;
    7862 : AB;
    7863 : AB;
    7864 : AC;
    7865 : AB;
    7866 : AB;
    7867 : AB;
    7868 : AB;
    7869 : AB;
    7870 : AB;
    7871 : AB;
    7872 : AF;
    7873 : 1B;
    7874 : 1B;
    7875 : D6;
    7876 : EF;
    7877 : E8;
    7878 : EB;
    7879 : EB;
    7880 : D9;
    7881 : 1D;
    7882 : 1B;
    7883 : DB;
    7884 : F0;
    7885 : EB;
    7886 : EB;
    7887 : EB;
    7888 : F3;
    7889 : F9;
    7890 : F5;
    7891 : F0;
    7892 : E9;
    7893 : EB;
    7894 : BA;
    7895 : B9;
    7896 : 9F;
    7897 : 9F;
    7898 : 9F;
    7899 : BC;
    7900 : EC;
    7901 : BB;
    7902 : DF;
    7903 : DF;
    7904 : FC;
    7905 : FE;
    7906 : FD;
    7907 : FC;
    7908 : FC;
    7909 : BB;
    7910 : 9E;
    7911 : C0;
    7912 : 1B;
    7913 : 11;
    7914 : 12;
    7915 : 9F;
    7916 : FC;
    7917 : F4;
    7918 : B8;
    7919 : E8;
    7920 : 11;
    7921 : 00;
    7922 : 00;
    7923 : 14;
    7924 : F7;
    7925 : B6;
    7926 : F0;
    7927 : BE;
    7928 : 1B;
    7929 : 0B;
    7930 : 0B;
    7931 : 83;
    7932 : F7;
    7933 : DC;
    7934 : D9;
    7935 : D9;
    7936 : FA;
    7937 : EE;
    7938 : C9;
    7939 : C9;
    7940 : 9F;
    7941 : EC;
    7942 : 63;
    7943 : 02;
    7944 : BC;
    7945 : BC;
    7946 : C8;
    7947 : D6;
    7948 : 94;
    7949 : EC;
    7950 : 63;
    7951 : 02;
    7952 : BC;
    7953 : BC;
    7954 : C8;
    7955 : CE;
    7956 : 9A;
    7957 : EC;
    7958 : 63;
    7959 : 02;
    7960 : DD;
    7961 : B5;
    7962 : C6;
    7963 : C4;
    7964 : 9A;
    7965 : F6;
    7966 : 63;
    7967 : 0A;
    7968 : F0;
    7969 : DD;
    7970 : C6;
    7971 : C6;
    7972 : B5;
    7973 : F2;
    7974 : 69;
    7975 : 14;
    7976 : F5;
    7977 : F0;
    7978 : D5;
    7979 : CD;
    7980 : B8;
    7981 : BF;
    7982 : D5;
    7983 : FE;
    7984 : DD;
    7985 : DD;
    7986 : D5;
    7987 : CD;
    7988 : B8;
    7989 : BE;
    7990 : 9E;
    7991 : CF;
    7992 : DD;
    7993 : DD;
    7994 : D5;
    7995 : D5;
    7996 : C0;
    7997 : BF;
    7998 : 9E;
    7999 : CF;
    8000 : EC;
    8001 : FF;
    8002 : FF;
    8003 : 9F;
    8004 : EE;
    8005 : 3C;
    8006 : AA;
    8007 : ED;
    8008 : 69;
    8009 : 37;
    8010 : 83;
    8011 : F8;
    8012 : 12;
    8013 : 03;
    8014 : 0B;
    8015 : E3;
    8016 : 9A;
    8017 : 9B;
    8018 : E4;
    8019 : F8;
    8020 : 14;
    8021 : 0B;
    8022 : 13;
    8023 : E3;
    8024 : DD;
    8025 : DC;
    8026 : DA;
    8027 : D4;
    8028 : FA;
    8029 : FB;
    8030 : FA;
    8031 : 6B;
    8032 : B5;
    8033 : 9A;
    8034 : B0;
    8035 : AF;
    8036 : AE;
    8037 : AB;
    8038 : A8;
    8039 : 1D;
    8040 : D9;
    8041 : 82;
    8042 : 82;
    8043 : 82;
    8044 : 81;
    8045 : D2;
    8046 : 3C;
    8047 : 1C;
    8048 : 97;
    8049 : AF;
    8050 : AD;
    8051 : AD;
    8052 : AB;
    8053 : AB;
    8054 : AB;
    8055 : 7F;
    8056 : AE;
    8057 : AD;
    8058 : AD;
    8059 : AB;
    8060 : AB;
    8061 : AD;
    8062 : AD;
    8063 : AD;
    8064 : 06;
    8065 : FB;
    8066 : A4;
    8067 : 05;
    8068 : 03;
    8069 : 13;
    8070 : FA;
    8071 : 1D;
    8072 : 35;
    8073 : A5;
    8074 : 65;
    8075 : 72;
    8076 : 72;
    8077 : 39;
    8078 : 70;
    8079 : 66;
    8080 : 7E;
    8081 : 67;
    8082 : 3C;
    8083 : 3C;
    8084 : 36;
    8085 : 26;
    8086 : 92;
    8087 : 8D;
    8088 : 50;
    8089 : 46;
    8090 : 75;
    8091 : 53;
    8092 : 48;
    8093 : 58;
    8094 : 58;
    8095 : 5C;
    8096 : 45;
    8097 : 50;
    8098 : 46;
    8099 : 58;
    8100 : 48;
    8101 : 48;
    8102 : 52;
    8103 : 52;
    8104 : 82;
    8105 : 3D;
    8106 : 6E;
    8107 : 74;
    8108 : 73;
    8109 : 3F;
    8110 : 48;
    8111 : 54;
    8112 : 82;
    8113 : 64;
    8114 : 68;
    8115 : A7;
    8116 : 66;
    8117 : 3B;
    8118 : 6A;
    8119 : 46;
    8120 : 7C;
    8121 : 7C;
    8122 : 6D;
    8123 : 6B;
    8124 : 6B;
    8125 : CA;
    8126 : E3;
    8127 : 6B;
    8128 : 6F;
    8129 : 6F;
    8130 : 3C;
    8131 : 50;
    8132 : 50;
    8133 : 89;
    8134 : 88;
    8135 : 7A;
    8136 : 6F;
    8137 : 6F;
    8138 : 3C;
    8139 : 3C;
    8140 : 3C;
    8141 : 6D;
    8142 : 7B;
    8143 : 7B;
    8144 : 6F;
    8145 : 6F;
    8146 : 3C;
    8147 : E0;
    8148 : ED;
    8149 : B2;
    8150 : 76;
    8151 : 7B;
    8152 : 7B;
    8153 : 88;
    8154 : 92;
    8155 : 19;
    8156 : 14;
    8157 : 30;
    8158 : 92;
    8159 : 5E;
    8160 : 6E;
    8161 : 5F;
    8162 : F8;
    8163 : 05;
    8164 : 03;
    8165 : 11;
    8166 : FB;
    8167 : 4E;
    8168 : 7C;
    8169 : 5E;
    8170 : ED;
    8171 : 12;
    8172 : 11;
    8173 : 19;
    8174 : 92;
    8175 : 5E;
    8176 : 7B;
    8177 : 88;
    8178 : 60;
    8179 : FA;
    8180 : FB;
    8181 : F8;
    8182 : 88;
    8183 : 88;
    8184 : 7B;
    8185 : 7B;
    8186 : 88;
    8187 : 45;
    8188 : 44;
    8189 : 50;
    8190 : 7B;
    8191 : 7A;
    8192 : 0B;
    8193 : D6;
    8194 : 70;
    8195 : 8B;
    8196 : 8B;
    8197 : 8C;
    8198 : 7F;
    8199 : AC;
    8200 : 14;
    8201 : D4;
    8202 : 70;
    8203 : 7B;
    8204 : 8B;
    8205 : 8B;
    8206 : 8C;
    8207 : 8C;
    8208 : A9;
    8209 : 7D;
    8210 : 7F;
    8211 : 7D;
    8212 : 7D;
    8213 : 8C;
    8214 : 8C;
    8215 : AC;
    8216 : 7D;
    8217 : 7B;
    8218 : 7E;
    8219 : 8A;
    8220 : 7F;
    8221 : 8C;
    8222 : 8C;
    8223 : 81;
    8224 : 8B;
    8225 : 7E;
    8226 : 7E;
    8227 : 70;
    8228 : 7E;
    8229 : 80;
    8230 : 81;
    8231 : 81;
    8232 : 7D;
    8233 : 7D;
    8234 : 7E;
    8235 : 7E;
    8236 : 7E;
    8237 : 80;
    8238 : AC;
    8239 : 81;
    8240 : 81;
    8241 : 7D;
    8242 : 7F;
    8243 : 7F;
    8244 : 7F;
    8245 : 80;
    8246 : AC;
    8247 : 81;
    8248 : AC;
    8249 : AC;
    8250 : AC;
    8251 : 80;
    8252 : 80;
    8253 : AB;
    8254 : AC;
    8255 : AD;
    8256 : BE;
    8257 : A1;
    8258 : A1;
    8259 : E7;
    8260 : 51;
    8261 : 0A;
    8262 : 06;
    8263 : 12;
    8264 : BE;
    8265 : BE;
    8266 : A0;
    8267 : E7;
    8268 : 51;
    8269 : 0A;
    8270 : 05;
    8271 : 12;
    8272 : B9;
    8273 : B9;
    8274 : B9;
    8275 : B9;
    8276 : DF;
    8277 : FC;
    8278 : F4;
    8279 : 9D;
    8280 : B9;
    8281 : B9;
    8282 : B9;
    8283 : B9;
    8284 : B9;
    8285 : B9;
    8286 : E9;
    8287 : F9;
    8288 : B9;
    8289 : B9;
    8290 : B9;
    8291 : B9;
    8292 : B9;
    8293 : F4;
    8294 : 95;
    8295 : B9;
    8296 : B9;
    8297 : B9;
    8298 : B9;
    8299 : B9;
    8300 : B9;
    8301 : B9;
    8302 : B9;
    8303 : 9E;
    8304 : B9;
    8305 : B9;
    8306 : B9;
    8307 : B9;
    8308 : B9;
    8309 : B9;
    8310 : B9;
    8311 : B9;
    8312 : B9;
    8313 : B9;
    8314 : B9;
    8315 : B9;
    8316 : B9;
    8317 : B9;
    8318 : B6;
    8319 : EB;
    8320 : E5;
    8321 : 14;
    8322 : 0B;
    8323 : 13;
    8324 : C8;
    8325 : DD;
    8326 : DC;
    8327 : B5;
    8328 : DD;
    8329 : FC;
    8330 : FE;
    8331 : F7;
    8332 : D5;
    8333 : DC;
    8334 : DC;
    8335 : B5;
    8336 : 9E;
    8337 : 95;
    8338 : 83;
    8339 : 83;
    8340 : DC;
    8341 : DC;
    8342 : DC;
    8343 : B5;
    8344 : A0;
    8345 : DE;
    8346 : F0;
    8347 : DC;
    8348 : DC;
    8349 : DC;
    8350 : DC;
    8351 : B5;
    8352 : DC;
    8353 : DC;
    8354 : B5;
    8355 : DB;
    8356 : B5;
    8357 : B5;
    8358 : B5;
    8359 : B5;
    8360 : 9A;
    8361 : B5;
    8362 : B5;
    8363 : B5;
    8364 : DA;
    8365 : DA;
    8366 : D9;
    8367 : B5;
    8368 : 72;
    8369 : B5;
    8370 : B5;
    8371 : B5;
    8372 : 9A;
    8373 : 98;
    8374 : 98;
    8375 : 9A;
    8376 : B5;
    8377 : F0;
    8378 : DC;
    8379 : B5;
    8380 : 98;
    8381 : B4;
    8382 : B4;
    8383 : D9;
    8384 : 10;
    8385 : 1A;
    8386 : 1A;
    8387 : 1A;
    8388 : 34;
    8389 : 34;
    8390 : 34;
    8391 : 34;
    8392 : 1A;
    8393 : 1A;
    8394 : 1A;
    8395 : 1A;
    8396 : 34;
    8397 : 34;
    8398 : 34;
    8399 : 34;
    8400 : 34;
    8401 : 34;
    8402 : 34;
    8403 : 34;
    8404 : 34;
    8405 : 34;
    8406 : 34;
    8407 : 34;
    8408 : 34;
    8409 : 34;
    8410 : 34;
    8411 : 34;
    8412 : 34;
    8413 : 34;
    8414 : 63;
    8415 : 63;
    8416 : 63;
    8417 : 63;
    8418 : 63;
    8419 : 63;
    8420 : 63;
    8421 : 63;
    8422 : 63;
    8423 : 63;
    8424 : 63;
    8425 : 63;
    8426 : 63;
    8427 : 63;
    8428 : 63;
    8429 : 63;
    8430 : A4;
    8431 : 35;
    8432 : A4;
    8433 : A4;
    8434 : A4;
    8435 : 63;
    8436 : 63;
    8437 : A4;
    8438 : A4;
    8439 : A4;
    8440 : A4;
    8441 : A4;
    8442 : A4;
    8443 : A4;
    8444 : A4;
    8445 : A4;
    8446 : 64;
    8447 : 37;
    8448 : 06;
    8449 : 06;
    8450 : 06;
    8451 : 06;
    8452 : 06;
    8453 : 06;
    8454 : 07;
    8455 : 07;
    8456 : 06;
    8457 : 05;
    8458 : 04;
    8459 : 05;
    8460 : 06;
    8461 : 06;
    8462 : 06;
    8463 : 07;
    8464 : 06;
    8465 : 04;
    8466 : 04;
    8467 : 04;
    8468 : 06;
    8469 : 06;
    8470 : 06;
    8471 : 0A;
    8472 : 04;
    8473 : 04;
    8474 : 05;
    8475 : 04;
    8476 : 06;
    8477 : 06;
    8478 : 06;
    8479 : 06;
    8480 : 04;
    8481 : 05;
    8482 : 06;
    8483 : 06;
    8484 : 05;
    8485 : 05;
    8486 : 06;
    8487 : 06;
    8488 : 05;
    8489 : 06;
    8490 : 0C;
    8491 : 0C;
    8492 : 05;
    8493 : 05;
    8494 : 07;
    8495 : 0C;
    8496 : 12;
    8497 : 0B;
    8498 : 06;
    8499 : 07;
    8500 : 07;
    8501 : 07;
    8502 : 07;
    8503 : 07;
    8504 : FF;
    8505 : 11;
    8506 : 04;
    8507 : 06;
    8508 : 0D;
    8509 : 0D;
    8510 : 07;
    8511 : 06;
    8512 : 0D;
    8513 : 0D;
    8514 : 0D;
    8515 : 0A;
    8516 : 0A;
    8517 : 07;
    8518 : 07;
    8519 : 07;
    8520 : 0D;
    8521 : 0D;
    8522 : 0C;
    8523 : 06;
    8524 : 06;
    8525 : 0D;
    8526 : 0E;
    8527 : 0E;
    8528 : 0D;
    8529 : 0E;
    8530 : 0C;
    8531 : 03;
    8532 : 05;
    8533 : 0E;
    8534 : 18;
    8535 : 17;
    8536 : 0D;
    8537 : 0D;
    8538 : 0D;
    8539 : 16;
    8540 : 16;
    8541 : 17;
    8542 : 17;
    8543 : 0D;
    8544 : 0E;
    8545 : 0E;
    8546 : 15;
    8547 : 17;
    8548 : 17;
    8549 : 17;
    8550 : 17;
    8551 : 0E;
    8552 : 17;
    8553 : 17;
    8554 : 17;
    8555 : 17;
    8556 : 17;
    8557 : 17;
    8558 : 17;
    8559 : 17;
    8560 : 17;
    8561 : 17;
    8562 : 17;
    8563 : 17;
    8564 : 17;
    8565 : 17;
    8566 : 17;
    8567 : 16;
    8568 : 17;
    8569 : 17;
    8570 : 17;
    8571 : 16;
    8572 : 16;
    8573 : 17;
    8574 : 17;
    8575 : 17;
    8576 : A6;
    8577 : B5;
    8578 : 1B;
    8579 : 0A;
    8580 : 06;
    8581 : 14;
    8582 : EE;
    8583 : 70;
    8584 : 80;
    8585 : 70;
    8586 : D6;
    8587 : FC;
    8588 : FC;
    8589 : 9A;
    8590 : 81;
    8591 : 80;
    8592 : AC;
    8593 : 81;
    8594 : 81;
    8595 : 39;
    8596 : 3D;
    8597 : 81;
    8598 : 80;
    8599 : 8C;
    8600 : 81;
    8601 : 82;
    8602 : 80;
    8603 : 70;
    8604 : 7F;
    8605 : 80;
    8606 : 81;
    8607 : 82;
    8608 : AF;
    8609 : AD;
    8610 : 81;
    8611 : 81;
    8612 : 81;
    8613 : 81;
    8614 : 81;
    8615 : AD;
    8616 : AD;
    8617 : AE;
    8618 : AE;
    8619 : AE;
    8620 : AE;
    8621 : AD;
    8622 : AD;
    8623 : AE;
    8624 : AE;
    8625 : AF;
    8626 : D3;
    8627 : AF;
    8628 : D3;
    8629 : B7;
    8630 : AE;
    8631 : AF;
    8632 : AF;
    8633 : D4;
    8634 : D4;
    8635 : D4;
    8636 : D4;
    8637 : B4;
    8638 : AF;
    8639 : B0;
    8640 : FD;
    8641 : 14;
    8642 : 05;
    8643 : 01;
    8644 : 12;
    8645 : 9F;
    8646 : B6;
    8647 : B9;
    8648 : FE;
    8649 : 0A;
    8650 : 01;
    8651 : 01;
    8652 : 06;
    8653 : 0B;
    8654 : FC;
    8655 : 9E;
    8656 : BC;
    8657 : 9F;
    8658 : 14;
    8659 : 0A;
    8660 : 13;
    8661 : 35;
    8662 : B9;
    8663 : B9;
    8664 : BC;
    8665 : F9;
    8666 : FA;
    8667 : 1C;
    8668 : E3;
    8669 : ED;
    8670 : B5;
    8671 : DD;
    8672 : F0;
    8673 : DD;
    8674 : DD;
    8675 : F9;
    8676 : F0;
    8677 : EE;
    8678 : E2;
    8679 : E4;
    8680 : F0;
    8681 : F0;
    8682 : F0;
    8683 : DD;
    8684 : F0;
    8685 : EF;
    8686 : DB;
    8687 : DD;
    8688 : F0;
    8689 : F0;
    8690 : F0;
    8691 : F0;
    8692 : F5;
    8693 : F3;
    8694 : B9;
    8695 : BB;
    8696 : DD;
    8697 : F0;
    8698 : 9B;
    8699 : F9;
    8700 : 1B;
    8701 : 1B;
    8702 : BC;
    8703 : 9F;
    8704 : B9;
    8705 : E8;
    8706 : E8;
    8707 : E8;
    8708 : E8;
    8709 : E8;
    8710 : E8;
    8711 : E8;
    8712 : E8;
    8713 : B9;
    8714 : C0;
    8715 : E9;
    8716 : E8;
    8717 : E8;
    8718 : E8;
    8719 : E8;
    8720 : C0;
    8721 : C0;
    8722 : EB;
    8723 : EB;
    8724 : DF;
    8725 : E8;
    8726 : E8;
    8727 : E8;
    8728 : C0;
    8729 : BA;
    8730 : C0;
    8731 : BB;
    8732 : E9;
    8733 : E8;
    8734 : E8;
    8735 : C0;
    8736 : B9;
    8737 : BA;
    8738 : E9;
    8739 : EB;
    8740 : E9;
    8741 : E9;
    8742 : B9;
    8743 : E8;
    8744 : B9;
    8745 : B9;
    8746 : BA;
    8747 : EB;
    8748 : EB;
    8749 : B9;
    8750 : E8;
    8751 : F9;
    8752 : B9;
    8753 : B9;
    8754 : E9;
    8755 : E9;
    8756 : BA;
    8757 : DF;
    8758 : 9B;
    8759 : 1B;
    8760 : C0;
    8761 : C0;
    8762 : B9;
    8763 : E8;
    8764 : B9;
    8765 : E8;
    8766 : 69;
    8767 : 0B;
    8768 : 89;
    8769 : 78;
    8770 : 78;
    8771 : 89;
    8772 : 81;
    8773 : 35;
    8774 : 0A;
    8775 : 03;
    8776 : 78;
    8777 : 78;
    8778 : 77;
    8779 : 76;
    8780 : 6E;
    8781 : A6;
    8782 : C6;
    8783 : C6;
    8784 : 77;
    8785 : 77;
    8786 : 77;
    8787 : 87;
    8788 : 7B;
    8789 : 70;
    8790 : 64;
    8791 : 64;
    8792 : 78;
    8793 : 87;
    8794 : 78;
    8795 : 89;
    8796 : 7B;
    8797 : 6E;
    8798 : 70;
    8799 : 71;
    8800 : 89;
    8801 : 89;
    8802 : 89;
    8803 : 7B;
    8804 : 7C;
    8805 : 7C;
    8806 : 6F;
    8807 : 7E;
    8808 : 8B;
    8809 : 8B;
    8810 : 89;
    8811 : 6F;
    8812 : 7E;
    8813 : 7E;
    8814 : 8B;
    8815 : 8B;
    8816 : 89;
    8817 : 89;
    8818 : 89;
    8819 : 7E;
    8820 : 7E;
    8821 : 7F;
    8822 : 7F;
    8823 : B3;
    8824 : 7C;
    8825 : 7C;
    8826 : 8B;
    8827 : 7B;
    8828 : 7C;
    8829 : 7E;
    8830 : 7F;
    8831 : 7F;
    8832 : BB;
    8833 : C0;
    8834 : BE;
    8835 : BE;
    8836 : BE;
    8837 : BA;
    8838 : B6;
    8839 : 9E;
    8840 : BA;
    8841 : C0;
    8842 : BF;
    8843 : BE;
    8844 : E7;
    8845 : EB;
    8846 : BB;
    8847 : BC;
    8848 : B9;
    8849 : C0;
    8850 : BE;
    8851 : BE;
    8852 : C0;
    8853 : 94;
    8854 : F7;
    8855 : FC;
    8856 : B9;
    8857 : C0;
    8858 : BE;
    8859 : BE;
    8860 : 83;
    8861 : FC;
    8862 : 11;
    8863 : 01;
    8864 : CD;
    8865 : DF;
    8866 : EB;
    8867 : E9;
    8868 : BB;
    8869 : FE;
    8870 : 11;
    8871 : 01;
    8872 : CF;
    8873 : CD;
    8874 : DF;
    8875 : EB;
    8876 : EB;
    8877 : 9C;
    8878 : FE;
    8879 : FF;
    8880 : BC;
    8881 : CF;
    8882 : EB;
    8883 : F0;
    8884 : F3;
    8885 : F7;
    8886 : 9F;
    8887 : 94;
    8888 : 9F;
    8889 : BC;
    8890 : F3;
    8891 : EF;
    8892 : F6;
    8893 : 9E;
    8894 : 94;
    8895 : B6;
    8896 : C5;
    8897 : C5;
    8898 : E0;
    8899 : D8;
    8900 : FA;
    8901 : ED;
    8902 : E1;
    8903 : 81;
    8904 : 70;
    8905 : 8C;
    8906 : 92;
    8907 : 23;
    8908 : 0B;
    8909 : 0B;
    8910 : 68;
    8911 : CC;
    8912 : B3;
    8913 : E0;
    8914 : ED;
    8915 : 19;
    8916 : 03;
    8917 : 03;
    8918 : 35;
    8919 : E1;
    8920 : CC;
    8921 : ED;
    8922 : D8;
    8923 : 92;
    8924 : 1C;
    8925 : 19;
    8926 : E2;
    8927 : D3;
    8928 : CE;
    8929 : C5;
    8930 : CE;
    8931 : D2;
    8932 : F8;
    8933 : FA;
    8934 : AD;
    8935 : E1;
    8936 : C4;
    8937 : C4;
    8938 : CE;
    8939 : 67;
    8940 : 6D;
    8941 : 66;
    8942 : 68;
    8943 : C5;
    8944 : 97;
    8945 : AF;
    8946 : D1;
    8947 : 66;
    8948 : 86;
    8949 : 6A;
    8950 : 21;
    8951 : 67;
    8952 : CA;
    8953 : D1;
    8954 : 81;
    8955 : 39;
    8956 : C0;
    8957 : 35;
    8958 : 1C;
    8959 : 67;
    8960 : 10;
    8961 : 1A;
    8962 : 1A;
    8963 : 1A;
    8964 : 1A;
    8965 : 1A;
    8966 : 1A;
    8967 : 34;
    8968 : 10;
    8969 : 1A;
    8970 : 1A;
    8971 : 1A;
    8972 : 1A;
    8973 : 34;
    8974 : C2;
    8975 : C2;
    8976 : 10;
    8977 : 10;
    8978 : 10;
    8979 : 1A;
    8980 : 34;
    8981 : 63;
    8982 : 63;
    8983 : A4;
    8984 : 10;
    8985 : 10;
    8986 : 10;
    8987 : 1A;
    8988 : 63;
    8989 : 35;
    8990 : 64;
    8991 : A6;
    8992 : 09;
    8993 : 1A;
    8994 : 1A;
    8995 : 1A;
    8996 : 34;
    8997 : C2;
    8998 : C2;
    8999 : A4;
    9000 : 10;
    9001 : 1A;
    9002 : 1A;
    9003 : 1A;
    9004 : 34;
    9005 : 34;
    9006 : C2;
    9007 : A4;
    9008 : 1A;
    9009 : 1A;
    9010 : 1A;
    9011 : 1A;
    9012 : 1A;
    9013 : 34;
    9014 : 63;
    9015 : A4;
    9016 : 1A;
    9017 : 1A;
    9018 : 1A;
    9019 : 34;
    9020 : C2;
    9021 : C2;
    9022 : C2;
    9023 : A4;
    9024 : 6E;
    9025 : 68;
    9026 : 67;
    9027 : 26;
    9028 : 2D;
    9029 : 2F;
    9030 : 2F;
    9031 : 31;
    9032 : 1B;
    9033 : 14;
    9034 : 1B;
    9035 : 35;
    9036 : 38;
    9037 : 2F;
    9038 : 24;
    9039 : 24;
    9040 : 05;
    9041 : 00;
    9042 : 03;
    9043 : A4;
    9044 : 21;
    9045 : 2D;
    9046 : 2E;
    9047 : 8D;
    9048 : 11;
    9049 : 06;
    9050 : 11;
    9051 : 35;
    9052 : 36;
    9053 : 21;
    9054 : 69;
    9055 : 11;
    9056 : F8;
    9057 : FB;
    9058 : FB;
    9059 : 8C;
    9060 : 38;
    9061 : 3B;
    9062 : 9C;
    9063 : 01;
    9064 : 33;
    9065 : 4B;
    9066 : 4B;
    9067 : 5D;
    9068 : 90;
    9069 : 4A;
    9070 : 37;
    9071 : 12;
    9072 : 60;
    9073 : 33;
    9074 : 33;
    9075 : 30;
    9076 : 5C;
    9077 : 92;
    9078 : 47;
    9079 : E4;
    9080 : 30;
    9081 : 49;
    9082 : 59;
    9083 : 5C;
    9084 : 5A;
    9085 : 56;
    9086 : 45;
    9087 : 3C;
    9088 : 82;
    9089 : 97;
    9090 : B0;
    9091 : B0;
    9092 : 82;
    9093 : 6C;
    9094 : 68;
    9095 : AB;
    9096 : 3D;
    9097 : AC;
    9098 : AB;
    9099 : 68;
    9100 : E4;
    9101 : FF;
    9102 : FC;
    9103 : 81;
    9104 : 72;
    9105 : E0;
    9106 : A7;
    9107 : FB;
    9108 : 14;
    9109 : 05;
    9110 : 12;
    9111 : F1;
    9112 : EB;
    9113 : F3;
    9114 : B5;
    9115 : 14;
    9116 : 11;
    9117 : 00;
    9118 : 06;
    9119 : FC;
    9120 : 98;
    9121 : 9A;
    9122 : 72;
    9123 : 05;
    9124 : 0B;
    9125 : 63;
    9126 : 94;
    9127 : F4;
    9128 : D0;
    9129 : 75;
    9130 : 8C;
    9131 : AF;
    9132 : AE;
    9133 : 81;
    9134 : 7F;
    9135 : AB;
    9136 : 24;
    9137 : 73;
    9138 : AB;
    9139 : 70;
    9140 : 6B;
    9141 : 86;
    9142 : 86;
    9143 : A7;
    9144 : 14;
    9145 : E0;
    9146 : 83;
    9147 : 94;
    9148 : B4;
    9149 : 79;
    9150 : A7;
    9151 : 81;
    9152 : 77;
    9153 : 78;
    9154 : 8A;
    9155 : 91;
    9156 : 25;
    9157 : 26;
    9158 : 1B;
    9159 : 03;
    9160 : 77;
    9161 : 78;
    9162 : 99;
    9163 : A0;
    9164 : 7A;
    9165 : 68;
    9166 : 1B;
    9167 : 03;
    9168 : 77;
    9169 : 7B;
    9170 : 47;
    9171 : 99;
    9172 : 6C;
    9173 : 7E;
    9174 : 69;
    9175 : BC;
    9176 : 89;
    9177 : 7B;
    9178 : 77;
    9179 : 73;
    9180 : 73;
    9181 : 73;
    9182 : A7;
    9183 : 45;
    9184 : 89;
    9185 : 7B;
    9186 : 75;
    9187 : 73;
    9188 : 73;
    9189 : 73;
    9190 : 73;
    9191 : 73;
    9192 : 89;
    9193 : 7B;
    9194 : 6D;
    9195 : 71;
    9196 : 70;
    9197 : 7D;
    9198 : 89;
    9199 : D0;
    9200 : 6F;
    9201 : 68;
    9202 : 71;
    9203 : 65;
    9204 : 37;
    9205 : 37;
    9206 : 83;
    9207 : 14;
    9208 : 6B;
    9209 : 6F;
    9210 : 67;
    9211 : 68;
    9212 : 37;
    9213 : F7;
    9214 : 12;
    9215 : 00;
    9216 : 06;
    9217 : 06;
    9218 : 06;
    9219 : 06;
    9220 : 06;
    9221 : 05;
    9222 : 05;
    9223 : 05;
    9224 : 05;
    9225 : 05;
    9226 : 06;
    9227 : 06;
    9228 : 06;
    9229 : 06;
    9230 : 06;
    9231 : 06;
    9232 : 05;
    9233 : 05;
    9234 : 04;
    9235 : 05;
    9236 : 0C;
    9237 : 0D;
    9238 : 0E;
    9239 : 16;
    9240 : 07;
    9241 : 06;
    9242 : 0A;
    9243 : 06;
    9244 : 07;
    9245 : 07;
    9246 : 0C;
    9247 : 0F;
    9248 : 07;
    9249 : 0C;
    9250 : 16;
    9251 : 0E;
    9252 : 06;
    9253 : 06;
    9254 : 0C;
    9255 : 0D;
    9256 : 0C;
    9257 : 0C;
    9258 : 0F;
    9259 : 0F;
    9260 : 0D;
    9261 : 0C;
    9262 : 0D;
    9263 : 0F;
    9264 : 0E;
    9265 : 0F;
    9266 : 16;
    9267 : 15;
    9268 : 0F;
    9269 : 0E;
    9270 : 0F;
    9271 : 0F;
    9272 : 15;
    9273 : 0F;
    9274 : 0F;
    9275 : 0F;
    9276 : 0F;
    9277 : 0F;
    9278 : 0F;
    9279 : 0F;
    9280 : FA;
    9281 : C4;
    9282 : 69;
    9283 : BC;
    9284 : 0B;
    9285 : 05;
    9286 : 13;
    9287 : F7;
    9288 : 1D;
    9289 : 3D;
    9290 : 72;
    9291 : 83;
    9292 : 03;
    9293 : 00;
    9294 : 0B;
    9295 : FE;
    9296 : 3C;
    9297 : 7D;
    9298 : D3;
    9299 : D6;
    9300 : 1B;
    9301 : 14;
    9302 : 37;
    9303 : 69;
    9304 : ED;
    9305 : D1;
    9306 : CB;
    9307 : 6F;
    9308 : F1;
    9309 : FC;
    9310 : DF;
    9311 : 65;
    9312 : 7F;
    9313 : CC;
    9314 : E3;
    9315 : 86;
    9316 : AD;
    9317 : 93;
    9318 : 9A;
    9319 : ED;
    9320 : E3;
    9321 : D8;
    9322 : D0;
    9323 : 86;
    9324 : 8F;
    9325 : A0;
    9326 : DB;
    9327 : F8;
    9328 : 1C;
    9329 : 30;
    9330 : 92;
    9331 : 86;
    9332 : AD;
    9333 : 9E;
    9334 : 9B;
    9335 : A9;
    9336 : 1C;
    9337 : 35;
    9338 : F8;
    9339 : 8F;
    9340 : 64;
    9341 : FC;
    9342 : 0A;
    9343 : 01;
    9344 : 0B;
    9345 : 00;
    9346 : 01;
    9347 : 1D;
    9348 : E3;
    9349 : 6C;
    9350 : D8;
    9351 : 7B;
    9352 : 1B;
    9353 : 11;
    9354 : 13;
    9355 : 68;
    9356 : 7E;
    9357 : 67;
    9358 : 36;
    9359 : 3C;
    9360 : A6;
    9361 : FC;
    9362 : FB;
    9363 : 45;
    9364 : 3C;
    9365 : 3C;
    9366 : 45;
    9367 : 45;
    9368 : 4D;
    9369 : 40;
    9370 : 40;
    9371 : 57;
    9372 : 57;
    9373 : 57;
    9374 : 57;
    9375 : 57;
    9376 : 57;
    9377 : 57;
    9378 : 57;
    9379 : 57;
    9380 : 57;
    9381 : 57;
    9382 : 57;
    9383 : 57;
    9384 : 57;
    9385 : 57;
    9386 : 57;
    9387 : 57;
    9388 : 57;
    9389 : 57;
    9390 : 57;
    9391 : 57;
    9392 : 57;
    9393 : 57;
    9394 : 57;
    9395 : 57;
    9396 : 57;
    9397 : 57;
    9398 : 57;
    9399 : 57;
    9400 : 57;
    9401 : 57;
    9402 : 57;
    9403 : 57;
    9404 : 57;
    9405 : 57;
    9406 : 57;
    9407 : 57;
    9408 : 36;
    9409 : AA;
    9410 : 80;
    9411 : E5;
    9412 : 69;
    9413 : 01;
    9414 : 00;
    9415 : 0B;
    9416 : 98;
    9417 : A9;
    9418 : A9;
    9419 : 9D;
    9420 : 9C;
    9421 : 0B;
    9422 : 0A;
    9423 : 14;
    9424 : 9C;
    9425 : 9E;
    9426 : 9A;
    9427 : B5;
    9428 : BB;
    9429 : FD;
    9430 : FE;
    9431 : E5;
    9432 : 96;
    9433 : 9A;
    9434 : B7;
    9435 : AF;
    9436 : F0;
    9437 : 9C;
    9438 : 69;
    9439 : 82;
    9440 : 99;
    9441 : AE;
    9442 : AE;
    9443 : 98;
    9444 : 9A;
    9445 : 9E;
    9446 : 9B;
    9447 : 98;
    9448 : 9A;
    9449 : 9A;
    9450 : 9A;
    9451 : 9A;
    9452 : 9A;
    9453 : 9A;
    9454 : 9A;
    9455 : 9A;
    9456 : B5;
    9457 : B5;
    9458 : B5;
    9459 : B5;
    9460 : B5;
    9461 : B5;
    9462 : B5;
    9463 : B5;
    9464 : B5;
    9465 : B5;
    9466 : B5;
    9467 : B5;
    9468 : B5;
    9469 : B5;
    9470 : B5;
    9471 : B5;
    9472 : 0C;
    9473 : 0C;
    9474 : 0C;
    9475 : 0C;
    9476 : 0C;
    9477 : 0D;
    9478 : 0E;
    9479 : 0E;
    9480 : 0C;
    9481 : 0C;
    9482 : 0C;
    9483 : 0C;
    9484 : 0D;
    9485 : 0D;
    9486 : 0E;
    9487 : 0E;
    9488 : 15;
    9489 : 15;
    9490 : 15;
    9491 : 15;
    9492 : 0E;
    9493 : 0E;
    9494 : 15;
    9495 : 15;
    9496 : 0F;
    9497 : 0F;
    9498 : 0F;
    9499 : 0F;
    9500 : 0F;
    9501 : 0D;
    9502 : 0D;
    9503 : 0F;
    9504 : 0F;
    9505 : 0F;
    9506 : 0F;
    9507 : 0F;
    9508 : 15;
    9509 : 0C;
    9510 : 0C;
    9511 : 0D;
    9512 : 15;
    9513 : 15;
    9514 : 15;
    9515 : 0F;
    9516 : 0F;
    9517 : 0E;
    9518 : 0E;
    9519 : 0E;
    9520 : 15;
    9521 : 0F;
    9522 : 0F;
    9523 : 15;
    9524 : 15;
    9525 : 15;
    9526 : 16;
    9527 : 0F;
    9528 : 0F;
    9529 : 0F;
    9530 : 15;
    9531 : 15;
    9532 : 0F;
    9533 : 15;
    9534 : 15;
    9535 : 15;
    9536 : B5;
    9537 : A0;
    9538 : DB;
    9539 : BE;
    9540 : B9;
    9541 : B9;
    9542 : B9;
    9543 : B9;
    9544 : B8;
    9545 : BE;
    9546 : A1;
    9547 : BE;
    9548 : B9;
    9549 : B9;
    9550 : B9;
    9551 : B9;
    9552 : CD;
    9553 : BA;
    9554 : BF;
    9555 : C0;
    9556 : C0;
    9557 : B9;
    9558 : B9;
    9559 : B9;
    9560 : BC;
    9561 : BB;
    9562 : A2;
    9563 : B6;
    9564 : 83;
    9565 : D5;
    9566 : B1;
    9567 : 9C;
    9568 : B9;
    9569 : B9;
    9570 : B9;
    9571 : E4;
    9572 : C4;
    9573 : C6;
    9574 : FF;
    9575 : FF;
    9576 : B9;
    9577 : B9;
    9578 : B9;
    9579 : DD;
    9580 : C8;
    9581 : 69;
    9582 : 12;
    9583 : 11;
    9584 : B9;
    9585 : B9;
    9586 : B9;
    9587 : 83;
    9588 : F7;
    9589 : 1B;
    9590 : 01;
    9591 : 00;
    9592 : B9;
    9593 : B9;
    9594 : B9;
    9595 : D7;
    9596 : CF;
    9597 : 94;
    9598 : 13;
    9599 : 11;
    9600 : E8;
    9601 : E8;
    9602 : E8;
    9603 : E8;
    9604 : F3;
    9605 : F3;
    9606 : E9;
    9607 : FE;
    9608 : B9;
    9609 : E8;
    9610 : E8;
    9611 : B8;
    9612 : B6;
    9613 : E9;
    9614 : 83;
    9615 : 13;
    9616 : B8;
    9617 : B8;
    9618 : B8;
    9619 : B9;
    9620 : 9D;
    9621 : F7;
    9622 : 1B;
    9623 : 06;
    9624 : B9;
    9625 : B8;
    9626 : B8;
    9627 : B8;
    9628 : E9;
    9629 : DF;
    9630 : DF;
    9631 : 69;
    9632 : BA;
    9633 : B9;
    9634 : B9;
    9635 : E8;
    9636 : DE;
    9637 : 9E;
    9638 : B8;
    9639 : F4;
    9640 : C0;
    9641 : BA;
    9642 : B9;
    9643 : B8;
    9644 : DC;
    9645 : DC;
    9646 : DE;
    9647 : B5;
    9648 : B9;
    9649 : B8;
    9650 : B8;
    9651 : B8;
    9652 : B8;
    9653 : DE;
    9654 : 93;
    9655 : 72;
    9656 : B8;
    9657 : B8;
    9658 : B8;
    9659 : B8;
    9660 : B8;
    9661 : DE;
    9662 : 9B;
    9663 : 9B;
    9664 : 98;
    9665 : B4;
    9666 : B4;
    9667 : AF;
    9668 : B7;
    9669 : D9;
    9670 : B4;
    9671 : D4;
    9672 : F3;
    9673 : 98;
    9674 : B4;
    9675 : D4;
    9676 : D9;
    9677 : D9;
    9678 : B4;
    9679 : AF;
    9680 : 13;
    9681 : F7;
    9682 : 97;
    9683 : AF;
    9684 : B4;
    9685 : D9;
    9686 : B7;
    9687 : 99;
    9688 : 0A;
    9689 : FE;
    9690 : 72;
    9691 : B4;
    9692 : AF;
    9693 : D9;
    9694 : B4;
    9695 : B7;
    9696 : 13;
    9697 : F9;
    9698 : 97;
    9699 : B7;
    9700 : B4;
    9701 : D9;
    9702 : B4;
    9703 : AF;
    9704 : F9;
    9705 : 72;
    9706 : B4;
    9707 : D3;
    9708 : B4;
    9709 : D9;
    9710 : B0;
    9711 : 65;
    9712 : 98;
    9713 : 98;
    9714 : AF;
    9715 : AE;
    9716 : 99;
    9717 : D9;
    9718 : B4;
    9719 : AF;
    9720 : 9A;
    9721 : 98;
    9722 : B0;
    9723 : AF;
    9724 : B0;
    9725 : 98;
    9726 : B4;
    9727 : D9;
    9728 : 32;
    9729 : 32;
    9730 : 31;
    9731 : 25;
    9732 : 21;
    9733 : 21;
    9734 : 21;
    9735 : 21;
    9736 : 25;
    9737 : 25;
    9738 : 21;
    9739 : 1E;
    9740 : 1C;
    9741 : 1C;
    9742 : 1C;
    9743 : 1F;
    9744 : 1F;
    9745 : 1F;
    9746 : 1F;
    9747 : 22;
    9748 : 22;
    9749 : 22;
    9750 : 24;
    9751 : 22;
    9752 : 1F;
    9753 : 1F;
    9754 : 1F;
    9755 : 22;
    9756 : 1F;
    9757 : 1F;
    9758 : 2D;
    9759 : 1F;
    9760 : 1F;
    9761 : 1F;
    9762 : 1F;
    9763 : 32;
    9764 : 32;
    9765 : 52;
    9766 : 32;
    9767 : 22;
    9768 : 1F;
    9769 : 1F;
    9770 : 2F;
    9771 : 19;
    9772 : 0A;
    9773 : 0A;
    9774 : 19;
    9775 : 2F;
    9776 : 1F;
    9777 : 1F;
    9778 : 58;
    9779 : 12;
    9780 : 03;
    9781 : 03;
    9782 : 19;
    9783 : 32;
    9784 : 22;
    9785 : 1F;
    9786 : 24;
    9787 : 22;
    9788 : 19;
    9789 : 19;
    9790 : 2D;
    9791 : 1F;
    9792 : FC;
    9793 : FE;
    9794 : E5;
    9795 : C6;
    9796 : DD;
    9797 : DD;
    9798 : DD;
    9799 : DD;
    9800 : E5;
    9801 : C6;
    9802 : 69;
    9803 : C6;
    9804 : DD;
    9805 : DD;
    9806 : DD;
    9807 : DD;
    9808 : C6;
    9809 : C6;
    9810 : 83;
    9811 : D5;
    9812 : DD;
    9813 : DD;
    9814 : DD;
    9815 : B5;
    9816 : FE;
    9817 : FC;
    9818 : E5;
    9819 : F3;
    9820 : DD;
    9821 : DD;
    9822 : DD;
    9823 : B5;
    9824 : 11;
    9825 : 12;
    9826 : 69;
    9827 : C6;
    9828 : DD;
    9829 : DD;
    9830 : DD;
    9831 : DD;
    9832 : 00;
    9833 : 03;
    9834 : C8;
    9835 : C6;
    9836 : B9;
    9837 : B9;
    9838 : B9;
    9839 : B9;
    9840 : 11;
    9841 : 13;
    9842 : CF;
    9843 : C8;
    9844 : B9;
    9845 : B9;
    9846 : B9;
    9847 : B9;
    9848 : FF;
    9849 : FC;
    9850 : 69;
    9851 : D5;
    9852 : B9;
    9853 : B9;
    9854 : B9;
    9855 : B9;
    9856 : 03;
    9857 : 04;
    9858 : 06;
    9859 : D6;
    9860 : 38;
    9861 : 3B;
    9862 : 3B;
    9863 : 41;
    9864 : 01;
    9865 : 03;
    9866 : 06;
    9867 : C6;
    9868 : 41;
    9869 : 3F;
    9870 : 41;
    9871 : 85;
    9872 : FD;
    9873 : BC;
    9874 : E5;
    9875 : CE;
    9876 : 40;
    9877 : 74;
    9878 : 74;
    9879 : 85;
    9880 : 65;
    9881 : 68;
    9882 : A7;
    9883 : A7;
    9884 : 85;
    9885 : 85;
    9886 : 85;
    9887 : 85;
    9888 : 73;
    9889 : 73;
    9890 : 3E;
    9891 : 3B;
    9892 : 85;
    9893 : 85;
    9894 : 85;
    9895 : 85;
    9896 : 86;
    9897 : 48;
    9898 : 58;
    9899 : 8D;
    9900 : 85;
    9901 : 85;
    9902 : 85;
    9903 : 85;
    9904 : 1B;
    9905 : 82;
    9906 : 8C;
    9907 : 8C;
    9908 : 78;
    9909 : 78;
    9910 : 78;
    9911 : 78;
    9912 : 03;
    9913 : 9A;
    9914 : 35;
    9915 : 6E;
    9916 : 7D;
    9917 : 7B;
    9918 : 7B;
    9919 : 7B;
    9920 : AE;
    9921 : 8A;
    9922 : 81;
    9923 : 8A;
    9924 : B3;
    9925 : 8B;
    9926 : 8B;
    9927 : 3C;
    9928 : 8C;
    9929 : 8C;
    9930 : 80;
    9931 : 8C;
    9932 : 8B;
    9933 : 8C;
    9934 : 8B;
    9935 : 3C;
    9936 : B2;
    9937 : 8B;
    9938 : 8B;
    9939 : 8B;
    9940 : 8A;
    9941 : 8C;
    9942 : 8C;
    9943 : 8C;
    9944 : A7;
    9945 : 89;
    9946 : AA;
    9947 : 7B;
    9948 : 8B;
    9949 : 8C;
    9950 : 8C;
    9951 : 8B;
    9952 : 75;
    9953 : 1D;
    9954 : 46;
    9955 : 8B;
    9956 : 8B;
    9957 : 7D;
    9958 : 7D;
    9959 : 7E;
    9960 : 8C;
    9961 : 1D;
    9962 : 46;
    9963 : 8B;
    9964 : 7B;
    9965 : 7B;
    9966 : 7B;
    9967 : 7B;
    9968 : 39;
    9969 : 81;
    9970 : 81;
    9971 : 8C;
    9972 : 8B;
    9973 : 89;
    9974 : 89;
    9975 : 7B;
    9976 : 05;
    9977 : B5;
    9978 : 70;
    9979 : 8B;
    9980 : 78;
    9981 : 76;
    9982 : 87;
    9983 : 78;
    9984 : 17;
    9985 : 17;
    9986 : 17;
    9987 : 17;
    9988 : 17;
    9989 : 18;
    9990 : 18;
    9991 : 18;
    9992 : 17;
    9993 : 17;
    9994 : 17;
    9995 : 17;
    9996 : 17;
    9997 : 18;
    9998 : 18;
    9999 : 18;
    10000 : 18;
    10001 : 17;
    10002 : 17;
    10003 : 18;
    10004 : 18;
    10005 : 18;
    10006 : 18;
    10007 : 18;
    10008 : 18;
    10009 : 17;
    10010 : 18;
    10011 : 18;
    10012 : 18;
    10013 : 18;
    10014 : 18;
    10015 : 18;
    10016 : 19;
    10017 : 18;
    10018 : 18;
    10019 : 18;
    10020 : 18;
    10021 : 18;
    10022 : 18;
    10023 : 18;
    10024 : 19;
    10025 : 19;
    10026 : 18;
    10027 : 18;
    10028 : 18;
    10029 : 18;
    10030 : 18;
    10031 : 18;
    10032 : 18;
    10033 : 18;
    10034 : 19;
    10035 : 18;
    10036 : 18;
    10037 : 18;
    10038 : 18;
    10039 : 19;
    10040 : 18;
    10041 : 18;
    10042 : 19;
    10043 : 19;
    10044 : 18;
    10045 : 19;
    10046 : 19;
    10047 : 19;
    10048 : B9;
    10049 : BB;
    10050 : F7;
    10051 : FE;
    10052 : FC;
    10053 : B5;
    10054 : B4;
    10055 : D3;
    10056 : 83;
    10057 : EC;
    10058 : 37;
    10059 : 11;
    10060 : 13;
    10061 : 9A;
    10062 : 82;
    10063 : 70;
    10064 : 83;
    10065 : FE;
    10066 : 13;
    10067 : 00;
    10068 : 03;
    10069 : F2;
    10070 : 47;
    10071 : AC;
    10072 : 83;
    10073 : FC;
    10074 : 37;
    10075 : 12;
    10076 : 14;
    10077 : FC;
    10078 : DA;
    10079 : E1;
    10080 : E8;
    10081 : 9E;
    10082 : 83;
    10083 : FC;
    10084 : FA;
    10085 : 35;
    10086 : 14;
    10087 : A8;
    10088 : B5;
    10089 : 98;
    10090 : 81;
    10091 : 36;
    10092 : E3;
    10093 : 13;
    10094 : 0A;
    10095 : 21;
    10096 : B5;
    10097 : 98;
    10098 : AD;
    10099 : A8;
    10100 : D0;
    10101 : 21;
    10102 : 13;
    10103 : 6A;
    10104 : B5;
    10105 : 98;
    10106 : 82;
    10107 : E0;
    10108 : E3;
    10109 : D0;
    10110 : F8;
    10111 : A7;
    10112 : AD;
    10113 : AD;
    10114 : 81;
    10115 : AD;
    10116 : 81;
    10117 : AD;
    10118 : AD;
    10119 : AD;
    10120 : AD;
    10121 : AD;
    10122 : AD;
    10123 : AC;
    10124 : AD;
    10125 : AD;
    10126 : AD;
    10127 : AD;
    10128 : AD;
    10129 : AD;
    10130 : AD;
    10131 : AD;
    10132 : AD;
    10133 : AD;
    10134 : AD;
    10135 : AE;
    10136 : AD;
    10137 : AD;
    10138 : AD;
    10139 : AD;
    10140 : AD;
    10141 : AD;
    10142 : AD;
    10143 : AE;
    10144 : AD;
    10145 : AD;
    10146 : AD;
    10147 : AD;
    10148 : AD;
    10149 : AD;
    10150 : AE;
    10151 : AD;
    10152 : AD;
    10153 : AD;
    10154 : AD;
    10155 : AD;
    10156 : AD;
    10157 : AD;
    10158 : AD;
    10159 : AD;
    10160 : AD;
    10161 : AD;
    10162 : AD;
    10163 : AD;
    10164 : AD;
    10165 : AD;
    10166 : AE;
    10167 : AE;
    10168 : AE;
    10169 : AD;
    10170 : AD;
    10171 : AD;
    10172 : AD;
    10173 : 81;
    10174 : 81;
    10175 : 82;
    10176 : DD;
    10177 : B5;
    10178 : F9;
    10179 : F9;
    10180 : 1B;
    10181 : 13;
    10182 : F2;
    10183 : F2;
    10184 : 9B;
    10185 : F5;
    10186 : F9;
    10187 : DC;
    10188 : F9;
    10189 : FA;
    10190 : F2;
    10191 : B5;
    10192 : F3;
    10193 : F4;
    10194 : E9;
    10195 : 9D;
    10196 : DF;
    10197 : F0;
    10198 : F6;
    10199 : BE;
    10200 : BB;
    10201 : BB;
    10202 : 9C;
    10203 : F7;
    10204 : 9F;
    10205 : BC;
    10206 : F4;
    10207 : BB;
    10208 : C0;
    10209 : BB;
    10210 : F7;
    10211 : EC;
    10212 : FC;
    10213 : FD;
    10214 : BC;
    10215 : 9F;
    10216 : B6;
    10217 : BB;
    10218 : BC;
    10219 : FC;
    10220 : 14;
    10221 : 13;
    10222 : BC;
    10223 : BC;
    10224 : F7;
    10225 : EC;
    10226 : 9F;
    10227 : FF;
    10228 : 05;
    10229 : 00;
    10230 : 14;
    10231 : FD;
    10232 : EB;
    10233 : F7;
    10234 : 94;
    10235 : FD;
    10236 : 0B;
    10237 : 05;
    10238 : 1B;
    10239 : FC;
    10240 : E4;
    10241 : 45;
    10242 : 3C;
    10243 : B2;
    10244 : 77;
    10245 : 89;
    10246 : 8E;
    10247 : 8E;
    10248 : 88;
    10249 : 4E;
    10250 : 76;
    10251 : 78;
    10252 : 7F;
    10253 : 8A;
    10254 : 88;
    10255 : 87;
    10256 : 89;
    10257 : 50;
    10258 : 7D;
    10259 : 82;
    10260 : 47;
    10261 : 8F;
    10262 : 7D;
    10263 : 5F;
    10264 : 78;
    10265 : 7B;
    10266 : 7D;
    10267 : 81;
    10268 : 81;
    10269 : 7A;
    10270 : 88;
    10271 : 4E;
    10272 : 7A;
    10273 : 6C;
    10274 : 6B;
    10275 : 87;
    10276 : 41;
    10277 : 4E;
    10278 : 38;
    10279 : 42;
    10280 : 76;
    10281 : 76;
    10282 : 74;
    10283 : 4E;
    10284 : 4E;
    10285 : 45;
    10286 : DD;
    10287 : FE;
    10288 : 74;
    10289 : 74;
    10290 : 74;
    10291 : 4E;
    10292 : 3C;
    10293 : F7;
    10294 : 11;
    10295 : 04;
    10296 : 74;
    10297 : 74;
    10298 : 41;
    10299 : 6C;
    10300 : 35;
    10301 : CF;
    10302 : 05;
    10303 : 01;
    10304 : E3;
    10305 : 66;
    10306 : E3;
    10307 : AD;
    10308 : CC;
    10309 : A5;
    10310 : C3;
    10311 : C3;
    10312 : CB;
    10313 : 6F;
    10314 : D1;
    10315 : F8;
    10316 : C5;
    10317 : A5;
    10318 : A5;
    10319 : 65;
    10320 : CB;
    10321 : AB;
    10322 : AB;
    10323 : C5;
    10324 : 65;
    10325 : FA;
    10326 : FB;
    10327 : FA;
    10328 : AB;
    10329 : AB;
    10330 : CC;
    10331 : AD;
    10332 : F8;
    10333 : 13;
    10334 : 12;
    10335 : 19;
    10336 : D2;
    10337 : D1;
    10338 : AB;
    10339 : ED;
    10340 : FA;
    10341 : 06;
    10342 : 03;
    10343 : 0A;
    10344 : E1;
    10345 : E2;
    10346 : D2;
    10347 : CB;
    10348 : FA;
    10349 : 14;
    10350 : 12;
    10351 : 14;
    10352 : E2;
    10353 : E2;
    10354 : D4;
    10355 : D8;
    10356 : D8;
    10357 : F8;
    10358 : FB;
    10359 : FB;
    10360 : E2;
    10361 : E2;
    10362 : E2;
    10363 : B7;
    10364 : B7;
    10365 : E6;
    10366 : AE;
    10367 : 82;
    10368 : 6C;
    10369 : 7B;
    10370 : 7B;
    10371 : 7B;
    10372 : 7B;
    10373 : 78;
    10374 : 89;
    10375 : D8;
    10376 : 7D;
    10377 : 7A;
    10378 : 78;
    10379 : 7A;
    10380 : 78;
    10381 : 78;
    10382 : 76;
    10383 : 76;
    10384 : 8B;
    10385 : 88;
    10386 : 88;
    10387 : 88;
    10388 : 7B;
    10389 : 78;
    10390 : 87;
    10391 : 88;
    10392 : 76;
    10393 : 88;
    10394 : 87;
    10395 : 88;
    10396 : 88;
    10397 : 87;
    10398 : 8E;
    10399 : 88;
    10400 : 87;
    10401 : 87;
    10402 : 85;
    10403 : 77;
    10404 : 6B;
    10405 : 78;
    10406 : 76;
    10407 : 5E;
    10408 : 76;
    10409 : 46;
    10410 : 6B;
    10411 : 81;
    10412 : A9;
    10413 : 65;
    10414 : 6C;
    10415 : 76;
    10416 : 89;
    10417 : 6E;
    10418 : 64;
    10419 : 1B;
    10420 : 14;
    10421 : 37;
    10422 : 81;
    10423 : 6B;
    10424 : 14;
    10425 : D4;
    10426 : 37;
    10427 : 04;
    10428 : 00;
    10429 : 11;
    10430 : FC;
    10431 : 35;
    10432 : DA;
    10433 : DB;
    10434 : BE;
    10435 : BE;
    10436 : DC;
    10437 : DB;
    10438 : B5;
    10439 : B5;
    10440 : DA;
    10441 : DB;
    10442 : DB;
    10443 : DC;
    10444 : DB;
    10445 : DB;
    10446 : B5;
    10447 : B5;
    10448 : A0;
    10449 : DA;
    10450 : DA;
    10451 : DA;
    10452 : DB;
    10453 : DC;
    10454 : 9A;
    10455 : 93;
    10456 : E8;
    10457 : DB;
    10458 : DA;
    10459 : DB;
    10460 : C8;
    10461 : C6;
    10462 : CF;
    10463 : FC;
    10464 : F7;
    10465 : DC;
    10466 : DA;
    10467 : DE;
    10468 : CD;
    10469 : C8;
    10470 : 0B;
    10471 : 04;
    10472 : F6;
    10473 : DB;
    10474 : EF;
    10475 : DD;
    10476 : 83;
    10477 : C8;
    10478 : 03;
    10479 : 00;
    10480 : DD;
    10481 : A0;
    10482 : B5;
    10483 : A0;
    10484 : D5;
    10485 : E5;
    10486 : 1B;
    10487 : 14;
    10488 : DB;
    10489 : B5;
    10490 : B5;
    10491 : B5;
    10492 : DC;
    10493 : B5;
    10494 : EE;
    10495 : FC;
    10496 : B9;
    10497 : B9;
    10498 : B9;
    10499 : BE;
    10500 : BE;
    10501 : BE;
    10502 : A0;
    10503 : A0;
    10504 : B9;
    10505 : B9;
    10506 : 96;
    10507 : BE;
    10508 : BE;
    10509 : F6;
    10510 : FC;
    10511 : F6;
    10512 : B9;
    10513 : B9;
    10514 : 96;
    10515 : A0;
    10516 : F3;
    10517 : 37;
    10518 : 12;
    10519 : 1B;
    10520 : B9;
    10521 : B6;
    10522 : F4;
    10523 : 93;
    10524 : FC;
    10525 : 13;
    10526 : 03;
    10527 : 0B;
    10528 : B9;
    10529 : B9;
    10530 : 9E;
    10531 : A0;
    10532 : F6;
    10533 : F3;
    10534 : 72;
    10535 : E7;
    10536 : B9;
    10537 : B9;
    10538 : B9;
    10539 : B9;
    10540 : 9E;
    10541 : B9;
    10542 : EB;
    10543 : E9;
    10544 : B9;
    10545 : B9;
    10546 : B9;
    10547 : B9;
    10548 : B9;
    10549 : B9;
    10550 : 9E;
    10551 : B9;
    10552 : B9;
    10553 : B9;
    10554 : B9;
    10555 : B9;
    10556 : B9;
    10557 : B9;
    10558 : B9;
    10559 : B9;
    10560 : 31;
    10561 : 3A;
    10562 : 3A;
    10563 : 2E;
    10564 : 2E;
    10565 : 2E;
    10566 : 2E;
    10567 : 2D;
    10568 : 24;
    10569 : 2E;
    10570 : 3A;
    10571 : 2E;
    10572 : 2E;
    10573 : 2E;
    10574 : 2E;
    10575 : 2D;
    10576 : D0;
    10577 : 48;
    10578 : 25;
    10579 : 2E;
    10580 : 2E;
    10581 : 2E;
    10582 : 2E;
    10583 : 2D;
    10584 : 0B;
    10585 : 14;
    10586 : CE;
    10587 : 36;
    10588 : 3E;
    10589 : 3E;
    10590 : 52;
    10591 : 3B;
    10592 : 00;
    10593 : 11;
    10594 : FB;
    10595 : 36;
    10596 : 6A;
    10597 : 55;
    10598 : 5A;
    10599 : 4E;
    10600 : 11;
    10601 : 1B;
    10602 : C7;
    10603 : 6B;
    10604 : 87;
    10605 : 8E;
    10606 : 62;
    10607 : 8E;
    10608 : F8;
    10609 : 68;
    10610 : 6C;
    10611 : 8B;
    10612 : 8E;
    10613 : 62;
    10614 : 62;
    10615 : 8F;
    10616 : 40;
    10617 : 3C;
    10618 : 46;
    10619 : 88;
    10620 : 88;
    10621 : 8A;
    10622 : 51;
    10623 : 8A;
    10624 : B9;
    10625 : B9;
    10626 : B9;
    10627 : B9;
    10628 : B9;
    10629 : B9;
    10630 : B9;
    10631 : B9;
    10632 : B9;
    10633 : B9;
    10634 : B9;
    10635 : B9;
    10636 : 9E;
    10637 : 9E;
    10638 : B9;
    10639 : B9;
    10640 : B9;
    10641 : B9;
    10642 : B9;
    10643 : 9E;
    10644 : E9;
    10645 : F4;
    10646 : B9;
    10647 : B9;
    10648 : B9;
    10649 : 95;
    10650 : EA;
    10651 : F4;
    10652 : 83;
    10653 : 69;
    10654 : F4;
    10655 : 9E;
    10656 : 9E;
    10657 : 96;
    10658 : 96;
    10659 : FC;
    10660 : 05;
    10661 : 05;
    10662 : FE;
    10663 : 9E;
    10664 : C0;
    10665 : C0;
    10666 : B9;
    10667 : F4;
    10668 : 05;
    10669 : 06;
    10670 : FF;
    10671 : 9E;
    10672 : C0;
    10673 : EA;
    10674 : EA;
    10675 : F9;
    10676 : EB;
    10677 : 9E;
    10678 : F4;
    10679 : F9;
    10680 : C0;
    10681 : C0;
    10682 : 9E;
    10683 : EA;
    10684 : 94;
    10685 : 94;
    10686 : 9E;
    10687 : E9;
    10688 : 01;
    10689 : 06;
    10690 : C6;
    10691 : D4;
    10692 : AE;
    10693 : B4;
    10694 : 99;
    10695 : 99;
    10696 : 13;
    10697 : 1B;
    10698 : C9;
    10699 : A9;
    10700 : B4;
    10701 : 99;
    10702 : B7;
    10703 : B7;
    10704 : F9;
    10705 : DA;
    10706 : 98;
    10707 : 98;
    10708 : 97;
    10709 : 98;
    10710 : 99;
    10711 : D3;
    10712 : 51;
    10713 : 98;
    10714 : 97;
    10715 : 82;
    10716 : 97;
    10717 : 98;
    10718 : 99;
    10719 : AE;
    10720 : 98;
    10721 : 98;
    10722 : B4;
    10723 : 97;
    10724 : 97;
    10725 : 99;
    10726 : AF;
    10727 : AF;
    10728 : 98;
    10729 : 98;
    10730 : 97;
    10731 : 97;
    10732 : 97;
    10733 : B4;
    10734 : B4;
    10735 : B4;
    10736 : 98;
    10737 : 98;
    10738 : 98;
    10739 : 99;
    10740 : B4;
    10741 : B4;
    10742 : B4;
    10743 : 99;
    10744 : 98;
    10745 : 98;
    10746 : 98;
    10747 : 99;
    10748 : B4;
    10749 : AF;
    10750 : AF;
    10751 : B4;
    10752 : EC;
    10753 : 9F;
    10754 : 37;
    10755 : 37;
    10756 : FC;
    10757 : FC;
    10758 : 9F;
    10759 : BB;
    10760 : FD;
    10761 : 1B;
    10762 : 00;
    10763 : 00;
    10764 : 14;
    10765 : F7;
    10766 : 9C;
    10767 : 9C;
    10768 : EC;
    10769 : CD;
    10770 : 0A;
    10771 : 06;
    10772 : 14;
    10773 : F7;
    10774 : CD;
    10775 : 9D;
    10776 : B6;
    10777 : F4;
    10778 : FE;
    10779 : FC;
    10780 : FC;
    10781 : 95;
    10782 : 9E;
    10783 : 9E;
    10784 : 9E;
    10785 : 9E;
    10786 : 83;
    10787 : 83;
    10788 : 95;
    10789 : 9D;
    10790 : B9;
    10791 : B9;
    10792 : B8;
    10793 : B8;
    10794 : B8;
    10795 : B9;
    10796 : 9E;
    10797 : B9;
    10798 : B9;
    10799 : B9;
    10800 : B8;
    10801 : B8;
    10802 : B8;
    10803 : B9;
    10804 : B9;
    10805 : B9;
    10806 : B9;
    10807 : B9;
    10808 : E9;
    10809 : B8;
    10810 : B8;
    10811 : B9;
    10812 : B9;
    10813 : B9;
    10814 : B9;
    10815 : B9;
    10816 : 10;
    10817 : 10;
    10818 : 10;
    10819 : 10;
    10820 : 10;
    10821 : 10;
    10822 : 10;
    10823 : 10;
    10824 : 10;
    10825 : 10;
    10826 : 08;
    10827 : 08;
    10828 : 08;
    10829 : 09;
    10830 : 10;
    10831 : 1A;
    10832 : 10;
    10833 : 10;
    10834 : 10;
    10835 : 10;
    10836 : 10;
    10837 : 10;
    10838 : 11;
    10839 : 1A;
    10840 : 10;
    10841 : 10;
    10842 : 1A;
    10843 : 1A;
    10844 : 1A;
    10845 : 1A;
    10846 : 1A;
    10847 : 1A;
    10848 : 10;
    10849 : 1A;
    10850 : 1A;
    10851 : 1A;
    10852 : 1A;
    10853 : 1A;
    10854 : 1A;
    10855 : 1A;
    10856 : 1A;
    10857 : 1A;
    10858 : 1A;
    10859 : 1A;
    10860 : 1A;
    10861 : 1A;
    10862 : 1A;
    10863 : 1A;
    10864 : 1A;
    10865 : 1A;
    10866 : 1A;
    10867 : 1A;
    10868 : 1A;
    10869 : 1A;
    10870 : 1A;
    10871 : 1A;
    10872 : 1A;
    10873 : 1A;
    10874 : 1A;
    10875 : 1A;
    10876 : 1A;
    10877 : 34;
    10878 : 34;
    10879 : 34;
    10880 : FC;
    10881 : B8;
    10882 : 9E;
    10883 : B9;
    10884 : 9E;
    10885 : B9;
    10886 : B9;
    10887 : B9;
    10888 : 11;
    10889 : F7;
    10890 : BA;
    10891 : B9;
    10892 : B9;
    10893 : B6;
    10894 : B9;
    10895 : B9;
    10896 : 0A;
    10897 : FC;
    10898 : B1;
    10899 : DF;
    10900 : D5;
    10901 : B1;
    10902 : B6;
    10903 : B9;
    10904 : 83;
    10905 : BB;
    10906 : CD;
    10907 : 9D;
    10908 : 9E;
    10909 : E9;
    10910 : B9;
    10911 : B9;
    10912 : 9E;
    10913 : B6;
    10914 : B6;
    10915 : 9D;
    10916 : 9D;
    10917 : F7;
    10918 : B9;
    10919 : B9;
    10920 : E8;
    10921 : B8;
    10922 : B8;
    10923 : B9;
    10924 : BA;
    10925 : BA;
    10926 : B9;
    10927 : B9;
    10928 : E8;
    10929 : BF;
    10930 : BF;
    10931 : E8;
    10932 : C0;
    10933 : B8;
    10934 : B8;
    10935 : B8;
    10936 : E9;
    10937 : C0;
    10938 : BF;
    10939 : BF;
    10940 : BF;
    10941 : DC;
    10942 : DD;
    10943 : B8;
    10944 : B8;
    10945 : B9;
    10946 : B9;
    10947 : B8;
    10948 : B8;
    10949 : F4;
    10950 : F6;
    10951 : F6;
    10952 : B9;
    10953 : BB;
    10954 : BB;
    10955 : BB;
    10956 : BB;
    10957 : EB;
    10958 : 9F;
    10959 : 9C;
    10960 : F3;
    10961 : EB;
    10962 : EB;
    10963 : EB;
    10964 : EB;
    10965 : EB;
    10966 : 9F;
    10967 : EB;
    10968 : 72;
    10969 : F5;
    10970 : E7;
    10971 : F0;
    10972 : F3;
    10973 : DE;
    10974 : 9E;
    10975 : F0;
    10976 : 82;
    10977 : F2;
    10978 : EE;
    10979 : B5;
    10980 : DA;
    10981 : DB;
    10982 : EE;
    10983 : B5;
    10984 : F8;
    10985 : F8;
    10986 : F4;
    10987 : FE;
    10988 : FB;
    10989 : 12;
    10990 : 0B;
    10991 : 3A;
    10992 : 81;
    10993 : F2;
    10994 : 94;
    10995 : 12;
    10996 : 1B;
    10997 : 1C;
    10998 : 12;
    10999 : 3E;
    11000 : 3D;
    11001 : FC;
    11002 : 13;
    11003 : 00;
    11004 : 01;
    11005 : FE;
    11006 : F8;
    11007 : D1;
    11008 : C8;
    11009 : 9F;
    11010 : CF;
    11011 : AF;
    11012 : D2;
    11013 : AD;
    11014 : D3;
    11015 : AD;
    11016 : 06;
    11017 : 01;
    11018 : 03;
    11019 : 35;
    11020 : 81;
    11021 : E1;
    11022 : 70;
    11023 : 81;
    11024 : 0A;
    11025 : 03;
    11026 : 05;
    11027 : 35;
    11028 : D4;
    11029 : D4;
    11030 : D4;
    11031 : D4;
    11032 : FE;
    11033 : FE;
    11034 : FC;
    11035 : F8;
    11036 : 70;
    11037 : E2;
    11038 : AD;
    11039 : 81;
    11040 : 82;
    11041 : 72;
    11042 : B5;
    11043 : 81;
    11044 : E0;
    11045 : E1;
    11046 : D3;
    11047 : E0;
    11048 : CA;
    11049 : E3;
    11050 : E3;
    11051 : 70;
    11052 : 7F;
    11053 : 70;
    11054 : 7F;
    11055 : AB;
    11056 : E0;
    11057 : A7;
    11058 : CB;
    11059 : A8;
    11060 : 7E;
    11061 : A8;
    11062 : 7E;
    11063 : 7F;
    11064 : DA;
    11065 : 65;
    11066 : 68;
    11067 : 6F;
    11068 : 6F;
    11069 : 6F;
    11070 : 6F;
    11071 : 6F;
    11072 : 12;
    11073 : 0E;
    11074 : 0E;
    11075 : 0E;
    11076 : 0D;
    11077 : 17;
    11078 : 17;
    11079 : 16;
    11080 : 17;
    11081 : 17;
    11082 : 17;
    11083 : 18;
    11084 : 18;
    11085 : 17;
    11086 : 15;
    11087 : 17;
    11088 : 0F;
    11089 : 16;
    11090 : 16;
    11091 : 17;
    11092 : 17;
    11093 : 0C;
    11094 : 07;
    11095 : 0E;
    11096 : 15;
    11097 : 17;
    11098 : 17;
    11099 : 17;
    11100 : 17;
    11101 : 0C;
    11102 : 07;
    11103 : 0D;
    11104 : 17;
    11105 : 17;
    11106 : 17;
    11107 : 17;
    11108 : 17;
    11109 : 07;
    11110 : 07;
    11111 : 07;
    11112 : 16;
    11113 : 17;
    11114 : 17;
    11115 : 17;
    11116 : 17;
    11117 : 0E;
    11118 : 0E;
    11119 : 12;
    11120 : 16;
    11121 : 17;
    11122 : 17;
    11123 : 17;
    11124 : 17;
    11125 : 17;
    11126 : 17;
    11127 : 18;
    11128 : 16;
    11129 : 16;
    11130 : 16;
    11131 : 16;
    11132 : 16;
    11133 : 16;
    11134 : 15;
    11135 : 17;
    11136 : 81;
    11137 : 46;
    11138 : 65;
    11139 : 35;
    11140 : 01;
    11141 : 00;
    11142 : 0B;
    11143 : FB;
    11144 : 71;
    11145 : A8;
    11146 : 65;
    11147 : B5;
    11148 : 0B;
    11149 : 0B;
    11150 : 14;
    11151 : E2;
    11152 : 81;
    11153 : D1;
    11154 : 7D;
    11155 : 81;
    11156 : F2;
    11157 : FB;
    11158 : 82;
    11159 : 71;
    11160 : 80;
    11161 : 7A;
    11162 : 81;
    11163 : 80;
    11164 : 47;
    11165 : 65;
    11166 : 65;
    11167 : 65;
    11168 : 6E;
    11169 : 71;
    11170 : 80;
    11171 : 82;
    11172 : 82;
    11173 : 81;
    11174 : 81;
    11175 : 81;
    11176 : 71;
    11177 : 80;
    11178 : AD;
    11179 : 81;
    11180 : 81;
    11181 : 81;
    11182 : 81;
    11183 : 82;
    11184 : A9;
    11185 : A5;
    11186 : A9;
    11187 : AD;
    11188 : 81;
    11189 : 81;
    11190 : 81;
    11191 : 81;
    11192 : 1B;
    11193 : 64;
    11194 : B0;
    11195 : 81;
    11196 : 80;
    11197 : 80;
    11198 : 8E;
    11199 : 8E;
    11200 : 46;
    11201 : AA;
    11202 : 89;
    11203 : 42;
    11204 : 42;
    11205 : 42;
    11206 : 4A;
    11207 : 55;
    11208 : 42;
    11209 : 3B;
    11210 : 38;
    11211 : 42;
    11212 : 41;
    11213 : 41;
    11214 : 41;
    11215 : 55;
    11216 : 75;
    11217 : 75;
    11218 : 75;
    11219 : 4E;
    11220 : 4A;
    11221 : 4A;
    11222 : 41;
    11223 : 41;
    11224 : 74;
    11225 : 74;
    11226 : 74;
    11227 : 41;
    11228 : 41;
    11229 : 41;
    11230 : 41;
    11231 : 3B;
    11232 : 41;
    11233 : 41;
    11234 : 41;
    11235 : 3F;
    11236 : 41;
    11237 : 3F;
    11238 : 3F;
    11239 : 3B;
    11240 : 41;
    11241 : 41;
    11242 : 3F;
    11243 : 3B;
    11244 : 3F;
    11245 : 41;
    11246 : 4A;
    11247 : 5E;
    11248 : 41;
    11249 : 3B;
    11250 : 3B;
    11251 : 3B;
    11252 : 41;
    11253 : 3B;
    11254 : 8D;
    11255 : 3C;
    11256 : 3F;
    11257 : 3F;
    11258 : 3F;
    11259 : 42;
    11260 : 40;
    11261 : 90;
    11262 : 13;
    11263 : 05;
    11264 : 7E;
    11265 : 80;
    11266 : 66;
    11267 : 86;
    11268 : 65;
    11269 : 69;
    11270 : D7;
    11271 : A6;
    11272 : A8;
    11273 : 7F;
    11274 : 35;
    11275 : FE;
    11276 : 0A;
    11277 : 01;
    11278 : 06;
    11279 : BC;
    11280 : 89;
    11281 : 7B;
    11282 : 97;
    11283 : FE;
    11284 : 0A;
    11285 : 01;
    11286 : 05;
    11287 : 69;
    11288 : 87;
    11289 : 5F;
    11290 : 92;
    11291 : 5E;
    11292 : 5F;
    11293 : 50;
    11294 : 8E;
    11295 : 3C;
    11296 : 75;
    11297 : 5F;
    11298 : 4F;
    11299 : 3C;
    11300 : 36;
    11301 : 3C;
    11302 : 3C;
    11303 : 50;
    11304 : 46;
    11305 : 57;
    11306 : 43;
    11307 : 45;
    11308 : 8E;
    11309 : 3C;
    11310 : 3C;
    11311 : 45;
    11312 : 46;
    11313 : 55;
    11314 : 4F;
    11315 : 45;
    11316 : 45;
    11317 : 45;
    11318 : 3C;
    11319 : 45;
    11320 : 46;
    11321 : 55;
    11322 : 4F;
    11323 : 45;
    11324 : 45;
    11325 : 45;
    11326 : 45;
    11327 : 45;
    11328 : B9;
    11329 : FC;
    11330 : F9;
    11331 : 95;
    11332 : F4;
    11333 : 9E;
    11334 : F4;
    11335 : B9;
    11336 : F7;
    11337 : 0B;
    11338 : 05;
    11339 : 37;
    11340 : FC;
    11341 : B9;
    11342 : 9E;
    11343 : B9;
    11344 : F9;
    11345 : 13;
    11346 : 12;
    11347 : F7;
    11348 : B9;
    11349 : B6;
    11350 : 9E;
    11351 : B9;
    11352 : 9E;
    11353 : FC;
    11354 : FE;
    11355 : 9D;
    11356 : E9;
    11357 : 9E;
    11358 : 95;
    11359 : B9;
    11360 : F9;
    11361 : 9E;
    11362 : 69;
    11363 : 9E;
    11364 : 95;
    11365 : F9;
    11366 : F4;
    11367 : B9;
    11368 : B9;
    11369 : B9;
    11370 : B9;
    11371 : B9;
    11372 : B9;
    11373 : B9;
    11374 : B9;
    11375 : B9;
    11376 : B9;
    11377 : B9;
    11378 : B9;
    11379 : B9;
    11380 : B9;
    11381 : B9;
    11382 : B9;
    11383 : B9;
    11384 : B9;
    11385 : B9;
    11386 : B9;
    11387 : B9;
    11388 : B9;
    11389 : B9;
    11390 : B9;
    11391 : B9;
    11392 : FF;
    11393 : FD;
    11394 : E5;
    11395 : D5;
    11396 : BE;
    11397 : BE;
    11398 : BF;
    11399 : C0;
    11400 : C6;
    11401 : 72;
    11402 : 72;
    11403 : B0;
    11404 : DA;
    11405 : BE;
    11406 : C0;
    11407 : A2;
    11408 : 72;
    11409 : DA;
    11410 : DA;
    11411 : EE;
    11412 : EF;
    11413 : E7;
    11414 : BF;
    11415 : 9F;
    11416 : 9E;
    11417 : F4;
    11418 : FC;
    11419 : B9;
    11420 : 37;
    11421 : F9;
    11422 : 9D;
    11423 : 9E;
    11424 : 94;
    11425 : 69;
    11426 : 1B;
    11427 : 0B;
    11428 : 05;
    11429 : E9;
    11430 : F4;
    11431 : 9E;
    11432 : F9;
    11433 : 37;
    11434 : 06;
    11435 : 03;
    11436 : 01;
    11437 : 11;
    11438 : 37;
    11439 : F4;
    11440 : 94;
    11441 : F9;
    11442 : 35;
    11443 : 11;
    11444 : 0A;
    11445 : 35;
    11446 : C0;
    11447 : F4;
    11448 : F9;
    11449 : C0;
    11450 : F9;
    11451 : 83;
    11452 : 12;
    11453 : FC;
    11454 : 96;
    11455 : F4;
    11456 : AD;
    11457 : AD;
    11458 : AD;
    11459 : A6;
    11460 : C4;
    11461 : E5;
    11462 : FE;
    11463 : E5;
    11464 : AD;
    11465 : AC;
    11466 : B0;
    11467 : 69;
    11468 : F7;
    11469 : 13;
    11470 : 11;
    11471 : 14;
    11472 : AD;
    11473 : AD;
    11474 : C4;
    11475 : 63;
    11476 : FE;
    11477 : 03;
    11478 : 00;
    11479 : 05;
    11480 : AD;
    11481 : AD;
    11482 : A9;
    11483 : 69;
    11484 : CF;
    11485 : 12;
    11486 : 0B;
    11487 : 13;
    11488 : AD;
    11489 : AD;
    11490 : 71;
    11491 : CE;
    11492 : 35;
    11493 : FB;
    11494 : FE;
    11495 : F9;
    11496 : D2;
    11497 : D1;
    11498 : E0;
    11499 : E3;
    11500 : B2;
    11501 : 45;
    11502 : 70;
    11503 : 82;
    11504 : A7;
    11505 : 21;
    11506 : 76;
    11507 : 92;
    11508 : 91;
    11509 : AD;
    11510 : A5;
    11511 : A5;
    11512 : 66;
    11513 : 1C;
    11514 : 36;
    11515 : 8F;
    11516 : 8F;
    11517 : A6;
    11518 : C3;
    11519 : C3;
    11520 : 20;
    11521 : 20;
    11522 : 26;
    11523 : 26;
    11524 : 26;
    11525 : 8E;
    11526 : 12;
    11527 : 05;
    11528 : 1E;
    11529 : 20;
    11530 : 25;
    11531 : 3A;
    11532 : 2E;
    11533 : 20;
    11534 : 55;
    11535 : 92;
    11536 : 24;
    11537 : 24;
    11538 : 24;
    11539 : 24;
    11540 : 24;
    11541 : 2D;
    11542 : 24;
    11543 : 22;
    11544 : 31;
    11545 : 2D;
    11546 : 2D;
    11547 : 24;
    11548 : 24;
    11549 : 24;
    11550 : 2D;
    11551 : 2D;
    11552 : 24;
    11553 : 25;
    11554 : 25;
    11555 : 24;
    11556 : 22;
    11557 : 22;
    11558 : 2D;
    11559 : 2D;
    11560 : 23;
    11561 : 25;
    11562 : 25;
    11563 : 2D;
    11564 : 2D;
    11565 : 24;
    11566 : 2D;
    11567 : 24;
    11568 : 25;
    11569 : 25;
    11570 : 25;
    11571 : 2E;
    11572 : 2E;
    11573 : 2D;
    11574 : 2D;
    11575 : 2D;
    11576 : 25;
    11577 : 2E;
    11578 : 2E;
    11579 : 2E;
    11580 : 2E;
    11581 : 2E;
    11582 : 2E;
    11583 : 2D;
    11584 : 68;
    11585 : 6E;
    11586 : 6E;
    11587 : 6E;
    11588 : 6E;
    11589 : 7E;
    11590 : 6E;
    11591 : 6C;
    11592 : 70;
    11593 : 7B;
    11594 : 7B;
    11595 : 7B;
    11596 : 7B;
    11597 : 7B;
    11598 : 7B;
    11599 : 7B;
    11600 : 7D;
    11601 : 7E;
    11602 : 7B;
    11603 : 6E;
    11604 : 7B;
    11605 : 7B;
    11606 : 7B;
    11607 : 7B;
    11608 : 7E;
    11609 : 7B;
    11610 : 6E;
    11611 : 6E;
    11612 : 6E;
    11613 : 7B;
    11614 : 7B;
    11615 : 7B;
    11616 : 6E;
    11617 : 7B;
    11618 : 7B;
    11619 : 7B;
    11620 : 6C;
    11621 : 6C;
    11622 : 7B;
    11623 : 7B;
    11624 : 6E;
    11625 : 6E;
    11626 : 7B;
    11627 : 7B;
    11628 : 6C;
    11629 : 7B;
    11630 : 78;
    11631 : 6C;
    11632 : 7B;
    11633 : 7B;
    11634 : 7B;
    11635 : 7B;
    11636 : 7A;
    11637 : 7B;
    11638 : 7B;
    11639 : 7B;
    11640 : 7A;
    11641 : 7A;
    11642 : 7B;
    11643 : 7B;
    11644 : 7B;
    11645 : 7B;
    11646 : 7B;
    11647 : 7B;
    11648 : A8;
    11649 : A8;
    11650 : 6F;
    11651 : 6F;
    11652 : A8;
    11653 : A8;
    11654 : 8B;
    11655 : 8B;
    11656 : AA;
    11657 : 7E;
    11658 : E0;
    11659 : F8;
    11660 : 7E;
    11661 : 7E;
    11662 : 8B;
    11663 : 8B;
    11664 : 7B;
    11665 : E0;
    11666 : 1C;
    11667 : 13;
    11668 : 8E;
    11669 : E0;
    11670 : 7B;
    11671 : 7B;
    11672 : 45;
    11673 : FB;
    11674 : 0A;
    11675 : 03;
    11676 : 8B;
    11677 : 89;
    11678 : 6E;
    11679 : 7B;
    11680 : 88;
    11681 : D8;
    11682 : 1C;
    11683 : 14;
    11684 : 91;
    11685 : 89;
    11686 : 7B;
    11687 : 7B;
    11688 : 88;
    11689 : 57;
    11690 : D8;
    11691 : ED;
    11692 : 8E;
    11693 : 91;
    11694 : 7D;
    11695 : 7D;
    11696 : 7B;
    11697 : 7E;
    11698 : 7A;
    11699 : 3C;
    11700 : 7B;
    11701 : 7D;
    11702 : 7D;
    11703 : 7D;
    11704 : 7B;
    11705 : 7B;
    11706 : 7B;
    11707 : 7B;
    11708 : 7B;
    11709 : 7B;
    11710 : 7B;
    11711 : 78;
    11712 : B2;
    11713 : D0;
    11714 : 86;
    11715 : 66;
    11716 : FB;
    11717 : 13;
    11718 : 05;
    11719 : 0B;
    11720 : 8B;
    11721 : A7;
    11722 : 86;
    11723 : 86;
    11724 : D3;
    11725 : CF;
    11726 : FF;
    11727 : FE;
    11728 : 8B;
    11729 : A7;
    11730 : 73;
    11731 : 73;
    11732 : CB;
    11733 : D6;
    11734 : 37;
    11735 : 35;
    11736 : 89;
    11737 : 87;
    11738 : 86;
    11739 : 86;
    11740 : 6B;
    11741 : 70;
    11742 : 72;
    11743 : 64;
    11744 : 6C;
    11745 : 8B;
    11746 : 8B;
    11747 : B3;
    11748 : 6E;
    11749 : 7D;
    11750 : 7D;
    11751 : 7D;
    11752 : FB;
    11753 : E6;
    11754 : 47;
    11755 : 70;
    11756 : 6C;
    11757 : 7D;
    11758 : 78;
    11759 : 78;
    11760 : 0A;
    11761 : B5;
    11762 : 3D;
    11763 : E6;
    11764 : 7D;
    11765 : 7B;
    11766 : 79;
    11767 : 73;
    11768 : 03;
    11769 : 9B;
    11770 : 51;
    11771 : E6;
    11772 : 7D;
    11773 : 7B;
    11774 : 75;
    11775 : 73;
    11776 : 04;
    11777 : 0A;
    11778 : 0B;
    11779 : 0B;
    11780 : 37;
    11781 : EB;
    11782 : B5;
    11783 : DC;
    11784 : FD;
    11785 : 63;
    11786 : 01;
    11787 : 00;
    11788 : 1B;
    11789 : FC;
    11790 : BE;
    11791 : DD;
    11792 : CF;
    11793 : 69;
    11794 : 13;
    11795 : 13;
    11796 : 94;
    11797 : F4;
    11798 : DD;
    11799 : B8;
    11800 : A0;
    11801 : BC;
    11802 : FD;
    11803 : FE;
    11804 : B6;
    11805 : 9A;
    11806 : DD;
    11807 : B9;
    11808 : BF;
    11809 : A2;
    11810 : BC;
    11811 : 9F;
    11812 : E9;
    11813 : F0;
    11814 : DE;
    11815 : B9;
    11816 : A3;
    11817 : A2;
    11818 : 9F;
    11819 : B6;
    11820 : 9E;
    11821 : 9E;
    11822 : BE;
    11823 : B9;
    11824 : B9;
    11825 : B9;
    11826 : B9;
    11827 : B9;
    11828 : B9;
    11829 : B9;
    11830 : B9;
    11831 : B9;
    11832 : B9;
    11833 : B9;
    11834 : B9;
    11835 : B9;
    11836 : B9;
    11837 : B9;
    11838 : B9;
    11839 : B9;
    11840 : 12;
    11841 : 05;
    11842 : 0B;
    11843 : FD;
    11844 : 9D;
    11845 : B8;
    11846 : DD;
    11847 : DC;
    11848 : FC;
    11849 : FE;
    11850 : FE;
    11851 : BB;
    11852 : B9;
    11853 : B8;
    11854 : DD;
    11855 : DD;
    11856 : DE;
    11857 : D5;
    11858 : 83;
    11859 : B6;
    11860 : B9;
    11861 : E8;
    11862 : DE;
    11863 : B8;
    11864 : D5;
    11865 : D5;
    11866 : DC;
    11867 : DC;
    11868 : B8;
    11869 : B9;
    11870 : B9;
    11871 : B9;
    11872 : BB;
    11873 : BA;
    11874 : B8;
    11875 : DE;
    11876 : B8;
    11877 : B9;
    11878 : BA;
    11879 : BA;
    11880 : BB;
    11881 : BB;
    11882 : DE;
    11883 : DE;
    11884 : B6;
    11885 : B9;
    11886 : BA;
    11887 : BA;
    11888 : BA;
    11889 : BA;
    11890 : B9;
    11891 : DF;
    11892 : DF;
    11893 : DF;
    11894 : B9;
    11895 : E8;
    11896 : B9;
    11897 : B9;
    11898 : B9;
    11899 : B9;
    11900 : D5;
    11901 : B9;
    11902 : EB;
    11903 : EB;
    11904 : 76;
    11905 : 6D;
    11906 : 76;
    11907 : 50;
    11908 : 5F;
    11909 : 88;
    11910 : 8C;
    11911 : 81;
    11912 : 78;
    11913 : 78;
    11914 : 78;
    11915 : 7B;
    11916 : 7D;
    11917 : 88;
    11918 : 88;
    11919 : 7D;
    11920 : 78;
    11921 : 78;
    11922 : 78;
    11923 : 88;
    11924 : 88;
    11925 : 88;
    11926 : 88;
    11927 : 50;
    11928 : 78;
    11929 : 78;
    11930 : 78;
    11931 : 76;
    11932 : 76;
    11933 : 4E;
    11934 : 76;
    11935 : 76;
    11936 : 7B;
    11937 : 7B;
    11938 : 89;
    11939 : 75;
    11940 : 87;
    11941 : 89;
    11942 : 78;
    11943 : 6C;
    11944 : 7A;
    11945 : 78;
    11946 : 87;
    11947 : D0;
    11948 : A8;
    11949 : 47;
    11950 : E4;
    11951 : 64;
    11952 : 7E;
    11953 : 89;
    11954 : 79;
    11955 : A8;
    11956 : A6;
    11957 : 72;
    11958 : 1D;
    11959 : A4;
    11960 : 89;
    11961 : 89;
    11962 : 85;
    11963 : 67;
    11964 : F7;
    11965 : 11;
    11966 : 00;
    11967 : 03;
    11968 : 5A;
    11969 : 5A;
    11970 : 55;
    11971 : 4C;
    11972 : 3B;
    11973 : 38;
    11974 : 40;
    11975 : 3C;
    11976 : 5A;
    11977 : 60;
    11978 : 5A;
    11979 : 5A;
    11980 : 5A;
    11981 : 33;
    11982 : 4D;
    11983 : 3C;
    11984 : 5A;
    11985 : 5C;
    11986 : 5C;
    11987 : 5C;
    11988 : 5C;
    11989 : 5C;
    11990 : 55;
    11991 : 4F;
    11992 : 3F;
    11993 : 3B;
    11994 : 3E;
    11995 : 3E;
    11996 : 3E;
    11997 : 48;
    11998 : 58;
    11999 : 5A;
    12000 : D1;
    12001 : CB;
    12002 : E3;
    12003 : E3;
    12004 : 66;
    12005 : 36;
    12006 : 4C;
    12007 : 5A;
    12008 : 1B;
    12009 : 1B;
    12010 : 14;
    12011 : 14;
    12012 : 47;
    12013 : 47;
    12014 : 60;
    12015 : 2C;
    12016 : 0D;
    12017 : 0C;
    12018 : 0A;
    12019 : 06;
    12020 : 1B;
    12021 : A3;
    12022 : BD;
    12023 : 92;
    12024 : 0E;
    12025 : 0E;
    12026 : 0D;
    12027 : 0C;
    12028 : 18;
    12029 : 19;
    12030 : 19;
    12031 : 12;
    12032 : DC;
    12033 : DB;
    12034 : DC;
    12035 : E9;
    12036 : E9;
    12037 : E9;
    12038 : E9;
    12039 : B9;
    12040 : DC;
    12041 : DB;
    12042 : DC;
    12043 : E9;
    12044 : E9;
    12045 : EB;
    12046 : E9;
    12047 : B9;
    12048 : DD;
    12049 : DC;
    12050 : F0;
    12051 : F3;
    12052 : F3;
    12053 : 83;
    12054 : 96;
    12055 : 94;
    12056 : F0;
    12057 : F0;
    12058 : DE;
    12059 : E5;
    12060 : 9B;
    12061 : FC;
    12062 : FC;
    12063 : FE;
    12064 : F0;
    12065 : F0;
    12066 : BE;
    12067 : 93;
    12068 : FC;
    12069 : 11;
    12070 : 0A;
    12071 : 12;
    12072 : F0;
    12073 : F0;
    12074 : E7;
    12075 : BE;
    12076 : FC;
    12077 : 06;
    12078 : 01;
    12079 : 0A;
    12080 : DD;
    12081 : F0;
    12082 : 9B;
    12083 : BE;
    12084 : F6;
    12085 : 1B;
    12086 : 14;
    12087 : 51;
    12088 : DD;
    12089 : DD;
    12090 : D5;
    12091 : D5;
    12092 : B5;
    12093 : F6;
    12094 : FC;
    12095 : F6;
    12096 : F9;
    12097 : F9;
    12098 : EB;
    12099 : F4;
    12100 : F4;
    12101 : F4;
    12102 : E9;
    12103 : B9;
    12104 : 9E;
    12105 : 83;
    12106 : B9;
    12107 : F4;
    12108 : E9;
    12109 : 95;
    12110 : 9E;
    12111 : B9;
    12112 : EB;
    12113 : FE;
    12114 : FE;
    12115 : B6;
    12116 : B9;
    12117 : F9;
    12118 : F4;
    12119 : B8;
    12120 : 63;
    12121 : 11;
    12122 : 11;
    12123 : 94;
    12124 : FD;
    12125 : F4;
    12126 : E4;
    12127 : D9;
    12128 : 12;
    12129 : 00;
    12130 : 00;
    12131 : 14;
    12132 : FD;
    12133 : F4;
    12134 : D9;
    12135 : E2;
    12136 : 9F;
    12137 : 12;
    12138 : 13;
    12139 : BC;
    12140 : EC;
    12141 : E9;
    12142 : EE;
    12143 : D9;
    12144 : EC;
    12145 : FF;
    12146 : FD;
    12147 : FD;
    12148 : BC;
    12149 : F3;
    12150 : DC;
    12151 : EE;
    12152 : BC;
    12153 : 9F;
    12154 : 9F;
    12155 : BC;
    12156 : BB;
    12157 : B8;
    12158 : DD;
    12159 : EF;
    12160 : EA;
    12161 : EA;
    12162 : BF;
    12163 : EA;
    12164 : BF;
    12165 : B8;
    12166 : E7;
    12167 : D5;
    12168 : C6;
    12169 : D7;
    12170 : F5;
    12171 : A0;
    12172 : A0;
    12173 : BE;
    12174 : BE;
    12175 : D5;
    12176 : 34;
    12177 : 63;
    12178 : 63;
    12179 : 69;
    12180 : BE;
    12181 : A0;
    12182 : BE;
    12183 : DC;
    12184 : 11;
    12185 : 11;
    12186 : 12;
    12187 : C9;
    12188 : F9;
    12189 : A1;
    12190 : A1;
    12191 : BE;
    12192 : 10;
    12193 : 1A;
    12194 : 1A;
    12195 : 34;
    12196 : 34;
    12197 : 69;
    12198 : E7;
    12199 : BD;
    12200 : 10;
    12201 : 10;
    12202 : 10;
    12203 : 11;
    12204 : 11;
    12205 : 34;
    12206 : CF;
    12207 : B5;
    12208 : 10;
    12209 : 10;
    12210 : 11;
    12211 : 1A;
    12212 : 1A;
    12213 : 34;
    12214 : CF;
    12215 : B5;
    12216 : 10;
    12217 : 1A;
    12218 : 1A;
    12219 : 1A;
    12220 : 1A;
    12221 : 34;
    12222 : C2;
    12223 : C9;
    12224 : 36;
    12225 : 8A;
    12226 : 1B;
    12227 : 05;
    12228 : 03;
    12229 : 12;
    12230 : EE;
    12231 : 43;
    12232 : 36;
    12233 : D8;
    12234 : 14;
    12235 : 01;
    12236 : 00;
    12237 : 11;
    12238 : F9;
    12239 : 35;
    12240 : 43;
    12241 : 3C;
    12242 : 72;
    12243 : 35;
    12244 : 35;
    12245 : 3D;
    12246 : 47;
    12247 : 50;
    12248 : 57;
    12249 : 57;
    12250 : 40;
    12251 : 5F;
    12252 : 5F;
    12253 : 4B;
    12254 : 43;
    12255 : 57;
    12256 : 57;
    12257 : 57;
    12258 : 4D;
    12259 : 4B;
    12260 : 4B;
    12261 : 4D;
    12262 : 4D;
    12263 : 57;
    12264 : 57;
    12265 : 57;
    12266 : 57;
    12267 : 57;
    12268 : 57;
    12269 : 57;
    12270 : 57;
    12271 : 57;
    12272 : 57;
    12273 : 57;
    12274 : 57;
    12275 : 57;
    12276 : 57;
    12277 : 57;
    12278 : 57;
    12279 : 57;
    12280 : 57;
    12281 : 57;
    12282 : 57;
    12283 : 57;
    12284 : 57;
    12285 : 57;
    12286 : 57;
    12287 : 57;
    12288 : 6A;
    12289 : 74;
    12290 : 66;
    12291 : 66;
    12292 : 6C;
    12293 : 51;
    12294 : 14;
    12295 : 03;
    12296 : 4A;
    12297 : 4A;
    12298 : 86;
    12299 : 86;
    12300 : 74;
    12301 : 6E;
    12302 : 7D;
    12303 : F8;
    12304 : 4B;
    12305 : 47;
    12306 : 88;
    12307 : 73;
    12308 : 41;
    12309 : 41;
    12310 : 36;
    12311 : 36;
    12312 : BC;
    12313 : BC;
    12314 : 51;
    12315 : 40;
    12316 : 42;
    12317 : 42;
    12318 : 74;
    12319 : 74;
    12320 : 01;
    12321 : 06;
    12322 : FC;
    12323 : 26;
    12324 : 44;
    12325 : 87;
    12326 : 90;
    12327 : 8D;
    12328 : 00;
    12329 : 05;
    12330 : FE;
    12331 : 36;
    12332 : 50;
    12333 : 5E;
    12334 : 89;
    12335 : 87;
    12336 : 1B;
    12337 : 94;
    12338 : 37;
    12339 : 6B;
    12340 : 6C;
    12341 : 7B;
    12342 : 7B;
    12343 : 7B;
    12344 : 81;
    12345 : 39;
    12346 : 35;
    12347 : 6B;
    12348 : 6C;
    12349 : 7B;
    12350 : 7B;
    12351 : 7B;
    12352 : BC;
    12353 : EC;
    12354 : 9C;
    12355 : 1B;
    12356 : 63;
    12357 : 9F;
    12358 : BC;
    12359 : CF;
    12360 : 9F;
    12361 : FD;
    12362 : 11;
    12363 : 00;
    12364 : 01;
    12365 : 1B;
    12366 : F7;
    12367 : CD;
    12368 : 9F;
    12369 : EC;
    12370 : 14;
    12371 : 05;
    12372 : 0A;
    12373 : 69;
    12374 : F7;
    12375 : CD;
    12376 : 9F;
    12377 : 9F;
    12378 : BC;
    12379 : FF;
    12380 : FF;
    12381 : F7;
    12382 : CD;
    12383 : C8;
    12384 : BA;
    12385 : B6;
    12386 : B1;
    12387 : 83;
    12388 : 69;
    12389 : 9D;
    12390 : D5;
    12391 : B6;
    12392 : B9;
    12393 : B9;
    12394 : B9;
    12395 : B9;
    12396 : B9;
    12397 : B9;
    12398 : B9;
    12399 : B9;
    12400 : B9;
    12401 : B9;
    12402 : B9;
    12403 : B9;
    12404 : B9;
    12405 : B9;
    12406 : B9;
    12407 : B9;
    12408 : B9;
    12409 : B9;
    12410 : B9;
    12411 : B9;
    12412 : B9;
    12413 : B9;
    12414 : B9;
    12415 : B9;
    12416 : 72;
    12417 : DD;
    12418 : EE;
    12419 : B0;
    12420 : 81;
    12421 : 65;
    12422 : 68;
    12423 : D1;
    12424 : FC;
    12425 : 72;
    12426 : 82;
    12427 : 70;
    12428 : 91;
    12429 : FA;
    12430 : FB;
    12431 : B3;
    12432 : 11;
    12433 : FC;
    12434 : 65;
    12435 : ED;
    12436 : 2C;
    12437 : 12;
    12438 : 12;
    12439 : 3C;
    12440 : 0A;
    12441 : FE;
    12442 : 39;
    12443 : 92;
    12444 : 27;
    12445 : 05;
    12446 : 03;
    12447 : 1C;
    12448 : 63;
    12449 : C4;
    12450 : 81;
    12451 : 92;
    12452 : 92;
    12453 : 12;
    12454 : 12;
    12455 : 50;
    12456 : 82;
    12457 : 3D;
    12458 : CC;
    12459 : A6;
    12460 : CC;
    12461 : CE;
    12462 : F8;
    12463 : E2;
    12464 : 68;
    12465 : 81;
    12466 : A6;
    12467 : B0;
    12468 : D6;
    12469 : C4;
    12470 : 72;
    12471 : 72;
    12472 : C5;
    12473 : C5;
    12474 : A9;
    12475 : 99;
    12476 : 62;
    12477 : 62;
    12478 : A1;
    12479 : 9A;
    12480 : BF;
    12481 : BE;
    12482 : D5;
    12483 : C6;
    12484 : D5;
    12485 : 9C;
    12486 : FD;
    12487 : 1A;
    12488 : B8;
    12489 : BE;
    12490 : D5;
    12491 : C8;
    12492 : DD;
    12493 : 93;
    12494 : FF;
    12495 : 0B;
    12496 : B8;
    12497 : DD;
    12498 : CD;
    12499 : B6;
    12500 : EE;
    12501 : 47;
    12502 : FF;
    12503 : 11;
    12504 : B6;
    12505 : D5;
    12506 : 9F;
    12507 : BA;
    12508 : BD;
    12509 : 8E;
    12510 : FF;
    12511 : 11;
    12512 : C8;
    12513 : CF;
    12514 : CF;
    12515 : BA;
    12516 : A1;
    12517 : 62;
    12518 : FD;
    12519 : 11;
    12520 : C8;
    12521 : CF;
    12522 : CF;
    12523 : D5;
    12524 : A1;
    12525 : 96;
    12526 : FF;
    12527 : 1A;
    12528 : B9;
    12529 : B6;
    12530 : B6;
    12531 : BB;
    12532 : DD;
    12533 : 69;
    12534 : FD;
    12535 : 11;
    12536 : BE;
    12537 : A1;
    12538 : BF;
    12539 : CD;
    12540 : C8;
    12541 : C2;
    12542 : FF;
    12543 : 10;
    12544 : 53;
    12545 : 58;
    12546 : 3A;
    12547 : C7;
    12548 : A4;
    12549 : 11;
    12550 : 11;
    12551 : 0A;
    12552 : E3;
    12553 : 3E;
    12554 : 3E;
    12555 : D0;
    12556 : A5;
    12557 : CF;
    12558 : FF;
    12559 : 0C;
    12560 : 65;
    12561 : 79;
    12562 : 89;
    12563 : ED;
    12564 : 93;
    12565 : 94;
    12566 : BC;
    12567 : 0D;
    12568 : 71;
    12569 : E0;
    12570 : AD;
    12571 : AE;
    12572 : 99;
    12573 : 82;
    12574 : F9;
    12575 : 0D;
    12576 : 70;
    12577 : 65;
    12578 : E1;
    12579 : D3;
    12580 : AD;
    12581 : 7F;
    12582 : FA;
    12583 : 0C;
    12584 : D3;
    12585 : D2;
    12586 : AD;
    12587 : D3;
    12588 : AD;
    12589 : 80;
    12590 : FA;
    12591 : 14;
    12592 : 81;
    12593 : AD;
    12594 : D3;
    12595 : D3;
    12596 : AD;
    12597 : 81;
    12598 : E2;
    12599 : D7;
    12600 : AD;
    12601 : AD;
    12602 : AD;
    12603 : AD;
    12604 : AD;
    12605 : AD;
    12606 : CC;
    12607 : 35;
    12608 : B5;
    12609 : B5;
    12610 : B5;
    12611 : 98;
    12612 : D6;
    12613 : F3;
    12614 : F9;
    12615 : F9;
    12616 : B5;
    12617 : B5;
    12618 : 9A;
    12619 : D6;
    12620 : D6;
    12621 : 82;
    12622 : A5;
    12623 : A6;
    12624 : B5;
    12625 : B5;
    12626 : B5;
    12627 : 98;
    12628 : B0;
    12629 : 82;
    12630 : AD;
    12631 : D2;
    12632 : B5;
    12633 : B5;
    12634 : B5;
    12635 : B0;
    12636 : 82;
    12637 : B0;
    12638 : B4;
    12639 : 97;
    12640 : B5;
    12641 : B5;
    12642 : B5;
    12643 : D6;
    12644 : B0;
    12645 : D9;
    12646 : 99;
    12647 : BD;
    12648 : B5;
    12649 : B5;
    12650 : DA;
    12651 : D9;
    12652 : B5;
    12653 : A0;
    12654 : 93;
    12655 : 93;
    12656 : B5;
    12657 : B5;
    12658 : 9B;
    12659 : 9A;
    12660 : F4;
    12661 : 13;
    12662 : 03;
    12663 : 04;
    12664 : B5;
    12665 : B5;
    12666 : 9B;
    12667 : 95;
    12668 : EB;
    12669 : 1B;
    12670 : 0A;
    12671 : 0A;
    12672 : 5D;
    12673 : 47;
    12674 : 51;
    12675 : 7D;
    12676 : 5E;
    12677 : 5D;
    12678 : 5F;
    12679 : 5F;
    12680 : 57;
    12681 : 47;
    12682 : 47;
    12683 : 6B;
    12684 : 73;
    12685 : 87;
    12686 : 5F;
    12687 : 5F;
    12688 : 48;
    12689 : 36;
    12690 : 26;
    12691 : 24;
    12692 : 2F;
    12693 : 48;
    12694 : 55;
    12695 : 55;
    12696 : 40;
    12697 : 81;
    12698 : FB;
    12699 : F8;
    12700 : 3A;
    12701 : 3F;
    12702 : 4C;
    12703 : 4A;
    12704 : 62;
    12705 : 1B;
    12706 : 0B;
    12707 : 12;
    12708 : A2;
    12709 : 43;
    12710 : 49;
    12711 : 49;
    12712 : 62;
    12713 : 11;
    12714 : 00;
    12715 : 03;
    12716 : FD;
    12717 : 26;
    12718 : 58;
    12719 : 53;
    12720 : 25;
    12721 : 1B;
    12722 : 11;
    12723 : 13;
    12724 : 3C;
    12725 : 20;
    12726 : 25;
    12727 : 25;
    12728 : 1F;
    12729 : 21;
    12730 : 48;
    12731 : 31;
    12732 : 1F;
    12733 : 1E;
    12734 : 1E;
    12735 : 1E;
    12736 : 8A;
    12737 : 8F;
    12738 : 8F;
    12739 : 8F;
    12740 : 8F;
    12741 : AE;
    12742 : 3D;
    12743 : 39;
    12744 : 43;
    12745 : 88;
    12746 : 8F;
    12747 : D8;
    12748 : 8F;
    12749 : 72;
    12750 : F9;
    12751 : FC;
    12752 : AD;
    12753 : 81;
    12754 : AD;
    12755 : 81;
    12756 : 82;
    12757 : CF;
    12758 : 0A;
    12759 : 05;
    12760 : AC;
    12761 : AC;
    12762 : 7D;
    12763 : 8F;
    12764 : AD;
    12765 : D5;
    12766 : 03;
    12767 : 00;
    12768 : AB;
    12769 : AB;
    12770 : 7F;
    12771 : D8;
    12772 : AB;
    12773 : C6;
    12774 : 1B;
    12775 : 13;
    12776 : AB;
    12777 : 8C;
    12778 : AB;
    12779 : AB;
    12780 : B3;
    12781 : 80;
    12782 : E2;
    12783 : F2;
    12784 : AB;
    12785 : D8;
    12786 : B3;
    12787 : AB;
    12788 : B3;
    12789 : AA;
    12790 : 7E;
    12791 : AE;
    12792 : 7F;
    12793 : 70;
    12794 : 8C;
    12795 : AB;
    12796 : AB;
    12797 : AC;
    12798 : A5;
    12799 : A6;
    12800 : B8;
    12801 : E2;
    12802 : E0;
    12803 : 82;
    12804 : 37;
    12805 : BC;
    12806 : 0B;
    12807 : 03;
    12808 : B9;
    12809 : E2;
    12810 : CE;
    12811 : 98;
    12812 : 9A;
    12813 : 83;
    12814 : FC;
    12815 : FE;
    12816 : B9;
    12817 : 9A;
    12818 : 99;
    12819 : B5;
    12820 : E7;
    12821 : B9;
    12822 : 72;
    12823 : 9A;
    12824 : B9;
    12825 : B5;
    12826 : 93;
    12827 : B5;
    12828 : F4;
    12829 : 83;
    12830 : B5;
    12831 : E2;
    12832 : B9;
    12833 : B5;
    12834 : 9B;
    12835 : F9;
    12836 : 83;
    12837 : FC;
    12838 : FC;
    12839 : 82;
    12840 : B9;
    12841 : 9B;
    12842 : F4;
    12843 : EB;
    12844 : 94;
    12845 : 1B;
    12846 : 1B;
    12847 : 69;
    12848 : B9;
    12849 : DE;
    12850 : F9;
    12851 : EB;
    12852 : 14;
    12853 : 00;
    12854 : 00;
    12855 : 11;
    12856 : B9;
    12857 : B5;
    12858 : DD;
    12859 : B9;
    12860 : 37;
    12861 : 0A;
    12862 : 06;
    12863 : 14;
    12864 : B0;
    12865 : 81;
    12866 : 98;
    12867 : DC;
    12868 : B8;
    12869 : 97;
    12870 : 8F;
    12871 : 8A;
    12872 : 82;
    12873 : 72;
    12874 : A4;
    12875 : 63;
    12876 : 1B;
    12877 : A4;
    12878 : AF;
    12879 : 81;
    12880 : 51;
    12881 : F3;
    12882 : 1B;
    12883 : 01;
    12884 : 01;
    12885 : 0B;
    12886 : F9;
    12887 : 82;
    12888 : 7D;
    12889 : 99;
    12890 : 63;
    12891 : 0A;
    12892 : 06;
    12893 : 13;
    12894 : BB;
    12895 : 82;
    12896 : 8A;
    12897 : 80;
    12898 : 9A;
    12899 : FC;
    12900 : FE;
    12901 : E4;
    12902 : 7A;
    12903 : 8F;
    12904 : 8F;
    12905 : 8F;
    12906 : 8F;
    12907 : 3D;
    12908 : 37;
    12909 : 47;
    12910 : 8F;
    12911 : 7D;
    12912 : 8A;
    12913 : 8F;
    12914 : 8F;
    12915 : 8F;
    12916 : 8F;
    12917 : 99;
    12918 : A0;
    12919 : 99;
    12920 : 62;
    12921 : 51;
    12922 : 8F;
    12923 : 8F;
    12924 : 82;
    12925 : A0;
    12926 : A0;
    12927 : A0;
    12928 : AB;
    12929 : AC;
    12930 : B0;
    12931 : 97;
    12932 : AC;
    12933 : AF;
    12934 : 9A;
    12935 : 95;
    12936 : CA;
    12937 : AB;
    12938 : AE;
    12939 : AC;
    12940 : CA;
    12941 : CB;
    12942 : AE;
    12943 : 9A;
    12944 : 7C;
    12945 : CB;
    12946 : AC;
    12947 : CB;
    12948 : 86;
    12949 : A7;
    12950 : CA;
    12951 : AC;
    12952 : E3;
    12953 : E0;
    12954 : 81;
    12955 : 70;
    12956 : CA;
    12957 : D0;
    12958 : 6D;
    12959 : E3;
    12960 : AD;
    12961 : B4;
    12962 : B5;
    12963 : F9;
    12964 : F2;
    12965 : D9;
    12966 : AE;
    12967 : F8;
    12968 : 9A;
    12969 : 9C;
    12970 : BC;
    12971 : 1B;
    12972 : 1B;
    12973 : 9F;
    12974 : 83;
    12975 : B5;
    12976 : 9A;
    12977 : FC;
    12978 : 11;
    12979 : 00;
    12980 : 01;
    12981 : 14;
    12982 : F7;
    12983 : DC;
    12984 : 51;
    12985 : 9B;
    12986 : 14;
    12987 : 06;
    12988 : 0A;
    12989 : 1B;
    12990 : F9;
    12991 : D4;
    12992 : 91;
    12993 : 91;
    12994 : 91;
    12995 : 93;
    12996 : DC;
    12997 : E5;
    12998 : 93;
    12999 : 93;
    13000 : B7;
    13001 : 82;
    13002 : 97;
    13003 : 69;
    13004 : 1B;
    13005 : 1B;
    13006 : B1;
    13007 : 9D;
    13008 : 91;
    13009 : 70;
    13010 : F9;
    13011 : 11;
    13012 : 00;
    13013 : 00;
    13014 : 13;
    13015 : CF;
    13016 : B7;
    13017 : 97;
    13018 : F1;
    13019 : 14;
    13020 : 06;
    13021 : 06;
    13022 : 14;
    13023 : D7;
    13024 : 98;
    13025 : 97;
    13026 : 72;
    13027 : F1;
    13028 : FC;
    13029 : FE;
    13030 : EF;
    13031 : 72;
    13032 : D9;
    13033 : 97;
    13034 : 98;
    13035 : A9;
    13036 : 37;
    13037 : C4;
    13038 : 72;
    13039 : 72;
    13040 : D9;
    13041 : B5;
    13042 : 98;
    13043 : D6;
    13044 : C4;
    13045 : C4;
    13046 : D6;
    13047 : 98;
    13048 : D9;
    13049 : B4;
    13050 : B4;
    13051 : B0;
    13052 : B0;
    13053 : D4;
    13054 : D6;
    13055 : D9;
    13056 : 7B;
    13057 : 7B;
    13058 : 7B;
    13059 : 7B;
    13060 : 7B;
    13061 : 7B;
    13062 : 7B;
    13063 : 7B;
    13064 : 7B;
    13065 : 7B;
    13066 : 8B;
    13067 : 7B;
    13068 : 7B;
    13069 : 6C;
    13070 : 7B;
    13071 : 7B;
    13072 : 3C;
    13073 : 6C;
    13074 : 8B;
    13075 : 7B;
    13076 : 7B;
    13077 : 6C;
    13078 : 6C;
    13079 : 6C;
    13080 : B3;
    13081 : D8;
    13082 : 8B;
    13083 : 78;
    13084 : 89;
    13085 : 6B;
    13086 : B2;
    13087 : E0;
    13088 : 1B;
    13089 : 1B;
    13090 : D4;
    13091 : A5;
    13092 : 39;
    13093 : 68;
    13094 : 1D;
    13095 : 1B;
    13096 : 00;
    13097 : 03;
    13098 : 83;
    13099 : 69;
    13100 : 37;
    13101 : 35;
    13102 : 03;
    13103 : 00;
    13104 : 06;
    13105 : 0B;
    13106 : 9A;
    13107 : 64;
    13108 : 37;
    13109 : 64;
    13110 : 0B;
    13111 : 05;
    13112 : FE;
    13113 : FE;
    13114 : 65;
    13115 : 65;
    13116 : 65;
    13117 : A5;
    13118 : FB;
    13119 : FE;
    13120 : E9;
    13121 : E9;
    13122 : E9;
    13123 : E9;
    13124 : E9;
    13125 : E9;
    13126 : E9;
    13127 : E9;
    13128 : E9;
    13129 : E9;
    13130 : E9;
    13131 : E9;
    13132 : E9;
    13133 : E9;
    13134 : E9;
    13135 : E9;
    13136 : C0;
    13137 : E9;
    13138 : E9;
    13139 : E9;
    13140 : E9;
    13141 : E9;
    13142 : E9;
    13143 : BA;
    13144 : BB;
    13145 : 9F;
    13146 : B6;
    13147 : E8;
    13148 : E8;
    13149 : E8;
    13150 : E8;
    13151 : E9;
    13152 : FF;
    13153 : FD;
    13154 : 9D;
    13155 : D5;
    13156 : EF;
    13157 : E7;
    13158 : E7;
    13159 : EA;
    13160 : 0B;
    13161 : 1B;
    13162 : FC;
    13163 : CD;
    13164 : E7;
    13165 : E7;
    13166 : E7;
    13167 : E8;
    13168 : 00;
    13169 : 0B;
    13170 : FD;
    13171 : BC;
    13172 : E8;
    13173 : E7;
    13174 : E7;
    13175 : E7;
    13176 : 11;
    13177 : 63;
    13178 : EC;
    13179 : 9C;
    13180 : C0;
    13181 : BE;
    13182 : BE;
    13183 : BF;
    13184 : ED;
    13185 : FB;
    13186 : FA;
    13187 : D2;
    13188 : AD;
    13189 : AD;
    13190 : AD;
    13191 : AD;
    13192 : 1C;
    13193 : 11;
    13194 : 13;
    13195 : E6;
    13196 : 8F;
    13197 : AD;
    13198 : CC;
    13199 : A5;
    13200 : 12;
    13201 : 01;
    13202 : 0A;
    13203 : FB;
    13204 : 8A;
    13205 : AD;
    13206 : CC;
    13207 : A5;
    13208 : 33;
    13209 : 19;
    13210 : 1D;
    13211 : E6;
    13212 : 8F;
    13213 : AD;
    13214 : CC;
    13215 : A5;
    13216 : D3;
    13217 : FA;
    13218 : E2;
    13219 : AD;
    13220 : D3;
    13221 : AD;
    13222 : AD;
    13223 : AE;
    13224 : D6;
    13225 : A5;
    13226 : 65;
    13227 : 65;
    13228 : A5;
    13229 : AD;
    13230 : AD;
    13231 : 81;
    13232 : CC;
    13233 : AD;
    13234 : AD;
    13235 : AD;
    13236 : AD;
    13237 : AD;
    13238 : AD;
    13239 : 70;
    13240 : AD;
    13241 : AD;
    13242 : AD;
    13243 : AD;
    13244 : AD;
    13245 : AD;
    13246 : AD;
    13247 : AD;
    13248 : B9;
    13249 : B9;
    13250 : B9;
    13251 : B9;
    13252 : B9;
    13253 : B9;
    13254 : B9;
    13255 : E9;
    13256 : B9;
    13257 : B9;
    13258 : B9;
    13259 : B9;
    13260 : B9;
    13261 : B9;
    13262 : B9;
    13263 : E9;
    13264 : B9;
    13265 : B9;
    13266 : B9;
    13267 : B9;
    13268 : B9;
    13269 : 9E;
    13270 : B8;
    13271 : E9;
    13272 : B9;
    13273 : B9;
    13274 : B9;
    13275 : 9F;
    13276 : CD;
    13277 : EB;
    13278 : 9C;
    13279 : 9F;
    13280 : B9;
    13281 : B9;
    13282 : 9F;
    13283 : C8;
    13284 : EC;
    13285 : FE;
    13286 : FF;
    13287 : FE;
    13288 : B9;
    13289 : C0;
    13290 : CD;
    13291 : F7;
    13292 : FD;
    13293 : 14;
    13294 : 0B;
    13295 : 13;
    13296 : B9;
    13297 : C0;
    13298 : 9F;
    13299 : 9F;
    13300 : FF;
    13301 : 0A;
    13302 : 00;
    13303 : 05;
    13304 : B9;
    13305 : 9E;
    13306 : F7;
    13307 : 9F;
    13308 : FD;
    13309 : 1B;
    13310 : 12;
    13311 : 1B;
    13312 : 42;
    13313 : 42;
    13314 : 42;
    13315 : 4E;
    13316 : 75;
    13317 : 74;
    13318 : 74;
    13319 : 74;
    13320 : 42;
    13321 : 42;
    13322 : 42;
    13323 : 42;
    13324 : 74;
    13325 : 74;
    13326 : 74;
    13327 : 5F;
    13328 : 44;
    13329 : 46;
    13330 : 4E;
    13331 : 4E;
    13332 : 4E;
    13333 : 4E;
    13334 : 4E;
    13335 : 55;
    13336 : 4F;
    13337 : 4F;
    13338 : 4F;
    13339 : 4F;
    13340 : 4F;
    13341 : 45;
    13342 : 76;
    13343 : 48;
    13344 : 4F;
    13345 : 4F;
    13346 : 4F;
    13347 : 4F;
    13348 : 4F;
    13349 : 7A;
    13350 : 50;
    13351 : 8B;
    13352 : 43;
    13353 : 43;
    13354 : 43;
    13355 : 43;
    13356 : 4F;
    13357 : 47;
    13358 : 97;
    13359 : 37;
    13360 : 4F;
    13361 : 4F;
    13362 : 44;
    13363 : 4F;
    13364 : 50;
    13365 : 3C;
    13366 : 39;
    13367 : 04;
    13368 : 4F;
    13369 : 4F;
    13370 : 4F;
    13371 : 4F;
    13372 : 42;
    13373 : 50;
    13374 : 35;
    13375 : 06;
    13376 : E5;
    13377 : 9A;
    13378 : D9;
    13379 : B7;
    13380 : B7;
    13381 : B7;
    13382 : B7;
    13383 : B7;
    13384 : D5;
    13385 : B0;
    13386 : D4;
    13387 : D3;
    13388 : D2;
    13389 : 8F;
    13390 : 8F;
    13391 : D3;
    13392 : D4;
    13393 : B0;
    13394 : D3;
    13395 : AE;
    13396 : D2;
    13397 : 70;
    13398 : 70;
    13399 : D3;
    13400 : AF;
    13401 : AF;
    13402 : D4;
    13403 : D3;
    13404 : AD;
    13405 : 80;
    13406 : AD;
    13407 : D3;
    13408 : E2;
    13409 : D4;
    13410 : D4;
    13411 : 97;
    13412 : E4;
    13413 : B5;
    13414 : 98;
    13415 : D4;
    13416 : 6C;
    13417 : 80;
    13418 : D4;
    13419 : B1;
    13420 : 37;
    13421 : 63;
    13422 : CF;
    13423 : C6;
    13424 : 1D;
    13425 : 35;
    13426 : D6;
    13427 : 1B;
    13428 : 03;
    13429 : 01;
    13430 : 12;
    13431 : FC;
    13432 : AD;
    13433 : 82;
    13434 : D6;
    13435 : 1D;
    13436 : 05;
    13437 : 03;
    13438 : 14;
    13439 : E5;
    13440 : 12;
    13441 : 92;
    13442 : 2C;
    13443 : 92;
    13444 : 90;
    13445 : 36;
    13446 : 55;
    13447 : 5A;
    13448 : 16;
    13449 : 17;
    13450 : 16;
    13451 : 12;
    13452 : 20;
    13453 : 55;
    13454 : 5C;
    13455 : 2C;
    13456 : 17;
    13457 : 16;
    13458 : 17;
    13459 : 12;
    13460 : 29;
    13461 : 29;
    13462 : 27;
    13463 : 2B;
    13464 : 17;
    13465 : 17;
    13466 : 17;
    13467 : 27;
    13468 : 2B;
    13469 : 19;
    13470 : 18;
    13471 : 19;
    13472 : 17;
    13473 : 17;
    13474 : 17;
    13475 : 27;
    13476 : 2B;
    13477 : 18;
    13478 : 18;
    13479 : 19;
    13480 : 17;
    13481 : 17;
    13482 : 17;
    13483 : 27;
    13484 : 60;
    13485 : 19;
    13486 : 18;
    13487 : 18;
    13488 : 17;
    13489 : 17;
    13490 : 17;
    13491 : 18;
    13492 : 19;
    13493 : 18;
    13494 : 18;
    13495 : 18;
    13496 : 17;
    13497 : 17;
    13498 : 17;
    13499 : 17;
    13500 : 18;
    13501 : 18;
    13502 : 18;
    13503 : 18;
    13504 : 2D;
    13505 : 2D;
    13506 : 31;
    13507 : 20;
    13508 : 26;
    13509 : 26;
    13510 : F8;
    13511 : FE;
    13512 : 1F;
    13513 : 1F;
    13514 : 2D;
    13515 : 25;
    13516 : 1D;
    13517 : EE;
    13518 : 0B;
    13519 : 03;
    13520 : 1F;
    13521 : 1F;
    13522 : 1F;
    13523 : 2D;
    13524 : 1C;
    13525 : E3;
    13526 : 0A;
    13527 : 01;
    13528 : 1F;
    13529 : 1F;
    13530 : 1F;
    13531 : 1F;
    13532 : 1F;
    13533 : 24;
    13534 : 76;
    13535 : 69;
    13536 : 1F;
    13537 : 1F;
    13538 : 1F;
    13539 : 1F;
    13540 : 1F;
    13541 : 1F;
    13542 : 24;
    13543 : 21;
    13544 : 22;
    13545 : 24;
    13546 : 2D;
    13547 : 1F;
    13548 : 1F;
    13549 : 1F;
    13550 : 1F;
    13551 : 1F;
    13552 : 3A;
    13553 : 38;
    13554 : 3E;
    13555 : 25;
    13556 : 1F;
    13557 : 1F;
    13558 : 1F;
    13559 : 1F;
    13560 : 3A;
    13561 : 3E;
    13562 : 2E;
    13563 : 1E;
    13564 : 1F;
    13565 : 1F;
    13566 : 1F;
    13567 : 1F;
    13568 : 15;
    13569 : 15;
    13570 : 15;
    13571 : 15;
    13572 : 15;
    13573 : 15;
    13574 : 15;
    13575 : 15;
    13576 : 15;
    13577 : 15;
    13578 : 15;
    13579 : 15;
    13580 : 15;
    13581 : 15;
    13582 : 15;
    13583 : 15;
    13584 : 0E;
    13585 : 0E;
    13586 : 0E;
    13587 : 0E;
    13588 : 0E;
    13589 : 0E;
    13590 : 15;
    13591 : 15;
    13592 : 07;
    13593 : 07;
    13594 : 07;
    13595 : 07;
    13596 : 07;
    13597 : 07;
    13598 : 0C;
    13599 : 0D;
    13600 : 07;
    13601 : 07;
    13602 : 07;
    13603 : 07;
    13604 : 07;
    13605 : 0C;
    13606 : 0C;
    13607 : 0D;
    13608 : 07;
    13609 : 07;
    13610 : 07;
    13611 : 0C;
    13612 : 0C;
    13613 : 0C;
    13614 : 0C;
    13615 : 0D;
    13616 : 07;
    13617 : 07;
    13618 : 07;
    13619 : 0C;
    13620 : 0C;
    13621 : 0C;
    13622 : 0C;
    13623 : 0D;
    13624 : 0C;
    13625 : 0C;
    13626 : 0C;
    13627 : 0C;
    13628 : 0C;
    13629 : 07;
    13630 : 0C;
    13631 : 0D;
    13632 : 9E;
    13633 : E9;
    13634 : E9;
    13635 : 94;
    13636 : B9;
    13637 : 9D;
    13638 : 9D;
    13639 : E9;
    13640 : E9;
    13641 : B9;
    13642 : E9;
    13643 : F4;
    13644 : FC;
    13645 : FE;
    13646 : FC;
    13647 : E9;
    13648 : BA;
    13649 : 96;
    13650 : 9C;
    13651 : F4;
    13652 : 12;
    13653 : 0B;
    13654 : 14;
    13655 : F9;
    13656 : A3;
    13657 : C1;
    13658 : BF;
    13659 : DC;
    13660 : 06;
    13661 : 03;
    13662 : 11;
    13663 : F6;
    13664 : 94;
    13665 : F7;
    13666 : F6;
    13667 : 9A;
    13668 : D6;
    13669 : 69;
    13670 : 9D;
    13671 : 9D;
    13672 : EC;
    13673 : 9F;
    13674 : E5;
    13675 : EE;
    13676 : EF;
    13677 : FC;
    13678 : 95;
    13679 : E9;
    13680 : FD;
    13681 : F7;
    13682 : B1;
    13683 : 9B;
    13684 : 72;
    13685 : 9E;
    13686 : B6;
    13687 : E9;
    13688 : 06;
    13689 : 13;
    13690 : F7;
    13691 : 69;
    13692 : A0;
    13693 : E8;
    13694 : E9;
    13695 : E9;
    13696 : BA;
    13697 : C8;
    13698 : F7;
    13699 : CF;
    13700 : C8;
    13701 : CF;
    13702 : B9;
    13703 : 9B;
    13704 : 9C;
    13705 : FD;
    13706 : 63;
    13707 : 63;
    13708 : CF;
    13709 : CF;
    13710 : F7;
    13711 : 9D;
    13712 : CF;
    13713 : 63;
    13714 : 03;
    13715 : 00;
    13716 : 0A;
    13717 : FF;
    13718 : C8;
    13719 : 69;
    13720 : CF;
    13721 : 83;
    13722 : 0B;
    13723 : 06;
    13724 : 13;
    13725 : FD;
    13726 : 9C;
    13727 : DF;
    13728 : B8;
    13729 : CF;
    13730 : FF;
    13731 : FF;
    13732 : FE;
    13733 : CD;
    13734 : 9E;
    13735 : F9;
    13736 : BE;
    13737 : 9E;
    13738 : 83;
    13739 : 83;
    13740 : 9D;
    13741 : B9;
    13742 : 93;
    13743 : E7;
    13744 : B9;
    13745 : B9;
    13746 : B9;
    13747 : BA;
    13748 : C0;
    13749 : B9;
    13750 : B9;
    13751 : C0;
    13752 : B9;
    13753 : B9;
    13754 : B9;
    13755 : B9;
    13756 : B9;
    13757 : B9;
    13758 : B9;
    13759 : B9;
    13760 : D5;
    13761 : D7;
    13762 : F1;
    13763 : D5;
    13764 : BB;
    13765 : BC;
    13766 : BB;
    13767 : B9;
    13768 : EF;
    13769 : EF;
    13770 : F2;
    13771 : F3;
    13772 : EB;
    13773 : BC;
    13774 : BB;
    13775 : B9;
    13776 : BE;
    13777 : BD;
    13778 : EE;
    13779 : BE;
    13780 : E8;
    13781 : BC;
    13782 : B6;
    13783 : B9;
    13784 : A1;
    13785 : FB;
    13786 : FA;
    13787 : 62;
    13788 : F6;
    13789 : E5;
    13790 : CD;
    13791 : B9;
    13792 : 11;
    13793 : 03;
    13794 : 0B;
    13795 : FC;
    13796 : B5;
    13797 : C6;
    13798 : CD;
    13799 : B9;
    13800 : 12;
    13801 : 06;
    13802 : 11;
    13803 : F9;
    13804 : BE;
    13805 : CF;
    13806 : 83;
    13807 : B9;
    13808 : F9;
    13809 : FC;
    13810 : F9;
    13811 : BE;
    13812 : F0;
    13813 : D7;
    13814 : B6;
    13815 : B9;
    13816 : B5;
    13817 : 9B;
    13818 : B5;
    13819 : DD;
    13820 : DD;
    13821 : DD;
    13822 : B8;
    13823 : B9;
    13824 : FD;
    13825 : 12;
    13826 : 00;
    13827 : 00;
    13828 : 13;
    13829 : FD;
    13830 : BC;
    13831 : BB;
    13832 : BB;
    13833 : 1B;
    13834 : 0B;
    13835 : 0B;
    13836 : 63;
    13837 : EC;
    13838 : FD;
    13839 : A3;
    13840 : 9E;
    13841 : F4;
    13842 : FE;
    13843 : FF;
    13844 : F7;
    13845 : 9F;
    13846 : F7;
    13847 : BC;
    13848 : 94;
    13849 : DF;
    13850 : B6;
    13851 : 83;
    13852 : 94;
    13853 : F4;
    13854 : DF;
    13855 : CF;
    13856 : B9;
    13857 : 9E;
    13858 : 83;
    13859 : BE;
    13860 : A0;
    13861 : B5;
    13862 : DF;
    13863 : CD;
    13864 : B9;
    13865 : B9;
    13866 : B9;
    13867 : D5;
    13868 : D5;
    13869 : DD;
    13870 : DD;
    13871 : DE;
    13872 : B9;
    13873 : B9;
    13874 : B9;
    13875 : CD;
    13876 : CD;
    13877 : CD;
    13878 : C0;
    13879 : A0;
    13880 : B9;
    13881 : DE;
    13882 : D5;
    13883 : CF;
    13884 : CF;
    13885 : BC;
    13886 : C0;
    13887 : A1;
    13888 : 0C;
    13889 : 15;
    13890 : 15;
    13891 : 0E;
    13892 : 0C;
    13893 : 0C;
    13894 : 0C;
    13895 : 0C;
    13896 : 16;
    13897 : 16;
    13898 : 16;
    13899 : 15;
    13900 : 0C;
    13901 : 0C;
    13902 : 0E;
    13903 : 0E;
    13904 : 17;
    13905 : 16;
    13906 : 15;
    13907 : 0E;
    13908 : 0D;
    13909 : 0C;
    13910 : 15;
    13911 : 17;
    13912 : 0C;
    13913 : 0C;
    13914 : 0C;
    13915 : 0C;
    13916 : 16;
    13917 : 16;
    13918 : 16;
    13919 : 16;
    13920 : 0D;
    13921 : 0D;
    13922 : 0D;
    13923 : 0D;
    13924 : 17;
    13925 : 17;
    13926 : 17;
    13927 : 17;
    13928 : 17;
    13929 : 17;
    13930 : 17;
    13931 : 17;
    13932 : 17;
    13933 : 17;
    13934 : 17;
    13935 : 18;
    13936 : 16;
    13937 : 16;
    13938 : 16;
    13939 : 17;
    13940 : 17;
    13941 : 17;
    13942 : 18;
    13943 : 18;
    13944 : 17;
    13945 : 17;
    13946 : 17;
    13947 : 17;
    13948 : 18;
    13949 : 18;
    13950 : 18;
    13951 : 18;
    13952 : 9A;
    13953 : 97;
    13954 : E1;
    13955 : F8;
    13956 : CC;
    13957 : FA;
    13958 : B4;
    13959 : B5;
    13960 : D4;
    13961 : FB;
    13962 : 36;
    13963 : 0B;
    13964 : 11;
    13965 : A7;
    13966 : ED;
    13967 : B5;
    13968 : D4;
    13969 : 12;
    13970 : 26;
    13971 : 13;
    13972 : 13;
    13973 : E3;
    13974 : ED;
    13975 : BE;
    13976 : 35;
    13977 : 0B;
    13978 : 37;
    13979 : FE;
    13980 : FB;
    13981 : EE;
    13982 : E4;
    13983 : DE;
    13984 : EF;
    13985 : 69;
    13986 : EF;
    13987 : DC;
    13988 : DC;
    13989 : DC;
    13990 : DC;
    13991 : B8;
    13992 : B5;
    13993 : F9;
    13994 : DD;
    13995 : DD;
    13996 : DD;
    13997 : B5;
    13998 : B5;
    13999 : B9;
    14000 : DD;
    14001 : B5;
    14002 : B5;
    14003 : DD;
    14004 : DD;
    14005 : DD;
    14006 : DD;
    14007 : B9;
    14008 : B9;
    14009 : B9;
    14010 : B9;
    14011 : B9;
    14012 : B9;
    14013 : B9;
    14014 : B9;
    14015 : B9;
    14016 : 7F;
    14017 : 7D;
    14018 : 80;
    14019 : 70;
    14020 : AE;
    14021 : 82;
    14022 : E5;
    14023 : 05;
    14024 : 8C;
    14025 : 8C;
    14026 : 8C;
    14027 : 80;
    14028 : AB;
    14029 : 64;
    14030 : E4;
    14031 : 0B;
    14032 : 8C;
    14033 : 8C;
    14034 : 8C;
    14035 : 7E;
    14036 : 7F;
    14037 : A5;
    14038 : 64;
    14039 : F9;
    14040 : 7F;
    14041 : 7E;
    14042 : 7E;
    14043 : 78;
    14044 : 7B;
    14045 : 6F;
    14046 : 71;
    14047 : 37;
    14048 : 68;
    14049 : 80;
    14050 : 7B;
    14051 : 78;
    14052 : 78;
    14053 : 6E;
    14054 : 6F;
    14055 : 7F;
    14056 : 14;
    14057 : AE;
    14058 : 81;
    14059 : 7E;
    14060 : 7C;
    14061 : 6D;
    14062 : A7;
    14063 : 6B;
    14064 : 1B;
    14065 : 81;
    14066 : 70;
    14067 : 78;
    14068 : 6B;
    14069 : 6D;
    14070 : 6B;
    14071 : 75;
    14072 : AB;
    14073 : 6F;
    14074 : 7E;
    14075 : CB;
    14076 : E3;
    14077 : A7;
    14078 : 6B;
    14079 : 77;
    14080 : 2D;
    14081 : 2D;
    14082 : 22;
    14083 : 1E;
    14084 : 2D;
    14085 : 2D;
    14086 : 2D;
    14087 : 2D;
    14088 : 2D;
    14089 : 2D;
    14090 : 24;
    14091 : 1E;
    14092 : 24;
    14093 : 2D;
    14094 : 1E;
    14095 : 1E;
    14096 : 2E;
    14097 : 2D;
    14098 : 2D;
    14099 : 2D;
    14100 : 2D;
    14101 : 2D;
    14102 : 1E;
    14103 : 1E;
    14104 : 3A;
    14105 : 31;
    14106 : 2E;
    14107 : 31;
    14108 : 31;
    14109 : 31;
    14110 : 31;
    14111 : 31;
    14112 : 3E;
    14113 : 3E;
    14114 : 3E;
    14115 : 3A;
    14116 : 3A;
    14117 : 3A;
    14118 : 3E;
    14119 : 3E;
    14120 : 49;
    14121 : 49;
    14122 : 3F;
    14123 : 3F;
    14124 : 3F;
    14125 : 3F;
    14126 : 49;
    14127 : 49;
    14128 : 4A;
    14129 : 42;
    14130 : 4A;
    14131 : 4A;
    14132 : 4A;
    14133 : 4A;
    14134 : 54;
    14135 : 54;
    14136 : 54;
    14137 : 54;
    14138 : 4A;
    14139 : 4A;
    14140 : 4A;
    14141 : 4A;
    14142 : 4A;
    14143 : 4A;
    14144 : 13;
    14145 : 11;
    14146 : 13;
    14147 : 1D;
    14148 : 35;
    14149 : FC;
    14150 : EC;
    14151 : F7;
    14152 : FC;
    14153 : FE;
    14154 : FC;
    14155 : F6;
    14156 : EA;
    14157 : BC;
    14158 : FD;
    14159 : 9F;
    14160 : 95;
    14161 : 83;
    14162 : 83;
    14163 : C4;
    14164 : C6;
    14165 : CF;
    14166 : C2;
    14167 : 0A;
    14168 : B9;
    14169 : B9;
    14170 : D5;
    14171 : C9;
    14172 : C6;
    14173 : C8;
    14174 : CF;
    14175 : 11;
    14176 : B9;
    14177 : B9;
    14178 : B9;
    14179 : EE;
    14180 : BF;
    14181 : C0;
    14182 : C1;
    14183 : EC;
    14184 : B9;
    14185 : B9;
    14186 : B9;
    14187 : DE;
    14188 : BE;
    14189 : A1;
    14190 : A1;
    14191 : A1;
    14192 : B9;
    14193 : B9;
    14194 : CD;
    14195 : C6;
    14196 : C6;
    14197 : C6;
    14198 : E4;
    14199 : E4;
    14200 : BA;
    14201 : B8;
    14202 : C6;
    14203 : C6;
    14204 : C9;
    14205 : D5;
    14206 : DE;
    14207 : 37;
    14208 : F8;
    14209 : 1D;
    14210 : 19;
    14211 : 19;
    14212 : 0E;
    14213 : 16;
    14214 : 16;
    14215 : 17;
    14216 : 99;
    14217 : 93;
    14218 : F9;
    14219 : 1B;
    14220 : 0A;
    14221 : 07;
    14222 : 17;
    14223 : 18;
    14224 : ED;
    14225 : C4;
    14226 : C9;
    14227 : 37;
    14228 : 12;
    14229 : 12;
    14230 : 18;
    14231 : 18;
    14232 : CB;
    14233 : C4;
    14234 : C3;
    14235 : D7;
    14236 : FB;
    14237 : F8;
    14238 : 19;
    14239 : 18;
    14240 : 6F;
    14241 : C5;
    14242 : A5;
    14243 : C5;
    14244 : CB;
    14245 : 92;
    14246 : 19;
    14247 : 19;
    14248 : C5;
    14249 : C5;
    14250 : C5;
    14251 : E3;
    14252 : E3;
    14253 : 90;
    14254 : 1E;
    14255 : 19;
    14256 : C9;
    14257 : A5;
    14258 : C5;
    14259 : 6D;
    14260 : E3;
    14261 : E3;
    14262 : ED;
    14263 : F8;
    14264 : 63;
    14265 : A4;
    14266 : CE;
    14267 : C5;
    14268 : C7;
    14269 : E0;
    14270 : E1;
    14271 : E6;
    14272 : C5;
    14273 : C5;
    14274 : A6;
    14275 : A5;
    14276 : A6;
    14277 : A6;
    14278 : 7F;
    14279 : AD;
    14280 : C5;
    14281 : C5;
    14282 : A6;
    14283 : 64;
    14284 : 35;
    14285 : A4;
    14286 : A6;
    14287 : A9;
    14288 : A6;
    14289 : 64;
    14290 : C3;
    14291 : FE;
    14292 : FF;
    14293 : CF;
    14294 : C4;
    14295 : AD;
    14296 : 72;
    14297 : C6;
    14298 : 63;
    14299 : 11;
    14300 : 11;
    14301 : 34;
    14302 : E5;
    14303 : 81;
    14304 : 69;
    14305 : FC;
    14306 : 14;
    14307 : 00;
    14308 : 00;
    14309 : 12;
    14310 : FB;
    14311 : 68;
    14312 : 83;
    14313 : 9B;
    14314 : 37;
    14315 : 12;
    14316 : 12;
    14317 : 37;
    14318 : E2;
    14319 : 6E;
    14320 : 9A;
    14321 : B5;
    14322 : B5;
    14323 : FB;
    14324 : FB;
    14325 : 9A;
    14326 : D3;
    14327 : 70;
    14328 : AE;
    14329 : B4;
    14330 : 82;
    14331 : F8;
    14332 : 82;
    14333 : 3D;
    14334 : D4;
    14335 : D4;
    14336 : DD;
    14337 : DD;
    14338 : DC;
    14339 : DD;
    14340 : DC;
    14341 : DB;
    14342 : DB;
    14343 : C8;
    14344 : DD;
    14345 : DD;
    14346 : DD;
    14347 : DD;
    14348 : BE;
    14349 : DD;
    14350 : DD;
    14351 : DD;
    14352 : DD;
    14353 : B8;
    14354 : 9E;
    14355 : B6;
    14356 : DF;
    14357 : BB;
    14358 : BA;
    14359 : D6;
    14360 : DD;
    14361 : B8;
    14362 : BB;
    14363 : F7;
    14364 : BC;
    14365 : BC;
    14366 : 94;
    14367 : D9;
    14368 : DD;
    14369 : C0;
    14370 : BC;
    14371 : F7;
    14372 : BC;
    14373 : FF;
    14374 : FF;
    14375 : F2;
    14376 : DD;
    14377 : B9;
    14378 : BC;
    14379 : 94;
    14380 : 94;
    14381 : 12;
    14382 : 12;
    14383 : A0;
    14384 : DE;
    14385 : F7;
    14386 : BC;
    14387 : FF;
    14388 : 1B;
    14389 : 00;
    14390 : 00;
    14391 : 63;
    14392 : C0;
    14393 : BC;
    14394 : 63;
    14395 : 11;
    14396 : 0B;
    14397 : 05;
    14398 : 0A;
    14399 : 9C;
    14400 : 99;
    14401 : 99;
    14402 : 8A;
    14403 : 42;
    14404 : 3B;
    14405 : 48;
    14406 : 3E;
    14407 : 3E;
    14408 : 93;
    14409 : 99;
    14410 : 47;
    14411 : 4C;
    14412 : 3F;
    14413 : 49;
    14414 : 3E;
    14415 : 3E;
    14416 : 93;
    14417 : 91;
    14418 : 91;
    14419 : 90;
    14420 : 4A;
    14421 : 3F;
    14422 : 38;
    14423 : 42;
    14424 : 99;
    14425 : 8A;
    14426 : 88;
    14427 : 76;
    14428 : 41;
    14429 : 42;
    14430 : 35;
    14431 : 94;
    14432 : 62;
    14433 : 8E;
    14434 : 87;
    14435 : 4E;
    14436 : 67;
    14437 : 35;
    14438 : 9E;
    14439 : 0A;
    14440 : 8F;
    14441 : 8B;
    14442 : 77;
    14443 : 46;
    14444 : 68;
    14445 : 35;
    14446 : EB;
    14447 : 06;
    14448 : 8A;
    14449 : 8A;
    14450 : 6F;
    14451 : 3C;
    14452 : 3D;
    14453 : 82;
    14454 : 51;
    14455 : 37;
    14456 : 82;
    14457 : 82;
    14458 : 8A;
    14459 : 45;
    14460 : 45;
    14461 : 35;
    14462 : 70;
    14463 : 8A;
    14464 : 54;
    14465 : 54;
    14466 : 55;
    14467 : 5B;
    14468 : 5B;
    14469 : 55;
    14470 : 55;
    14471 : 5B;
    14472 : 53;
    14473 : 53;
    14474 : 54;
    14475 : 53;
    14476 : 54;
    14477 : 54;
    14478 : 53;
    14479 : 53;
    14480 : 52;
    14481 : 49;
    14482 : 49;
    14483 : 53;
    14484 : 53;
    14485 : 4A;
    14486 : 49;
    14487 : 49;
    14488 : 52;
    14489 : 52;
    14490 : 49;
    14491 : 52;
    14492 : 3F;
    14493 : 3E;
    14494 : 3E;
    14495 : 48;
    14496 : 3E;
    14497 : 3E;
    14498 : 3E;
    14499 : 3A;
    14500 : 3A;
    14501 : 3A;
    14502 : 3A;
    14503 : 3A;
    14504 : 2E;
    14505 : 31;
    14506 : 31;
    14507 : 31;
    14508 : 31;
    14509 : 31;
    14510 : 25;
    14511 : 1E;
    14512 : 2D;
    14513 : 2D;
    14514 : 2D;
    14515 : 2D;
    14516 : 2D;
    14517 : 2D;
    14518 : 20;
    14519 : 1E;
    14520 : 2E;
    14521 : 25;
    14522 : 2D;
    14523 : 2D;
    14524 : 2D;
    14525 : 2D;
    14526 : 2E;
    14527 : 2E;
    14528 : 8B;
    14529 : 7B;
    14530 : 7B;
    14531 : 7B;
    14532 : 3C;
    14533 : FB;
    14534 : 0B;
    14535 : 0B;
    14536 : 8B;
    14537 : 7B;
    14538 : 7B;
    14539 : 7B;
    14540 : 6C;
    14541 : E0;
    14542 : 1C;
    14543 : 1C;
    14544 : 8B;
    14545 : 89;
    14546 : 89;
    14547 : 89;
    14548 : 8B;
    14549 : 50;
    14550 : 8C;
    14551 : D8;
    14552 : 88;
    14553 : 8E;
    14554 : 8E;
    14555 : 8E;
    14556 : 8E;
    14557 : 8E;
    14558 : 88;
    14559 : 88;
    14560 : 50;
    14561 : 87;
    14562 : 87;
    14563 : 87;
    14564 : 87;
    14565 : 88;
    14566 : 7B;
    14567 : 7A;
    14568 : 46;
    14569 : 76;
    14570 : 76;
    14571 : 76;
    14572 : 76;
    14573 : 50;
    14574 : 68;
    14575 : 70;
    14576 : 42;
    14577 : 75;
    14578 : 38;
    14579 : D0;
    14580 : 85;
    14581 : 6D;
    14582 : 64;
    14583 : 1D;
    14584 : 74;
    14585 : 8D;
    14586 : 3B;
    14587 : 38;
    14588 : 21;
    14589 : FB;
    14590 : 0B;
    14591 : 00;
    14592 : B8;
    14593 : B8;
    14594 : B8;
    14595 : B8;
    14596 : B8;
    14597 : B8;
    14598 : B9;
    14599 : B9;
    14600 : B9;
    14601 : B8;
    14602 : B9;
    14603 : B8;
    14604 : B8;
    14605 : B8;
    14606 : B9;
    14607 : B9;
    14608 : 69;
    14609 : DF;
    14610 : 9B;
    14611 : 9B;
    14612 : DE;
    14613 : E8;
    14614 : B9;
    14615 : BB;
    14616 : FE;
    14617 : E5;
    14618 : B1;
    14619 : CD;
    14620 : D5;
    14621 : E8;
    14622 : C0;
    14623 : BA;
    14624 : 0B;
    14625 : F7;
    14626 : BB;
    14627 : 9F;
    14628 : B6;
    14629 : B9;
    14630 : C0;
    14631 : BA;
    14632 : 03;
    14633 : CD;
    14634 : 9F;
    14635 : 9F;
    14636 : BA;
    14637 : BA;
    14638 : C0;
    14639 : B9;
    14640 : 13;
    14641 : F7;
    14642 : BB;
    14643 : B1;
    14644 : B6;
    14645 : B9;
    14646 : B9;
    14647 : B9;
    14648 : FC;
    14649 : B6;
    14650 : 9D;
    14651 : DF;
    14652 : B8;
    14653 : BF;
    14654 : B9;
    14655 : BA;
    14656 : D3;
    14657 : D3;
    14658 : D3;
    14659 : AD;
    14660 : AD;
    14661 : 71;
    14662 : E1;
    14663 : 13;
    14664 : AD;
    14665 : AD;
    14666 : AD;
    14667 : AD;
    14668 : AD;
    14669 : 3C;
    14670 : 9A;
    14671 : 05;
    14672 : AD;
    14673 : AD;
    14674 : AD;
    14675 : AD;
    14676 : D3;
    14677 : A8;
    14678 : D9;
    14679 : 14;
    14680 : AE;
    14681 : 82;
    14682 : 82;
    14683 : D3;
    14684 : 81;
    14685 : D2;
    14686 : AD;
    14687 : F2;
    14688 : AC;
    14689 : 80;
    14690 : 7F;
    14691 : 7E;
    14692 : AB;
    14693 : AB;
    14694 : AB;
    14695 : 68;
    14696 : CB;
    14697 : A8;
    14698 : A8;
    14699 : A8;
    14700 : 7C;
    14701 : CB;
    14702 : AB;
    14703 : AC;
    14704 : A8;
    14705 : 89;
    14706 : A8;
    14707 : 7C;
    14708 : 7E;
    14709 : AB;
    14710 : AB;
    14711 : AC;
    14712 : 89;
    14713 : A8;
    14714 : 71;
    14715 : 81;
    14716 : B4;
    14717 : D3;
    14718 : AB;
    14719 : 80;
    14720 : B9;
    14721 : B9;
    14722 : B9;
    14723 : B9;
    14724 : B9;
    14725 : B9;
    14726 : B9;
    14727 : E9;
    14728 : B9;
    14729 : B9;
    14730 : B9;
    14731 : B9;
    14732 : B9;
    14733 : B9;
    14734 : B9;
    14735 : E9;
    14736 : B9;
    14737 : B9;
    14738 : B9;
    14739 : B9;
    14740 : B9;
    14741 : B9;
    14742 : B9;
    14743 : E9;
    14744 : 95;
    14745 : 9E;
    14746 : B9;
    14747 : B9;
    14748 : B9;
    14749 : B9;
    14750 : B6;
    14751 : 9C;
    14752 : E9;
    14753 : 9E;
    14754 : B9;
    14755 : 9E;
    14756 : 9E;
    14757 : 9E;
    14758 : F7;
    14759 : FF;
    14760 : B9;
    14761 : 9E;
    14762 : 9E;
    14763 : B9;
    14764 : E9;
    14765 : 83;
    14766 : 94;
    14767 : 11;
    14768 : B9;
    14769 : B9;
    14770 : 95;
    14771 : E9;
    14772 : F4;
    14773 : 83;
    14774 : 1B;
    14775 : 01;
    14776 : F4;
    14777 : E9;
    14778 : B9;
    14779 : F4;
    14780 : F4;
    14781 : E8;
    14782 : 9F;
    14783 : 13;
    14784 : 7B;
    14785 : 7B;
    14786 : 7B;
    14787 : 7B;
    14788 : 7B;
    14789 : 8B;
    14790 : B2;
    14791 : B2;
    14792 : 88;
    14793 : 88;
    14794 : 7B;
    14795 : 7B;
    14796 : 8B;
    14797 : 8B;
    14798 : 8B;
    14799 : 8B;
    14800 : 7B;
    14801 : 7B;
    14802 : 7B;
    14803 : 7B;
    14804 : 7B;
    14805 : 7B;
    14806 : 7B;
    14807 : 7B;
    14808 : 6E;
    14809 : 6F;
    14810 : 6D;
    14811 : 6F;
    14812 : 7B;
    14813 : 7B;
    14814 : 7B;
    14815 : 7B;
    14816 : 6F;
    14817 : 6F;
    14818 : CB;
    14819 : 68;
    14820 : 3C;
    14821 : 6C;
    14822 : 6C;
    14823 : 6C;
    14824 : C7;
    14825 : C5;
    14826 : 71;
    14827 : 6F;
    14828 : 6E;
    14829 : 7B;
    14830 : 7B;
    14831 : 7B;
    14832 : 67;
    14833 : 35;
    14834 : 65;
    14835 : 67;
    14836 : 6F;
    14837 : 7D;
    14838 : 7D;
    14839 : 7D;
    14840 : 1C;
    14841 : 01;
    14842 : 0A;
    14843 : FB;
    14844 : 3C;
    14845 : 89;
    14846 : 89;
    14847 : 89;
    14848 : 07;
    14849 : 07;
    14850 : 0C;
    14851 : 0E;
    14852 : 0E;
    14853 : 0D;
    14854 : 0D;
    14855 : 0E;
    14856 : 06;
    14857 : 0E;
    14858 : 0D;
    14859 : 0E;
    14860 : 0E;
    14861 : 0D;
    14862 : 0C;
    14863 : 0C;
    14864 : 07;
    14865 : 0C;
    14866 : 0C;
    14867 : 0E;
    14868 : 0E;
    14869 : 0E;
    14870 : 0D;
    14871 : 0D;
    14872 : 0C;
    14873 : 07;
    14874 : 07;
    14875 : 0E;
    14876 : 0E;
    14877 : 0F;
    14878 : 0E;
    14879 : 0F;
    14880 : 0C;
    14881 : 0D;
    14882 : 0D;
    14883 : 0F;
    14884 : 0F;
    14885 : 0F;
    14886 : 0F;
    14887 : 0F;
    14888 : 0D;
    14889 : 0E;
    14890 : 0E;
    14891 : 0D;
    14892 : 0D;
    14893 : 0E;
    14894 : 0D;
    14895 : 0F;
    14896 : 0D;
    14897 : 0E;
    14898 : 0E;
    14899 : 0E;
    14900 : 0E;
    14901 : 0E;
    14902 : 0D;
    14903 : 0E;
    14904 : 0C;
    14905 : 0C;
    14906 : 0C;
    14907 : 0C;
    14908 : 0C;
    14909 : 0D;
    14910 : 0C;
    14911 : 0C;
    14912 : 14;
    14913 : 63;
    14914 : C6;
    14915 : A9;
    14916 : AC;
    14917 : 7F;
    14918 : CB;
    14919 : AB;
    14920 : 00;
    14921 : 0A;
    14922 : FC;
    14923 : 39;
    14924 : AD;
    14925 : 6B;
    14926 : 6D;
    14927 : AB;
    14928 : 06;
    14929 : 11;
    14930 : F5;
    14931 : 82;
    14932 : 81;
    14933 : 6B;
    14934 : 65;
    14935 : 71;
    14936 : FC;
    14937 : F6;
    14938 : 51;
    14939 : B4;
    14940 : 8F;
    14941 : 7D;
    14942 : 81;
    14943 : D4;
    14944 : 72;
    14945 : 82;
    14946 : D3;
    14947 : 8F;
    14948 : AB;
    14949 : AB;
    14950 : AD;
    14951 : AE;
    14952 : D3;
    14953 : 81;
    14954 : AB;
    14955 : AB;
    14956 : AB;
    14957 : AB;
    14958 : AC;
    14959 : AD;
    14960 : AE;
    14961 : AD;
    14962 : AC;
    14963 : AB;
    14964 : AB;
    14965 : AB;
    14966 : AC;
    14967 : AE;
    14968 : AE;
    14969 : AE;
    14970 : 81;
    14971 : AB;
    14972 : AC;
    14973 : AC;
    14974 : 81;
    14975 : 82;
    14976 : D4;
    14977 : D4;
    14978 : 82;
    14979 : 65;
    14980 : FD;
    14981 : 11;
    14982 : 05;
    14983 : 13;
    14984 : D3;
    14985 : D3;
    14986 : 81;
    14987 : 35;
    14988 : FF;
    14989 : 06;
    14990 : 00;
    14991 : 0B;
    14992 : D2;
    14993 : D2;
    14994 : 80;
    14995 : 65;
    14996 : CD;
    14997 : 1B;
    14998 : 13;
    14999 : 1B;
    15000 : AB;
    15001 : AB;
    15002 : 7F;
    15003 : 70;
    15004 : A6;
    15005 : C6;
    15006 : F1;
    15007 : C9;
    15008 : A8;
    15009 : A8;
    15010 : A8;
    15011 : 7F;
    15012 : A8;
    15013 : 65;
    15014 : 65;
    15015 : 71;
    15016 : A8;
    15017 : A8;
    15018 : A8;
    15019 : A8;
    15020 : A7;
    15021 : A7;
    15022 : 7C;
    15023 : 7F;
    15024 : A7;
    15025 : A7;
    15026 : A7;
    15027 : 6D;
    15028 : A7;
    15029 : 86;
    15030 : A7;
    15031 : 80;
    15032 : A7;
    15033 : 6D;
    15034 : 71;
    15035 : C5;
    15036 : C5;
    15037 : 6F;
    15038 : 71;
    15039 : 71;
    15040 : B9;
    15041 : B9;
    15042 : B9;
    15043 : B9;
    15044 : B9;
    15045 : B9;
    15046 : B9;
    15047 : B9;
    15048 : E7;
    15049 : A1;
    15050 : A0;
    15051 : D5;
    15052 : B6;
    15053 : B6;
    15054 : B9;
    15055 : B9;
    15056 : A1;
    15057 : BD;
    15058 : BD;
    15059 : DC;
    15060 : D5;
    15061 : D5;
    15062 : B9;
    15063 : B9;
    15064 : DF;
    15065 : F6;
    15066 : BE;
    15067 : B8;
    15068 : B9;
    15069 : BA;
    15070 : C0;
    15071 : C0;
    15072 : CD;
    15073 : 9C;
    15074 : F7;
    15075 : 9F;
    15076 : 9C;
    15077 : 9F;
    15078 : A2;
    15079 : A2;
    15080 : C8;
    15081 : C8;
    15082 : C8;
    15083 : FE;
    15084 : FF;
    15085 : FE;
    15086 : BC;
    15087 : A2;
    15088 : CF;
    15089 : F7;
    15090 : 63;
    15091 : 11;
    15092 : 0B;
    15093 : 11;
    15094 : F7;
    15095 : C8;
    15096 : BC;
    15097 : 9B;
    15098 : C2;
    15099 : 04;
    15100 : 00;
    15101 : 05;
    15102 : FD;
    15103 : C2;
    15104 : E5;
    15105 : DF;
    15106 : B1;
    15107 : B1;
    15108 : B9;
    15109 : B9;
    15110 : B9;
    15111 : B9;
    15112 : CD;
    15113 : C8;
    15114 : FC;
    15115 : E5;
    15116 : 9D;
    15117 : B9;
    15118 : B9;
    15119 : B9;
    15120 : 69;
    15121 : C6;
    15122 : 11;
    15123 : 12;
    15124 : F7;
    15125 : 9E;
    15126 : B9;
    15127 : B9;
    15128 : FC;
    15129 : 14;
    15130 : 05;
    15131 : 11;
    15132 : FC;
    15133 : 9E;
    15134 : B9;
    15135 : B9;
    15136 : 83;
    15137 : C6;
    15138 : CF;
    15139 : E5;
    15140 : CD;
    15141 : B9;
    15142 : B9;
    15143 : B9;
    15144 : B9;
    15145 : DF;
    15146 : 9D;
    15147 : 95;
    15148 : B9;
    15149 : B9;
    15150 : B9;
    15151 : B9;
    15152 : B9;
    15153 : B9;
    15154 : B9;
    15155 : B9;
    15156 : B9;
    15157 : B9;
    15158 : B9;
    15159 : B9;
    15160 : B9;
    15161 : B9;
    15162 : B9;
    15163 : B9;
    15164 : B9;
    15165 : B9;
    15166 : B9;
    15167 : B9;
    15168 : 07;
    15169 : 0A;
    15170 : 05;
    15171 : 06;
    15172 : 05;
    15173 : 0D;
    15174 : 0E;
    15175 : 0D;
    15176 : 0C;
    15177 : 0C;
    15178 : 0B;
    15179 : 0B;
    15180 : 06;
    15181 : 07;
    15182 : 0D;
    15183 : 0D;
    15184 : 0C;
    15185 : 0C;
    15186 : 0E;
    15187 : 0D;
    15188 : 07;
    15189 : 06;
    15190 : 0D;
    15191 : 0D;
    15192 : 0D;
    15193 : 0D;
    15194 : 0D;
    15195 : 0D;
    15196 : 0D;
    15197 : 0D;
    15198 : 0D;
    15199 : 0D;
    15200 : 0E;
    15201 : 0D;
    15202 : 0D;
    15203 : 0E;
    15204 : 0E;
    15205 : 0E;
    15206 : 0E;
    15207 : 0E;
    15208 : 0E;
    15209 : 0D;
    15210 : 0D;
    15211 : 0E;
    15212 : 17;
    15213 : 17;
    15214 : 17;
    15215 : 17;
    15216 : 0E;
    15217 : 0E;
    15218 : 15;
    15219 : 15;
    15220 : 17;
    15221 : 16;
    15222 : 16;
    15223 : 17;
    15224 : 17;
    15225 : 17;
    15226 : 17;
    15227 : 17;
    15228 : 17;
    15229 : 17;
    15230 : 17;
    15231 : 17;
    15232 : 9F;
    15233 : 69;
    15234 : A4;
    15235 : A5;
    15236 : CE;
    15237 : CB;
    15238 : 6D;
    15239 : 6D;
    15240 : C8;
    15241 : FC;
    15242 : FE;
    15243 : FC;
    15244 : C9;
    15245 : C4;
    15246 : A6;
    15247 : 71;
    15248 : F8;
    15249 : 0B;
    15250 : 03;
    15251 : 05;
    15252 : 1B;
    15253 : C6;
    15254 : 72;
    15255 : 82;
    15256 : F8;
    15257 : 11;
    15258 : 03;
    15259 : 0A;
    15260 : 37;
    15261 : 69;
    15262 : 72;
    15263 : 72;
    15264 : 7D;
    15265 : F8;
    15266 : FB;
    15267 : FB;
    15268 : D4;
    15269 : 81;
    15270 : 82;
    15271 : 82;
    15272 : 78;
    15273 : 7E;
    15274 : 35;
    15275 : 35;
    15276 : 68;
    15277 : D3;
    15278 : D3;
    15279 : 68;
    15280 : 73;
    15281 : 6D;
    15282 : 68;
    15283 : 68;
    15284 : 7F;
    15285 : AB;
    15286 : AB;
    15287 : D1;
    15288 : 73;
    15289 : 6D;
    15290 : 70;
    15291 : 68;
    15292 : 70;
    15293 : 7F;
    15294 : 70;
    15295 : 70;
    15296 : F3;
    15297 : F3;
    15298 : DE;
    15299 : B9;
    15300 : B9;
    15301 : B9;
    15302 : B8;
    15303 : B5;
    15304 : EF;
    15305 : EE;
    15306 : DC;
    15307 : DB;
    15308 : B5;
    15309 : DE;
    15310 : B8;
    15311 : 96;
    15312 : F3;
    15313 : EF;
    15314 : AD;
    15315 : D8;
    15316 : ED;
    15317 : ED;
    15318 : 8F;
    15319 : 8F;
    15320 : F0;
    15321 : F0;
    15322 : D6;
    15323 : 64;
    15324 : E4;
    15325 : B0;
    15326 : 82;
    15327 : 81;
    15328 : EF;
    15329 : DD;
    15330 : C8;
    15331 : F7;
    15332 : CF;
    15333 : FC;
    15334 : C6;
    15335 : 72;
    15336 : D6;
    15337 : 98;
    15338 : FF;
    15339 : 06;
    15340 : 01;
    15341 : 0A;
    15342 : E5;
    15343 : 64;
    15344 : AC;
    15345 : A5;
    15346 : F7;
    15347 : 11;
    15348 : 0B;
    15349 : 12;
    15350 : D7;
    15351 : 64;
    15352 : 7F;
    15353 : AB;
    15354 : 64;
    15355 : FB;
    15356 : FB;
    15357 : FA;
    15358 : 82;
    15359 : 47;
    15360 : 57;
    15361 : 57;
    15362 : 4F;
    15363 : 57;
    15364 : 57;
    15365 : 57;
    15366 : 57;
    15367 : 57;
    15368 : 60;
    15369 : 5A;
    15370 : 61;
    15371 : 4B;
    15372 : 4F;
    15373 : 5F;
    15374 : 43;
    15375 : 43;
    15376 : 33;
    15377 : 61;
    15378 : 62;
    15379 : 5D;
    15380 : 3C;
    15381 : 50;
    15382 : 50;
    15383 : 88;
    15384 : 82;
    15385 : 37;
    15386 : 1B;
    15387 : 3D;
    15388 : D8;
    15389 : 3C;
    15390 : 88;
    15391 : 3C;
    15392 : 14;
    15393 : 03;
    15394 : 01;
    15395 : 0B;
    15396 : ED;
    15397 : 3C;
    15398 : 3C;
    15399 : 3C;
    15400 : 14;
    15401 : 05;
    15402 : 03;
    15403 : 11;
    15404 : 5E;
    15405 : 8E;
    15406 : 3C;
    15407 : 50;
    15408 : DA;
    15409 : FC;
    15410 : F7;
    15411 : FA;
    15412 : 4F;
    15413 : 50;
    15414 : 91;
    15415 : 3C;
    15416 : 33;
    15417 : 33;
    15418 : 5D;
    15419 : 43;
    15420 : 36;
    15421 : 45;
    15422 : 50;
    15423 : 3C;
    15424 : 9E;
    15425 : F4;
    15426 : F9;
    15427 : FC;
    15428 : E9;
    15429 : E9;
    15430 : B9;
    15431 : B9;
    15432 : EB;
    15433 : 9E;
    15434 : 14;
    15435 : 69;
    15436 : F9;
    15437 : E9;
    15438 : B9;
    15439 : B9;
    15440 : FC;
    15441 : 1B;
    15442 : 06;
    15443 : 14;
    15444 : FC;
    15445 : B9;
    15446 : B9;
    15447 : B9;
    15448 : F4;
    15449 : 95;
    15450 : 35;
    15451 : 83;
    15452 : E9;
    15453 : B9;
    15454 : B9;
    15455 : B9;
    15456 : B9;
    15457 : E9;
    15458 : F9;
    15459 : E9;
    15460 : B9;
    15461 : B9;
    15462 : B9;
    15463 : B9;
    15464 : F4;
    15465 : E9;
    15466 : B9;
    15467 : E9;
    15468 : B9;
    15469 : B9;
    15470 : B9;
    15471 : B9;
    15472 : 9E;
    15473 : 9E;
    15474 : 9E;
    15475 : B9;
    15476 : B9;
    15477 : B9;
    15478 : B9;
    15479 : B9;
    15480 : B9;
    15481 : B9;
    15482 : B9;
    15483 : B9;
    15484 : B9;
    15485 : B9;
    15486 : B9;
    15487 : B9;
    15488 : 27;
    15489 : 27;
    15490 : 27;
    15491 : 27;
    15492 : 27;
    15493 : 27;
    15494 : 27;
    15495 : 2A;
    15496 : 27;
    15497 : 27;
    15498 : 2A;
    15499 : 2A;
    15500 : 2A;
    15501 : 28;
    15502 : 28;
    15503 : 2A;
    15504 : 28;
    15505 : 2A;
    15506 : 2A;
    15507 : 2A;
    15508 : 2A;
    15509 : 2A;
    15510 : 28;
    15511 : 29;
    15512 : 27;
    15513 : 28;
    15514 : 2A;
    15515 : 2A;
    15516 : 2A;
    15517 : 2A;
    15518 : 2A;
    15519 : 29;
    15520 : 27;
    15521 : 28;
    15522 : 2A;
    15523 : 2A;
    15524 : 2A;
    15525 : 2A;
    15526 : 2A;
    15527 : 28;
    15528 : 27;
    15529 : 28;
    15530 : 2A;
    15531 : 2A;
    15532 : 2A;
    15533 : 2A;
    15534 : 28;
    15535 : 2A;
    15536 : 27;
    15537 : 28;
    15538 : 2A;
    15539 : 2A;
    15540 : 2A;
    15541 : 28;
    15542 : 29;
    15543 : 28;
    15544 : 27;
    15545 : 28;
    15546 : 2A;
    15547 : 2A;
    15548 : 28;
    15549 : 28;
    15550 : 2A;
    15551 : 2A;
    15552 : 66;
    15553 : 3B;
    15554 : 3F;
    15555 : 3F;
    15556 : 3F;
    15557 : 3F;
    15558 : 3F;
    15559 : 3F;
    15560 : 36;
    15561 : 6A;
    15562 : 3F;
    15563 : 3F;
    15564 : 3F;
    15565 : 3F;
    15566 : 3F;
    15567 : 3F;
    15568 : 48;
    15569 : 58;
    15570 : 3F;
    15571 : 3F;
    15572 : 3F;
    15573 : 3F;
    15574 : 3F;
    15575 : 3F;
    15576 : 3E;
    15577 : 84;
    15578 : 3F;
    15579 : 73;
    15580 : 73;
    15581 : 73;
    15582 : 3F;
    15583 : 3F;
    15584 : 5C;
    15585 : 58;
    15586 : 73;
    15587 : 73;
    15588 : 73;
    15589 : 73;
    15590 : 3F;
    15591 : 3F;
    15592 : 56;
    15593 : 38;
    15594 : 25;
    15595 : 3A;
    15596 : 48;
    15597 : 3B;
    15598 : 38;
    15599 : 38;
    15600 : 50;
    15601 : F8;
    15602 : FB;
    15603 : F8;
    15604 : 3B;
    15605 : 3B;
    15606 : 3E;
    15607 : 3E;
    15608 : E3;
    15609 : 11;
    15610 : 06;
    15611 : 11;
    15612 : 1D;
    15613 : 3B;
    15614 : 3A;
    15615 : 3E;
    15616 : D9;
    15617 : D9;
    15618 : D9;
    15619 : D9;
    15620 : 98;
    15621 : D9;
    15622 : EE;
    15623 : 93;
    15624 : D9;
    15625 : D9;
    15626 : DA;
    15627 : 98;
    15628 : D9;
    15629 : DA;
    15630 : 98;
    15631 : F9;
    15632 : D9;
    15633 : D9;
    15634 : D9;
    15635 : D9;
    15636 : D9;
    15637 : 98;
    15638 : F9;
    15639 : 14;
    15640 : D9;
    15641 : D9;
    15642 : D9;
    15643 : DA;
    15644 : DA;
    15645 : D9;
    15646 : FC;
    15647 : 12;
    15648 : D9;
    15649 : D9;
    15650 : DA;
    15651 : DA;
    15652 : DB;
    15653 : B5;
    15654 : DD;
    15655 : 93;
    15656 : D9;
    15657 : DA;
    15658 : DA;
    15659 : 93;
    15660 : 83;
    15661 : 9B;
    15662 : DD;
    15663 : B5;
    15664 : 9A;
    15665 : 9A;
    15666 : F3;
    15667 : FC;
    15668 : FC;
    15669 : F3;
    15670 : BE;
    15671 : B5;
    15672 : C4;
    15673 : F1;
    15674 : 1B;
    15675 : 0A;
    15676 : 0B;
    15677 : 35;
    15678 : BE;
    15679 : 9A;
    15680 : B9;
    15681 : B9;
    15682 : B9;
    15683 : B9;
    15684 : B9;
    15685 : B9;
    15686 : B9;
    15687 : B9;
    15688 : B9;
    15689 : B9;
    15690 : B9;
    15691 : B9;
    15692 : B9;
    15693 : B9;
    15694 : B9;
    15695 : B9;
    15696 : B9;
    15697 : B9;
    15698 : B9;
    15699 : B9;
    15700 : B9;
    15701 : B9;
    15702 : B9;
    15703 : B9;
    15704 : E9;
    15705 : E9;
    15706 : E9;
    15707 : E9;
    15708 : E9;
    15709 : B9;
    15710 : B9;
    15711 : B9;
    15712 : E9;
    15713 : E9;
    15714 : B9;
    15715 : B9;
    15716 : B9;
    15717 : B9;
    15718 : B9;
    15719 : B9;
    15720 : E9;
    15721 : E9;
    15722 : F9;
    15723 : FC;
    15724 : F9;
    15725 : B9;
    15726 : B9;
    15727 : B9;
    15728 : CD;
    15729 : EB;
    15730 : 37;
    15731 : 1B;
    15732 : 37;
    15733 : B9;
    15734 : B9;
    15735 : B9;
    15736 : C8;
    15737 : FD;
    15738 : 05;
    15739 : 00;
    15740 : 0A;
    15741 : FC;
    15742 : 9E;
    15743 : B9;
    15744 : B9;
    15745 : B9;
    15746 : B9;
    15747 : B9;
    15748 : B9;
    15749 : B9;
    15750 : B9;
    15751 : B9;
    15752 : B9;
    15753 : B9;
    15754 : B9;
    15755 : B9;
    15756 : B9;
    15757 : B9;
    15758 : 9E;
    15759 : E9;
    15760 : B9;
    15761 : B9;
    15762 : F4;
    15763 : B9;
    15764 : B9;
    15765 : DF;
    15766 : 9E;
    15767 : F4;
    15768 : B9;
    15769 : B9;
    15770 : E9;
    15771 : B9;
    15772 : 83;
    15773 : 83;
    15774 : B6;
    15775 : DF;
    15776 : B9;
    15777 : E9;
    15778 : 83;
    15779 : 95;
    15780 : B9;
    15781 : E9;
    15782 : 95;
    15783 : 69;
    15784 : B9;
    15785 : B9;
    15786 : E9;
    15787 : B9;
    15788 : 9E;
    15789 : FC;
    15790 : 05;
    15791 : 03;
    15792 : B9;
    15793 : B9;
    15794 : B9;
    15795 : 9E;
    15796 : 83;
    15797 : FC;
    15798 : 05;
    15799 : 03;
    15800 : B9;
    15801 : B9;
    15802 : B9;
    15803 : F9;
    15804 : B9;
    15805 : 83;
    15806 : B6;
    15807 : EB;
    15808 : E9;
    15809 : E9;
    15810 : E9;
    15811 : E9;
    15812 : E9;
    15813 : E9;
    15814 : E9;
    15815 : E9;
    15816 : E9;
    15817 : E9;
    15818 : E9;
    15819 : E9;
    15820 : E9;
    15821 : E9;
    15822 : E9;
    15823 : E9;
    15824 : E9;
    15825 : E9;
    15826 : E9;
    15827 : E9;
    15828 : B9;
    15829 : B9;
    15830 : F3;
    15831 : C0;
    15832 : E9;
    15833 : E9;
    15834 : E9;
    15835 : F4;
    15836 : CD;
    15837 : F4;
    15838 : F9;
    15839 : F9;
    15840 : E9;
    15841 : 9E;
    15842 : FE;
    15843 : 13;
    15844 : 01;
    15845 : 1B;
    15846 : F9;
    15847 : 9E;
    15848 : E9;
    15849 : B9;
    15850 : FC;
    15851 : 1B;
    15852 : 0B;
    15853 : 69;
    15854 : F9;
    15855 : F4;
    15856 : F3;
    15857 : E8;
    15858 : BE;
    15859 : F9;
    15860 : FE;
    15861 : E5;
    15862 : F9;
    15863 : EA;
    15864 : E8;
    15865 : E7;
    15866 : E7;
    15867 : B5;
    15868 : 83;
    15869 : DF;
    15870 : E9;
    15871 : C1;
    15872 : B5;
    15873 : DB;
    15874 : B5;
    15875 : C6;
    15876 : 0B;
    15877 : 0A;
    15878 : 14;
    15879 : F9;
    15880 : 98;
    15881 : DA;
    15882 : B5;
    15883 : F9;
    15884 : FE;
    15885 : FE;
    15886 : F6;
    15887 : 72;
    15888 : 98;
    15889 : DB;
    15890 : DC;
    15891 : B5;
    15892 : 9B;
    15893 : 9A;
    15894 : 72;
    15895 : 9A;
    15896 : D9;
    15897 : DB;
    15898 : B8;
    15899 : 9E;
    15900 : B5;
    15901 : B5;
    15902 : DA;
    15903 : DA;
    15904 : D9;
    15905 : DC;
    15906 : B8;
    15907 : B5;
    15908 : DA;
    15909 : D9;
    15910 : DA;
    15911 : A0;
    15912 : DB;
    15913 : DC;
    15914 : DE;
    15915 : BE;
    15916 : D9;
    15917 : D4;
    15918 : D9;
    15919 : A0;
    15920 : DC;
    15921 : F3;
    15922 : F0;
    15923 : DC;
    15924 : DA;
    15925 : D9;
    15926 : D9;
    15927 : DA;
    15928 : B5;
    15929 : EE;
    15930 : DC;
    15931 : B5;
    15932 : DA;
    15933 : D9;
    15934 : D4;
    15935 : D4;
    15936 : B9;
    15937 : B9;
    15938 : B9;
    15939 : B9;
    15940 : B9;
    15941 : B9;
    15942 : B9;
    15943 : B9;
    15944 : E9;
    15945 : E9;
    15946 : E9;
    15947 : E9;
    15948 : E9;
    15949 : E9;
    15950 : E9;
    15951 : E9;
    15952 : E9;
    15953 : E9;
    15954 : E9;
    15955 : E9;
    15956 : E9;
    15957 : E9;
    15958 : E9;
    15959 : EA;
    15960 : E9;
    15961 : E9;
    15962 : E9;
    15963 : E9;
    15964 : E9;
    15965 : E9;
    15966 : E9;
    15967 : EA;
    15968 : B6;
    15969 : C0;
    15970 : F4;
    15971 : B9;
    15972 : DF;
    15973 : EB;
    15974 : B6;
    15975 : C0;
    15976 : FC;
    15977 : FC;
    15978 : BE;
    15979 : 9B;
    15980 : F4;
    15981 : F7;
    15982 : 9C;
    15983 : F4;
    15984 : 0A;
    15985 : 1B;
    15986 : F5;
    15987 : EF;
    15988 : A0;
    15989 : 9A;
    15990 : 96;
    15991 : 94;
    15992 : 05;
    15993 : 05;
    15994 : 03;
    15995 : 12;
    15996 : FE;
    15997 : A0;
    15998 : 93;
    15999 : E7;
    16000 : B9;
    16001 : B9;
    16002 : B9;
    16003 : 95;
    16004 : 95;
    16005 : FC;
    16006 : 13;
    16007 : 14;
    16008 : B9;
    16009 : B9;
    16010 : B9;
    16011 : B9;
    16012 : 83;
    16013 : FF;
    16014 : 06;
    16015 : 0B;
    16016 : B9;
    16017 : B9;
    16018 : B9;
    16019 : E9;
    16020 : E9;
    16021 : F4;
    16022 : 37;
    16023 : 69;
    16024 : B9;
    16025 : B9;
    16026 : B9;
    16027 : E9;
    16028 : B9;
    16029 : B9;
    16030 : E9;
    16031 : F4;
    16032 : B9;
    16033 : B9;
    16034 : B9;
    16035 : B9;
    16036 : B9;
    16037 : B9;
    16038 : 9E;
    16039 : B9;
    16040 : B9;
    16041 : B9;
    16042 : B9;
    16043 : B9;
    16044 : B9;
    16045 : B9;
    16046 : B9;
    16047 : B9;
    16048 : B9;
    16049 : B9;
    16050 : B9;
    16051 : B9;
    16052 : B9;
    16053 : B9;
    16054 : B9;
    16055 : B9;
    16056 : B9;
    16057 : B9;
    16058 : B9;
    16059 : B9;
    16060 : B9;
    16061 : B9;
    16062 : B9;
    16063 : B9;
    16064 : 6E;
    16065 : 8C;
    16066 : 8B;
    16067 : 6B;
    16068 : 77;
    16069 : 77;
    16070 : 77;
    16071 : 77;
    16072 : 7F;
    16073 : 80;
    16074 : 7E;
    16075 : 78;
    16076 : 77;
    16077 : 77;
    16078 : 77;
    16079 : 77;
    16080 : D1;
    16081 : 80;
    16082 : 7E;
    16083 : 89;
    16084 : 77;
    16085 : 77;
    16086 : 77;
    16087 : 77;
    16088 : E1;
    16089 : 81;
    16090 : AC;
    16091 : 8B;
    16092 : 89;
    16093 : 89;
    16094 : 8B;
    16095 : 8E;
    16096 : E1;
    16097 : 81;
    16098 : 70;
    16099 : 7A;
    16100 : 78;
    16101 : 78;
    16102 : 8B;
    16103 : 8A;
    16104 : E0;
    16105 : 70;
    16106 : 80;
    16107 : AE;
    16108 : 8A;
    16109 : 8F;
    16110 : 8A;
    16111 : 8A;
    16112 : AB;
    16113 : 71;
    16114 : 8C;
    16115 : B7;
    16116 : 83;
    16117 : 82;
    16118 : 70;
    16119 : 8F;
    16120 : 81;
    16121 : 7E;
    16122 : 80;
    16123 : 35;
    16124 : 0A;
    16125 : 05;
    16126 : 13;
    16127 : FA;
    16128 : DD;
    16129 : DD;
    16130 : DD;
    16131 : DD;
    16132 : 9F;
    16133 : BC;
    16134 : BC;
    16135 : BC;
    16136 : DD;
    16137 : DD;
    16138 : D5;
    16139 : DC;
    16140 : FC;
    16141 : FD;
    16142 : EC;
    16143 : BC;
    16144 : B5;
    16145 : F3;
    16146 : DD;
    16147 : 9B;
    16148 : 1B;
    16149 : 03;
    16150 : 01;
    16151 : 13;
    16152 : B5;
    16153 : F5;
    16154 : DD;
    16155 : DC;
    16156 : 14;
    16157 : 03;
    16158 : 03;
    16159 : 14;
    16160 : BE;
    16161 : DE;
    16162 : 9E;
    16163 : DD;
    16164 : EC;
    16165 : FD;
    16166 : FF;
    16167 : FC;
    16168 : B9;
    16169 : B9;
    16170 : B9;
    16171 : B9;
    16172 : A2;
    16173 : 94;
    16174 : 8E;
    16175 : 86;
    16176 : B9;
    16177 : B9;
    16178 : B9;
    16179 : B9;
    16180 : BF;
    16181 : BE;
    16182 : C0;
    16183 : CD;
    16184 : B9;
    16185 : B9;
    16186 : B9;
    16187 : B9;
    16188 : DC;
    16189 : DC;
    16190 : BC;
    16191 : BC;
    16192 : AD;
    16193 : AD;
    16194 : D2;
    16195 : E0;
    16196 : E0;
    16197 : E0;
    16198 : E0;
    16199 : D1;
    16200 : AD;
    16201 : AD;
    16202 : D2;
    16203 : E0;
    16204 : E0;
    16205 : E0;
    16206 : E0;
    16207 : E0;
    16208 : AD;
    16209 : AD;
    16210 : D2;
    16211 : E0;
    16212 : B3;
    16213 : B3;
    16214 : B3;
    16215 : E0;
    16216 : AE;
    16217 : AE;
    16218 : CE;
    16219 : CE;
    16220 : FA;
    16221 : F9;
    16222 : F9;
    16223 : D6;
    16224 : AF;
    16225 : 98;
    16226 : C4;
    16227 : C9;
    16228 : 14;
    16229 : 12;
    16230 : 14;
    16231 : F7;
    16232 : AF;
    16233 : 97;
    16234 : 69;
    16235 : FD;
    16236 : 03;
    16237 : 00;
    16238 : 01;
    16239 : 9C;
    16240 : AC;
    16241 : AF;
    16242 : 37;
    16243 : FD;
    16244 : 11;
    16245 : 0A;
    16246 : 11;
    16247 : 9F;
    16248 : 80;
    16249 : 81;
    16250 : C7;
    16251 : A7;
    16252 : C9;
    16253 : FE;
    16254 : FE;
    16255 : C4;
    16256 : 86;
    16257 : 86;
    16258 : 86;
    16259 : A7;
    16260 : 64;
    16261 : BC;
    16262 : 0B;
    16263 : 05;
    16264 : 7B;
    16265 : 79;
    16266 : 6A;
    16267 : 6B;
    16268 : 64;
    16269 : BC;
    16270 : 03;
    16271 : 00;
    16272 : 8A;
    16273 : 88;
    16274 : 78;
    16275 : 7C;
    16276 : 71;
    16277 : 72;
    16278 : 1B;
    16279 : 14;
    16280 : 51;
    16281 : 91;
    16282 : 88;
    16283 : 8B;
    16284 : 6D;
    16285 : 68;
    16286 : A5;
    16287 : D6;
    16288 : 91;
    16289 : 91;
    16290 : 88;
    16291 : 7A;
    16292 : 50;
    16293 : 6B;
    16294 : 6B;
    16295 : 46;
    16296 : 60;
    16297 : 90;
    16298 : 5F;
    16299 : 88;
    16300 : 50;
    16301 : 46;
    16302 : 46;
    16303 : 75;
    16304 : 5B;
    16305 : 90;
    16306 : 90;
    16307 : 88;
    16308 : 50;
    16309 : 50;
    16310 : 46;
    16311 : 6B;
    16312 : 78;
    16313 : 7B;
    16314 : 7B;
    16315 : 7B;
    16316 : 7B;
    16317 : 7B;
    16318 : 7B;
    16319 : 7B;
    16320 : B9;
    16321 : B9;
    16322 : B9;
    16323 : B9;
    16324 : B9;
    16325 : B9;
    16326 : B9;
    16327 : E9;
    16328 : B9;
    16329 : B9;
    16330 : B9;
    16331 : B9;
    16332 : B9;
    16333 : B9;
    16334 : B9;
    16335 : B9;
    16336 : B9;
    16337 : B9;
    16338 : B9;
    16339 : B9;
    16340 : B9;
    16341 : B9;
    16342 : B9;
    16343 : B9;
    16344 : B9;
    16345 : B9;
    16346 : B9;
    16347 : B9;
    16348 : B9;
    16349 : B9;
    16350 : B9;
    16351 : B9;
    16352 : B9;
    16353 : B9;
    16354 : B6;
    16355 : B6;
    16356 : DF;
    16357 : B6;
    16358 : 9D;
    16359 : 9E;
    16360 : B9;
    16361 : B6;
    16362 : DF;
    16363 : CD;
    16364 : 83;
    16365 : 69;
    16366 : DF;
    16367 : DF;
    16368 : B9;
    16369 : B9;
    16370 : F4;
    16371 : F9;
    16372 : 94;
    16373 : F7;
    16374 : 95;
    16375 : 69;
    16376 : B9;
    16377 : 9E;
    16378 : C1;
    16379 : 94;
    16380 : A1;
    16381 : FC;
    16382 : 06;
    16383 : 05;
END;
